Product,CVE Name,Publisher,CVE Severity,CVSS 3 Vector,In CISA  S KEV,CVE Publish Date,CVSS 3 Base Score,CVE Detected Date,CVSS 2 Base Score,Patch Release Date,Vulnerability Link,Vulnerability Summary,CVSS 3 Exploitability Score,Patch,Edition,Version,Endpoint,Sub Version,Organization,Product Raw Entry
.NET,CVE-2021-27434,Microsoft,High,CVSS:3.1/AV:N/AC:L/PR:N/UI:N/S:U/C:H/I:N/A:N,No,05/20/21 14:15:00,7.5,01/21/26 15:53:27,5,N/A,https://www.vicarius.io/vsociety/vulnerabilities/277232/CVE-2021-27434,"Products with Unified Automation .NET based OPC UA Client/Server SDK Bundle: Versions V3.0.7 and prior (.NET 4.5, 4.0, and 3.5 Framework versions only) are vulnerable to an uncontrolled recursion, which may allow an attacker to trigger a stack overflow.",3.9,,,4.0,CIPLL16-SURESH,*,Claimpower,Microsoft_.NET Framework 4.0 Full_4.0_x64_
Asp.net Core,CVE-2024-21386,Microsoft,High,CVSS:3.1/AV:N/AC:L/PR:N/UI:N/S:U/C:N/I:N/A:H,No,02/13/24 18:15:00,7.5,01/22/26 05:14:32,0,N/A,https://www.vicarius.io/vsociety/vulnerabilities/352339/CVE-2024-21386,.NET Denial of Service Vulnerability,3.9,,,7.0.10,CIPLL20-SHWETA,*,Claimpower,Microsoft Corporation_Microsoft ASP.NET Core 7.0.10 - Shared Framework (x86)_7.0.10.23364_x64_
.NET,CVE-2021-27434,Microsoft,High,CVSS:3.1/AV:N/AC:L/PR:N/UI:N/S:U/C:H/I:N/A:N,No,05/20/21 14:15:00,7.5,01/21/26 08:21:45,5,N/A,https://www.vicarius.io/vsociety/vulnerabilities/277232/CVE-2021-27434,"Products with Unified Automation .NET based OPC UA Client/Server SDK Bundle: Versions V3.0.7 and prior (.NET 4.5, 4.0, and 3.5 Framework versions only) are vulnerable to an uncontrolled recursion, which may allow an attacker to trigger a stack overflow.",3.9,,,4.0,CIPLL10-MUBINA,*,Claimpower,Microsoft_.NET Framework 4.0 Full_4.0_x64_
.NET,CVE-2021-27434,Microsoft,High,CVSS:3.1/AV:N/AC:L/PR:N/UI:N/S:U/C:H/I:N/A:N,No,05/20/21 14:15:00,7.5,01/22/26 06:55:46,5,N/A,https://www.vicarius.io/vsociety/vulnerabilities/277232/CVE-2021-27434,"Products with Unified Automation .NET based OPC UA Client/Server SDK Bundle: Versions V3.0.7 and prior (.NET 4.5, 4.0, and 3.5 Framework versions only) are vulnerable to an uncontrolled recursion, which may allow an attacker to trigger a stack overflow.",3.9,,,4.0,CIPLLP-RUNALI,*,Claimpower,Microsoft_.NET Framework 4.0 Full_4.0_x64_
.NET,CVE-2023-36049,Microsoft,Critical,CVSS:3.1/AV:N/AC:L/PR:N/UI:N/S:U/C:H/I:H/A:H,No,11/14/23 21:15:00,9.8,01/22/26 05:13:25,0,N/A,https://www.vicarius.io/vsociety/vulnerabilities/344796/CVE-2023-36049,".NET, .NET Framework, and Visual Studio Elevation of Privilege Vulnerability",3.9,,,7.0.10,CIPLL20-SHWETA,*,Claimpower,Microsoft Corporation_Microsoft .NET Runtime - 7.0.10 (x64)_56.43.64668_x64_
Asp.net Core,CVE-2025-26682,Microsoft,High,CVSS:3.1/AV:N/AC:L/PR:N/UI:N/S:U/C:N/I:N/A:H,No,04/08/25 18:15:00,7.5,01/22/26 06:57:21,0,N/A,https://www.vicarius.io/vsociety/vulnerabilities/402445/CVE-2025-26682,Allocation of resources without limits or throttling in ASP.NET Core allows an unauthorized attacker to deny service over a network.,3.9,,,8.0.6,CIPLLP-RUNALI,*,Claimpower,Microsoft Corporation_Microsoft ASP.NET Core 8.0.6 Targeting Pack (x64)_8.0.6.24269_x64_
SQL Server 2022,CVE-2025-49719,Microsoft,High,CVSS:3.1/AV:N/AC:L/PR:N/UI:N/S:U/C:H/I:N/A:N,No,07/08/25 17:15:00,7.5,01/21/26 04:06:32,0,N/A,https://www.vicarius.io/vsociety/vulnerabilities/414337/CVE-2025-49719,Improper input validation in SQL Server allows an unauthorized attacker to disclose information over a network.,3.9,,,16.0.1000.6,CIPLL23-SWAPNIL,*,Claimpower,Microsoft Corporation_Browser for SQL Server 2022_16.0.1000.6_x64_
Asp.net Core,CVE-2025-26682,Microsoft,High,CVSS:3.1/AV:N/AC:L/PR:N/UI:N/S:U/C:N/I:N/A:H,No,04/08/25 18:15:00,7.5,01/23/26 02:40:40,0,N/A,https://www.vicarius.io/vsociety/vulnerabilities/402445/CVE-2025-26682,Allocation of resources without limits or throttling in ASP.NET Core allows an unauthorized attacker to deny service over a network.,3.9,,,8.0.6,CIPLLP-POOJA,*,Claimpower,Microsoft Corporation_Microsoft ASP.NET Core 8.0.6 Targeting Pack (x64)_8.0.6.24269_x64_
SQL Server 2022,CVE-2025-55227,Microsoft,High,CVSS:3.1/AV:N/AC:L/PR:L/UI:N/S:U/C:H/I:H/A:H,No,09/09/25 17:16:00,8.8,01/21/26 04:06:32,0,N/A,https://www.vicarius.io/vsociety/vulnerabilities/422076/CVE-2025-55227,Improper neutralization of special elements used in a command (command injection) in SQL Server allows an authorized attacker to elevate privileges over a network.,2.8,,,16.0.1000.6,CIPLL23-SWAPNIL,*,Claimpower,Microsoft Corporation_Browser for SQL Server 2022_16.0.1000.6_x64_
SQL Server 2022,CVE-2025-53727,Microsoft,High,CVSS:3.1/AV:N/AC:L/PR:L/UI:N/S:U/C:H/I:H/A:H,No,08/12/25 18:15:00,8.8,01/21/26 04:06:32,0,N/A,https://www.vicarius.io/vsociety/vulnerabilities/418461/CVE-2025-53727,Improper neutralization of special elements used in an sql command (sql injection) in SQL Server allows an authorized attacker to elevate privileges over a network.,2.8,,,16.0.1000.6,CIPLL23-SWAPNIL,*,Claimpower,Microsoft Corporation_Browser for SQL Server 2022_16.0.1000.6_x64_
Asp.net Core,CVE-2025-24070,Microsoft,High,CVSS:3.1/AV:N/AC:H/PR:N/UI:N/S:U/C:L/I:L/A:H,No,03/11/25 17:16:00,7,01/23/26 02:40:40,0,N/A,https://www.vicarius.io/vsociety/vulnerabilities/397848/CVE-2025-24070,Weak authentication in ASP.NET Core &amp. Visual Studio allows an unauthorized attacker to elevate privileges over a network.,2.2,,,8.0.6,CIPLLP-POOJA,*,Claimpower,Microsoft Corporation_Microsoft ASP.NET Core 8.0.6 Targeting Pack (x64)_8.0.6.24269_x64_
Asp.net Core,CVE-2024-21404,Microsoft,High,CVSS:3.1/AV:N/AC:L/PR:N/UI:N/S:U/C:N/I:N/A:H,No,02/13/24 18:15:00,7.5,01/22/26 05:14:32,0,N/A,https://www.vicarius.io/vsociety/vulnerabilities/352328/CVE-2024-21404,.NET Denial of Service Vulnerability,3.9,,,7.0.10,CIPLL20-SHWETA,*,Claimpower,Microsoft Corporation_Microsoft ASP.NET Core 7.0.10 - Shared Framework (x86)_7.0.10.23364_x64_
SQL Server 2022,CVE-2025-49718,Microsoft,High,CVSS:3.1/AV:N/AC:L/PR:N/UI:N/S:U/C:H/I:N/A:N,No,07/08/25 17:15:00,7.5,01/21/26 04:06:32,0,N/A,https://www.vicarius.io/vsociety/vulnerabilities/414338/CVE-2025-49718,Use of uninitialized resource in SQL Server allows an unauthorized attacker to disclose information over a network.,3.9,,,16.0.1000.6,CIPLL23-SWAPNIL,*,Claimpower,Microsoft Corporation_Browser for SQL Server 2022_16.0.1000.6_x64_
SQL Server 2022,CVE-2025-49717,Microsoft,High,CVSS:3.1/AV:N/AC:H/PR:L/UI:N/S:C/C:H/I:H/A:H,No,07/08/25 17:15:00,8.5,01/21/26 04:06:32,0,N/A,https://www.vicarius.io/vsociety/vulnerabilities/414339/CVE-2025-49717,Heap-based buffer overflow in SQL Server allows an authorized attacker to execute code over a network.,1.8,,,16.0.1000.6,CIPLL23-SWAPNIL,*,Claimpower,Microsoft Corporation_Browser for SQL Server 2022_16.0.1000.6_x64_
Asp.net Core,CVE-2025-24070,Microsoft,High,CVSS:3.1/AV:N/AC:H/PR:N/UI:N/S:U/C:L/I:L/A:H,No,03/11/25 17:16:00,7,01/22/26 06:57:21,0,N/A,https://www.vicarius.io/vsociety/vulnerabilities/397848/CVE-2025-24070,Weak authentication in ASP.NET Core &amp. Visual Studio allows an unauthorized attacker to elevate privileges over a network.,2.2,,,8.0.6,CIPLLP-RUNALI,*,Claimpower,Microsoft Corporation_Microsoft ASP.NET Core 8.0.6 Targeting Pack (x64)_8.0.6.24269_x64_
.NET,CVE-2023-36435,Microsoft,High,CVSS:3.1/AV:N/AC:L/PR:N/UI:N/S:U/C:N/I:N/A:H,No,10/10/23 18:15:00,7.5,01/22/26 05:13:25,0,N/A,https://www.vicarius.io/vsociety/vulnerabilities/341519/CVE-2023-36435,Microsoft QUIC Denial of Service Vulnerability,3.9,,,7.0.10,CIPLL20-SHWETA,*,Claimpower,Microsoft Corporation_Microsoft .NET Runtime - 7.0.10 (x64)_56.43.64668_x64_
SQL Server 2022,CVE-2025-49759,Microsoft,High,CVSS:3.1/AV:N/AC:L/PR:L/UI:N/S:U/C:H/I:H/A:H,No,08/12/25 18:15:00,8.8,01/21/26 04:06:32,0,N/A,https://www.vicarius.io/vsociety/vulnerabilities/418520/CVE-2025-49759,Improper neutralization of special elements used in an sql command (sql injection) in SQL Server allows an authorized attacker to elevate privileges over a network.,2.8,,,16.0.1000.6,CIPLL23-SWAPNIL,*,Claimpower,Microsoft Corporation_Browser for SQL Server 2022_16.0.1000.6_x64_
SQL Server 2022,CVE-2025-49758,Microsoft,High,CVSS:3.1/AV:N/AC:L/PR:L/UI:N/S:U/C:H/I:H/A:H,No,08/12/25 18:15:00,8.8,01/21/26 04:06:32,0,N/A,https://www.vicarius.io/vsociety/vulnerabilities/418521/CVE-2025-49758,Improper neutralization of special elements used in an sql command (sql injection) in SQL Server allows an authorized attacker to elevate privileges over a network.,2.8,,,16.0.1000.6,CIPLL23-SWAPNIL,*,Claimpower,Microsoft Corporation_Browser for SQL Server 2022_16.0.1000.6_x64_
7-ZIP,CVE-2025-55188,7-ZIP,Low,CVSS:3.1/AV:L/AC:L/PR:N/UI:R/S:C/C:N/I:L/A:N,No,08/08/25 21:15:00,3.6,01/21/26 07:33:37,0,N/A,https://www.vicarius.io/vsociety/vulnerabilities/418091/CVE-2025-55188,7-Zip before 25.01 does not always properly handle symbolic links during extraction.,1.8,,,23.01,CIPLL10-MUBINA,*,Claimpower,Igor Pavlov_7-Zip 23.01 (x64 edition)_23.01.00.0_x64_
SQL Server 2022,CVE-2025-24999,Microsoft,High,CVSS:3.1/AV:N/AC:L/PR:L/UI:N/S:U/C:H/I:H/A:H,No,08/12/25 18:15:00,8.8,01/21/26 04:06:32,0,N/A,https://www.vicarius.io/vsociety/vulnerabilities/418542/CVE-2025-24999,Improper access control in SQL Server allows an authorized attacker to elevate privileges over a network.,2.8,,,16.0.1000.6,CIPLL23-SWAPNIL,*,Claimpower,Microsoft Corporation_Browser for SQL Server 2022_16.0.1000.6_x64_
SQL Server 2019,CVE-2024-28927,Microsoft,High,CVSS:3.1/AV:N/AC:L/PR:N/UI:R/S:U/C:H/I:H/A:H,No,04/09/24 17:15:00,8.8,01/22/26 05:15:17,0,N/A,https://www.vicarius.io/vsociety/vulnerabilities/358584/CVE-2024-28927,Microsoft OLE DB Driver for SQL Server Remote Code Execution Vulnerability,2.8,,,15.0.2000.5,CIPLL20-SHWETA,*,Claimpower,Microsoft Corporation_Microsoft System CLR Types for SQL Server 2019_15.0.2000.5_x64_
SQL Server 2019,CVE-2024-28926,Microsoft,High,CVSS:3.1/AV:N/AC:L/PR:N/UI:R/S:U/C:H/I:H/A:H,No,04/09/24 17:15:00,8.8,01/22/26 05:15:17,0,N/A,https://www.vicarius.io/vsociety/vulnerabilities/358585/CVE-2024-28926,Microsoft OLE DB Driver for SQL Server Remote Code Execution Vulnerability,2.8,,,15.0.2000.5,CIPLL20-SHWETA,*,Claimpower,Microsoft Corporation_Microsoft System CLR Types for SQL Server 2019_15.0.2000.5_x64_
SQL Server 2019,CVE-2025-55227,Microsoft,High,CVSS:3.1/AV:N/AC:L/PR:L/UI:N/S:U/C:H/I:H/A:H,No,09/09/25 17:16:00,8.8,01/22/26 05:13:43,0,N/A,https://www.vicarius.io/vsociety/vulnerabilities/422076/CVE-2025-55227,Improper neutralization of special elements used in a command (command injection) in SQL Server allows an authorized attacker to elevate privileges over a network.,2.8,,,15.0.4382.1,CIPLL20-SHWETA,*,Claimpower,Microsoft Corporation_Microsoft SQL Server 2019 LocalDB _15.0.4382.1_x64_
Asp.net Core,CVE-2023-44487,Microsoft,High,CVSS:3.1/AV:N/AC:L/PR:N/UI:N/S:U/C:N/I:N/A:H,Yes,10/10/23 14:15:00,7.5,01/22/26 05:14:32,0,N/A,https://www.vicarius.io/vsociety/vulnerabilities/341366/CVE-2023-44487,"The HTTP/2 protocol allows a denial of service (server resource consumption) because request cancellation can reset many streams quickly, as exploited in the wild in August through October 2023.",3.9,,,7.0.10,CIPLL20-SHWETA,*,Claimpower,Microsoft Corporation_Microsoft ASP.NET Core 7.0.10 - Shared Framework (x86)_7.0.10.23364_x64_
Asp.net Core,CVE-2025-26682,Microsoft,High,CVSS:3.1/AV:N/AC:L/PR:N/UI:N/S:U/C:N/I:N/A:H,No,04/08/25 18:15:00,7.5,01/21/26 07:33:37,0,N/A,https://www.vicarius.io/vsociety/vulnerabilities/402445/CVE-2025-26682,Allocation of resources without limits or throttling in ASP.NET Core allows an unauthorized attacker to deny service over a network.,3.9,,,8.0.6,CIPLL10-MUBINA,*,Claimpower,Microsoft Corporation_Microsoft ASP.NET Core 8.0.6 Targeting Pack (x64)_8.0.6.24269_x64_
Asp.net Core,CVE-2025-26682,Microsoft,High,CVSS:3.1/AV:N/AC:L/PR:N/UI:N/S:U/C:N/I:N/A:H,No,04/08/25 18:15:00,7.5,01/30/26 04:44:51,0,N/A,https://www.vicarius.io/vsociety/vulnerabilities/402445/CVE-2025-26682,Allocation of resources without limits or throttling in ASP.NET Core allows an unauthorized attacker to deny service over a network.,3.9,,,8.0.6,CIPLL25-NEHA,*,Claimpower,Microsoft Corporation_Microsoft ASP.NET Core 8.0.6 Targeting Pack (x64)_8.0.6.24269_x64_
SQL Server 2022,CVE-2024-21317,Microsoft,High,CVSS:3.1/AV:N/AC:L/PR:N/UI:R/S:U/C:H/I:H/A:H,No,07/09/24 17:15:00,8.8,01/21/26 04:06:32,0,N/A,https://www.vicarius.io/vsociety/vulnerabilities/372559/CVE-2024-21317,SQL Server Native Client OLE DB Provider Remote Code Execution Vulnerability,2.8,,,16.0.1000.6,CIPLL23-SWAPNIL,*,Claimpower,Microsoft Corporation_Browser for SQL Server 2022_16.0.1000.6_x64_
SQL Server 2022,CVE-2024-21373,Microsoft,High,CVSS:3.1/AV:N/AC:L/PR:N/UI:R/S:U/C:H/I:H/A:H,No,07/09/24 17:15:00,8.8,01/21/26 04:06:32,0,N/A,https://www.vicarius.io/vsociety/vulnerabilities/372554/CVE-2024-21373,SQL Server Native Client OLE DB Provider Remote Code Execution Vulnerability,2.8,,,16.0.1000.6,CIPLL23-SWAPNIL,*,Claimpower,Microsoft Corporation_Browser for SQL Server 2022_16.0.1000.6_x64_
SQL Server 2022,CVE-2024-21398,Microsoft,High,CVSS:3.1/AV:N/AC:L/PR:N/UI:R/S:U/C:H/I:H/A:H,No,07/09/24 17:15:00,8.8,01/21/26 04:06:32,0,N/A,https://www.vicarius.io/vsociety/vulnerabilities/372553/CVE-2024-21398,SQL Server Native Client OLE DB Provider Remote Code Execution Vulnerability,2.8,,,16.0.1000.6,CIPLL23-SWAPNIL,*,Claimpower,Microsoft Corporation_Browser for SQL Server 2022_16.0.1000.6_x64_
SQL Server 2022,CVE-2024-21332,Microsoft,High,CVSS:3.1/AV:N/AC:L/PR:N/UI:R/S:U/C:H/I:H/A:H,No,07/09/24 17:15:00,8.8,01/21/26 04:06:32,0,N/A,https://www.vicarius.io/vsociety/vulnerabilities/372557/CVE-2024-21332,SQL Server Native Client OLE DB Provider Remote Code Execution Vulnerability,2.8,,,16.0.1000.6,CIPLL23-SWAPNIL,*,Claimpower,Microsoft Corporation_Browser for SQL Server 2022_16.0.1000.6_x64_
SQL Server 2022,CVE-2024-21415,Microsoft,High,CVSS:3.1/AV:N/AC:L/PR:N/UI:R/S:U/C:H/I:H/A:H,No,07/09/24 17:15:00,8.8,01/21/26 04:06:32,0,N/A,https://www.vicarius.io/vsociety/vulnerabilities/372551/CVE-2024-21415,SQL Server Native Client OLE DB Provider Remote Code Execution Vulnerability,2.8,,,16.0.1000.6,CIPLL23-SWAPNIL,*,Claimpower,Microsoft Corporation_Browser for SQL Server 2022_16.0.1000.6_x64_
SQL Server 2022,CVE-2024-21414,Microsoft,High,CVSS:3.1/AV:N/AC:L/PR:N/UI:R/S:U/C:H/I:H/A:H,No,07/09/24 17:15:00,8.8,01/21/26 04:06:32,0,N/A,https://www.vicarius.io/vsociety/vulnerabilities/372552/CVE-2024-21414,SQL Server Native Client OLE DB Provider Remote Code Execution Vulnerability,2.8,,,16.0.1000.6,CIPLL23-SWAPNIL,*,Claimpower,Microsoft Corporation_Browser for SQL Server 2022_16.0.1000.6_x64_
Asp.net Core,CVE-2025-24070,Microsoft,High,CVSS:3.1/AV:N/AC:H/PR:N/UI:N/S:U/C:L/I:L/A:H,No,03/11/25 17:16:00,7,01/21/26 04:06:58,0,N/A,https://www.vicarius.io/vsociety/vulnerabilities/397848/CVE-2025-24070,Weak authentication in ASP.NET Core &amp. Visual Studio allows an unauthorized attacker to elevate privileges over a network.,2.2,,,8.0.6,CIPLL23-SWAPNIL,*,Claimpower,Microsoft Corporation_Microsoft ASP.NET Core 8.0.6 Targeting Pack (x64)_8.0.6.24269_x64_
Asp.net Core,CVE-2025-24070,Microsoft,High,CVSS:3.1/AV:N/AC:H/PR:N/UI:N/S:U/C:L/I:L/A:H,No,03/11/25 17:16:00,7,01/30/26 04:44:51,0,N/A,https://www.vicarius.io/vsociety/vulnerabilities/397848/CVE-2025-24070,Weak authentication in ASP.NET Core &amp. Visual Studio allows an unauthorized attacker to elevate privileges over a network.,2.2,,,8.0.6,CIPLL25-NEHA,*,Claimpower,Microsoft Corporation_Microsoft ASP.NET Core 8.0.6 Targeting Pack (x64)_8.0.6.24269_x64_
Asp.net Core,CVE-2025-26682,Microsoft,High,CVSS:3.1/AV:N/AC:L/PR:N/UI:N/S:U/C:N/I:N/A:H,No,04/08/25 18:15:00,7.5,01/21/26 04:06:58,0,N/A,https://www.vicarius.io/vsociety/vulnerabilities/402445/CVE-2025-26682,Allocation of resources without limits or throttling in ASP.NET Core allows an unauthorized attacker to deny service over a network.,3.9,,,8.0.6,CIPLL23-SWAPNIL,*,Claimpower,Microsoft Corporation_Microsoft ASP.NET Core 8.0.6 Targeting Pack (x64)_8.0.6.24269_x64_
.NET,CVE-2021-27434,Microsoft,High,CVSS:3.1/AV:N/AC:L/PR:N/UI:N/S:U/C:H/I:N/A:N,No,05/20/21 14:15:00,7.5,01/30/26 04:43:44,5,N/A,https://www.vicarius.io/vsociety/vulnerabilities/277232/CVE-2021-27434,"Products with Unified Automation .NET based OPC UA Client/Server SDK Bundle: Versions V3.0.7 and prior (.NET 4.5, 4.0, and 3.5 Framework versions only) are vulnerable to an uncontrolled recursion, which may allow an attacker to trigger a stack overflow.",3.9,,,4.0,CIPLL25-NEHA,*,Claimpower,Microsoft_.NET Framework 4.0 Full_4.0_x64_
.NET,CVE-2024-21392,Microsoft,High,CVSS:3.1/AV:N/AC:L/PR:N/UI:N/S:U/C:N/I:N/A:H,No,03/12/24 17:15:00,7.5,01/22/26 05:13:25,0,N/A,https://www.vicarius.io/vsociety/vulnerabilities/355230/CVE-2024-21392,.NET and Visual Studio Denial of Service Vulnerability,3.9,,,7.0.10,CIPLL20-SHWETA,*,Claimpower,Microsoft Corporation_Microsoft .NET Runtime - 7.0.10 (x64)_56.43.64668_x64_
Asp.net Core,CVE-2023-36558,Microsoft,Medium,CVSS:3.1/AV:L/AC:L/PR:N/UI:N/S:U/C:H/I:N/A:N,No,11/14/23 22:15:00,6.2,01/22/26 05:14:32,0,N/A,https://www.vicarius.io/vsociety/vulnerabilities/344794/CVE-2023-36558,ASP.NET Core Security Feature Bypass Vulnerability,2.5,,,7.0.10,CIPLL20-SHWETA,*,Claimpower,Microsoft Corporation_Microsoft ASP.NET Core 7.0.10 - Shared Framework (x86)_7.0.10.23364_x64_
.NET,CVE-2021-27434,Microsoft,High,CVSS:3.1/AV:N/AC:L/PR:N/UI:N/S:U/C:H/I:N/A:N,No,05/20/21 14:15:00,7.5,01/22/26 05:14:25,5,N/A,https://www.vicarius.io/vsociety/vulnerabilities/277232/CVE-2021-27434,"Products with Unified Automation .NET based OPC UA Client/Server SDK Bundle: Versions V3.0.7 and prior (.NET 4.5, 4.0, and 3.5 Framework versions only) are vulnerable to an uncontrolled recursion, which may allow an attacker to trigger a stack overflow.",3.9,,,4.0,CIPLL20-SHWETA,*,Claimpower,Microsoft_.NET Framework 4.0 Full_4.0_x64_
Asp.net Core,CVE-2025-55315,Microsoft,Critical,CVSS:3.1/AV:N/AC:L/PR:L/UI:N/S:C/C:H/I:H/A:L,No,10/14/25 17:15:00,9.9,01/21/26 07:33:37,0,N/A,https://www.vicarius.io/vsociety/vulnerabilities/427498/CVE-2025-55315,Inconsistent interpretation of http requests (http request/response smuggling) in ASP.NET Core allows an authorized attacker to bypass a security feature over a network.,3.1,,,8.0.6,CIPLL10-MUBINA,*,Claimpower,Microsoft Corporation_Microsoft ASP.NET Core 8.0.6 Targeting Pack (x64)_8.0.6.24269_x64_
SQL Server 2022,CVE-2024-21335,Microsoft,High,CVSS:3.1/AV:N/AC:L/PR:N/UI:R/S:U/C:H/I:H/A:H,No,07/09/24 17:15:00,8.8,01/21/26 04:06:32,0,N/A,https://www.vicarius.io/vsociety/vulnerabilities/372555/CVE-2024-21335,SQL Server Native Client OLE DB Provider Remote Code Execution Vulnerability,2.8,,,16.0.1000.6,CIPLL23-SWAPNIL,*,Claimpower,Microsoft Corporation_Browser for SQL Server 2022_16.0.1000.6_x64_
SQL Server 2022,CVE-2024-21333,Microsoft,High,CVSS:3.1/AV:N/AC:L/PR:N/UI:R/S:U/C:H/I:H/A:H,No,07/09/24 17:15:00,8.8,01/21/26 04:06:32,0,N/A,https://www.vicarius.io/vsociety/vulnerabilities/372556/CVE-2024-21333,SQL Server Native Client OLE DB Provider Remote Code Execution Vulnerability,2.8,,,16.0.1000.6,CIPLL23-SWAPNIL,*,Claimpower,Microsoft Corporation_Browser for SQL Server 2022_16.0.1000.6_x64_
SQL Server 2022,CVE-2024-37966,Microsoft,High,CVSS:3.1/AV:N/AC:L/PR:L/UI:N/S:U/C:H/I:N/A:L,No,09/10/24 17:15:00,7.1,01/21/26 04:06:32,0,N/A,https://www.vicarius.io/vsociety/vulnerabilities/376416/CVE-2024-37966,Microsoft SQL Server Native Scoring Information Disclosure Vulnerability,2.8,,,16.0.1000.6,CIPLL23-SWAPNIL,*,Claimpower,Microsoft Corporation_Browser for SQL Server 2022_16.0.1000.6_x64_
SQL Server 2022,CVE-2025-47954,Microsoft,High,CVSS:3.1/AV:N/AC:L/PR:L/UI:N/S:U/C:H/I:H/A:H,No,08/12/25 18:15:00,8.8,01/21/26 04:06:32,0,N/A,https://www.vicarius.io/vsociety/vulnerabilities/418537/CVE-2025-47954,Improper neutralization of special elements used in an sql command (sql injection) in SQL Server allows an authorized attacker to elevate privileges over a network.,2.8,,,16.0.1000.6,CIPLL23-SWAPNIL,*,Claimpower,Microsoft Corporation_Browser for SQL Server 2022_16.0.1000.6_x64_
SQL Server 2022,CVE-2024-37965,Microsoft,High,CVSS:3.1/AV:N/AC:L/PR:L/UI:N/S:U/C:H/I:H/A:H,No,09/10/24 17:15:00,8.8,01/21/26 04:06:32,0,N/A,https://www.vicarius.io/vsociety/vulnerabilities/376417/CVE-2024-37965,Microsoft SQL Server Elevation of Privilege Vulnerability,2.8,,,16.0.1000.6,CIPLL23-SWAPNIL,*,Claimpower,Microsoft Corporation_Browser for SQL Server 2022_16.0.1000.6_x64_
SQL Server 2022,CVE-2024-21308,Microsoft,High,CVSS:3.1/AV:N/AC:L/PR:N/UI:R/S:U/C:H/I:H/A:H,No,07/09/24 17:15:00,8.8,01/21/26 04:06:32,0,N/A,https://www.vicarius.io/vsociety/vulnerabilities/372560/CVE-2024-21308,SQL Server Native Client OLE DB Provider Remote Code Execution Vulnerability,2.8,,,16.0.1000.6,CIPLL23-SWAPNIL,*,Claimpower,Microsoft Corporation_Browser for SQL Server 2022_16.0.1000.6_x64_
SQL Server 2019,CVE-2025-59499,Microsoft,High,CVSS:3.1/AV:N/AC:L/PR:L/UI:N/S:U/C:H/I:H/A:H,No,11/11/25 18:15:00,8.8,01/22/26 05:13:43,0,N/A,https://www.vicarius.io/vsociety/vulnerabilities/431418/CVE-2025-59499,Improper neutralization of special elements used in an sql command (sql injection) in SQL Server allows an authorized attacker to elevate privileges over a network.,2.8,,,15.0.4382.1,CIPLL20-SHWETA,*,Claimpower,Microsoft Corporation_Microsoft SQL Server 2019 LocalDB _15.0.4382.1_x64_
SQL Server 2022,CVE-2024-21425,Microsoft,High,CVSS:3.1/AV:N/AC:L/PR:N/UI:R/S:U/C:H/I:H/A:H,No,07/09/24 17:15:00,8.8,01/21/26 04:06:32,0,N/A,https://www.vicarius.io/vsociety/vulnerabilities/372549/CVE-2024-21425,SQL Server Native Client OLE DB Provider Remote Code Execution Vulnerability,2.8,,,16.0.1000.6,CIPLL23-SWAPNIL,*,Claimpower,Microsoft Corporation_Browser for SQL Server 2022_16.0.1000.6_x64_
SQL Server 2022,CVE-2024-21331,Microsoft,High,CVSS:3.1/AV:N/AC:L/PR:N/UI:R/S:U/C:H/I:H/A:H,No,07/09/24 17:15:00,8.8,01/21/26 04:06:32,0,N/A,https://www.vicarius.io/vsociety/vulnerabilities/372558/CVE-2024-21331,SQL Server Native Client OLE DB Provider Remote Code Execution Vulnerability,2.8,,,16.0.1000.6,CIPLL23-SWAPNIL,*,Claimpower,Microsoft Corporation_Browser for SQL Server 2022_16.0.1000.6_x64_
SQL Server 2019,CVE-2024-29045,Microsoft,High,CVSS:3.1/AV:N/AC:H/PR:N/UI:R/S:U/C:H/I:H/A:H,No,04/09/24 17:15:00,7.5,01/22/26 05:15:17,0,N/A,https://www.vicarius.io/vsociety/vulnerabilities/358564/CVE-2024-29045,Microsoft OLE DB Driver for SQL Server Remote Code Execution Vulnerability,1.6,,,15.0.2000.5,CIPLL20-SHWETA,*,Claimpower,Microsoft Corporation_Microsoft System CLR Types for SQL Server 2019_15.0.2000.5_x64_
SQL Server 2019,CVE-2024-29044,Microsoft,High,CVSS:3.1/AV:N/AC:L/PR:N/UI:R/S:U/C:H/I:H/A:H,No,04/09/24 17:15:00,8.8,01/22/26 05:15:17,0,N/A,https://www.vicarius.io/vsociety/vulnerabilities/358565/CVE-2024-29044,Microsoft OLE DB Driver for SQL Server Remote Code Execution Vulnerability,2.8,,,15.0.2000.5,CIPLL20-SHWETA,*,Claimpower,Microsoft Corporation_Microsoft System CLR Types for SQL Server 2019_15.0.2000.5_x64_
SQL Server 2019,CVE-2024-29046,Microsoft,High,CVSS:3.1/AV:N/AC:L/PR:N/UI:R/S:U/C:H/I:H/A:H,No,04/09/24 17:15:00,8.8,01/22/26 05:15:17,0,N/A,https://www.vicarius.io/vsociety/vulnerabilities/358563/CVE-2024-29046,Microsoft OLE DB Driver for SQL Server Remote Code Execution Vulnerability,2.8,,,15.0.2000.5,CIPLL20-SHWETA,*,Claimpower,Microsoft Corporation_Microsoft System CLR Types for SQL Server 2019_15.0.2000.5_x64_
.NET,CVE-2023-38171,Microsoft,High,CVSS:3.1/AV:N/AC:L/PR:N/UI:N/S:U/C:N/I:N/A:H,No,10/10/23 18:15:00,7.5,01/22/26 05:13:25,0,N/A,https://www.vicarius.io/vsociety/vulnerabilities/341441/CVE-2023-38171,Microsoft QUIC Denial of Service Vulnerability,3.9,,,7.0.10,CIPLL20-SHWETA,*,Claimpower,Microsoft Corporation_Microsoft .NET Runtime - 7.0.10 (x64)_56.43.64668_x64_
SQL Server 2019,CVE-2024-29043,Microsoft,High,CVSS:3.1/AV:N/AC:L/PR:N/UI:R/S:U/C:H/I:H/A:H,No,04/09/24 17:15:00,8.8,01/22/26 05:15:17,0,N/A,https://www.vicarius.io/vsociety/vulnerabilities/358566/CVE-2024-29043,Microsoft ODBC Driver for SQL Server Remote Code Execution Vulnerability,2.8,,,15.0.2000.5,CIPLL20-SHWETA,*,Claimpower,Microsoft Corporation_Microsoft System CLR Types for SQL Server 2019_15.0.2000.5_x64_
Asp.net Core,CVE-2021-34532,Microsoft,Medium,CVSS:3.1/AV:L/AC:L/PR:L/UI:N/S:U/C:H/I:N/A:N,No,08/12/21 18:15:00,5.5,01/22/26 05:15:17,2.1,N/A,https://www.vicarius.io/vsociety/vulnerabilities/282200/CVE-2021-34532,ASP.NET Core and Visual Studio Information Disclosure Vulnerability,1.8,,,5.0.0,CIPLL20-SHWETA,*,Claimpower,Microsoft Corporation_Microsoft ASP.NET Core 5.0.0 Targeting Pack (x64)_5.0.0.20526_x64_
Asp.net Core,CVE-2025-24070,Microsoft,High,CVSS:3.1/AV:N/AC:H/PR:N/UI:N/S:U/C:L/I:L/A:H,No,03/11/25 17:16:00,7,01/22/26 05:14:04,0,N/A,https://www.vicarius.io/vsociety/vulnerabilities/397848/CVE-2025-24070,Weak authentication in ASP.NET Core &amp. Visual Studio allows an unauthorized attacker to elevate privileges over a network.,2.2,,,8.0.6,CIPLL20-SHWETA,*,Claimpower,Microsoft Corporation_Microsoft ASP.NET Core 8.0.6 Targeting Pack (x64)_8.0.6.24269_x64_
SQL Server 2019,CVE-2024-28945,Microsoft,High,CVSS:3.1/AV:N/AC:L/PR:N/UI:R/S:U/C:H/I:H/A:H,No,04/09/24 17:15:00,8.8,01/22/26 05:15:17,0,N/A,https://www.vicarius.io/vsociety/vulnerabilities/358567/CVE-2024-28945,Microsoft OLE DB Driver for SQL Server Remote Code Execution Vulnerability,2.8,,,15.0.2000.5,CIPLL20-SHWETA,*,Claimpower,Microsoft Corporation_Microsoft System CLR Types for SQL Server 2019_15.0.2000.5_x64_
SQL Server 2019,CVE-2025-47997,Microsoft,Medium,CVSS:3.1/AV:N/AC:L/PR:L/UI:N/S:U/C:H/I:N/A:N,No,09/09/25 17:15:00,6.5,01/22/26 05:13:43,0,N/A,https://www.vicarius.io/vsociety/vulnerabilities/422165/CVE-2025-47997,Concurrent execution using shared resource with improper synchronization (race condition) in SQL Server allows an authorized attacker to disclose information over a network.,2.8,,,15.0.4382.1,CIPLL20-SHWETA,*,Claimpower,Microsoft Corporation_Microsoft SQL Server 2019 LocalDB _15.0.4382.1_x64_
Asp.net Core,CVE-2021-1723,Microsoft,High,CVSS:3.1/AV:N/AC:L/PR:N/UI:N/S:U/C:N/I:N/A:H,No,01/12/21 20:15:00,7.5,01/22/26 05:15:17,5,N/A,https://www.vicarius.io/vsociety/vulnerabilities/269899/CVE-2021-1723,ASP.NET Core and Visual Studio Denial of Service Vulnerability,3.9,,,5.0.0,CIPLL20-SHWETA,*,Claimpower,Microsoft Corporation_Microsoft ASP.NET Core 5.0.0 Targeting Pack (x64)_5.0.0.20526_x64_
.NET,CVE-2024-21319,Microsoft,Medium,CVSS:3.1/AV:N/AC:L/PR:H/UI:N/S:C/C:N/I:N/A:H,No,01/09/24 19:15:00,6.8,01/22/26 05:13:25,0,N/A,https://www.vicarius.io/vsociety/vulnerabilities/349346/CVE-2024-21319,Microsoft Identity Denial of service vulnerability,2.3,,,7.0.10,CIPLL20-SHWETA,*,Claimpower,Microsoft Corporation_Microsoft .NET Runtime - 7.0.10 (x64)_56.43.64668_x64_
Asp.net Core,CVE-2025-55315,Microsoft,Critical,CVSS:3.1/AV:N/AC:L/PR:L/UI:N/S:C/C:H/I:H/A:L,No,10/14/25 17:15:00,9.9,01/21/26 04:06:58,0,N/A,https://www.vicarius.io/vsociety/vulnerabilities/427498/CVE-2025-55315,Inconsistent interpretation of http requests (http request/response smuggling) in ASP.NET Core allows an authorized attacker to bypass a security feature over a network.,3.1,,,8.0.6,CIPLL23-SWAPNIL,*,Claimpower,Microsoft Corporation_Microsoft ASP.NET Core 8.0.6 Targeting Pack (x64)_8.0.6.24269_x64_
SQL Server 2019,CVE-2024-29048,Microsoft,High,CVSS:3.1/AV:N/AC:L/PR:N/UI:R/S:U/C:H/I:H/A:H,No,04/09/24 17:15:00,8.8,01/22/26 05:15:17,0,N/A,https://www.vicarius.io/vsociety/vulnerabilities/358561/CVE-2024-29048,Microsoft OLE DB Driver for SQL Server Remote Code Execution Vulnerability,2.8,,,15.0.2000.5,CIPLL20-SHWETA,*,Claimpower,Microsoft Corporation_Microsoft System CLR Types for SQL Server 2019_15.0.2000.5_x64_
.NET,CVE-2024-26190,Microsoft,High,CVSS:3.1/AV:N/AC:L/PR:N/UI:N/S:U/C:N/I:N/A:H,No,03/12/24 17:15:00,7.5,01/22/26 05:13:25,0,N/A,https://www.vicarius.io/vsociety/vulnerabilities/355181/CVE-2024-26190,Microsoft QUIC Denial of Service Vulnerability,3.9,,,7.0.10,CIPLL20-SHWETA,*,Claimpower,Microsoft Corporation_Microsoft .NET Runtime - 7.0.10 (x64)_56.43.64668_x64_
SQL Server 2022,CVE-2026-20803,Microsoft,High,CVSS:3.1/AV:N/AC:L/PR:H/UI:N/S:U/C:H/I:H/A:H,No,01/13/26 18:16:00,7.2,01/21/26 04:06:32,0,N/A,https://www.vicarius.io/vsociety/vulnerabilities/441079/CVE-2026-20803,Missing authentication for critical function in SQL Server allows an authorized attacker to elevate privileges over a network.,1.2,,,16.0.1000.6,CIPLL23-SWAPNIL,*,Claimpower,Microsoft Corporation_Browser for SQL Server 2022_16.0.1000.6_x64_
SQL Server 2019,CVE-2025-24999,Microsoft,High,CVSS:3.1/AV:N/AC:L/PR:L/UI:N/S:U/C:H/I:H/A:H,No,08/12/25 18:15:00,8.8,01/22/26 05:13:43,0,N/A,https://www.vicarius.io/vsociety/vulnerabilities/418542/CVE-2025-24999,Improper access control in SQL Server allows an authorized attacker to elevate privileges over a network.,2.8,,,15.0.4382.1,CIPLL20-SHWETA,*,Claimpower,Microsoft Corporation_Microsoft SQL Server 2019 LocalDB _15.0.4382.1_x64_
.NET,CVE-2024-20672,Microsoft,High,CVSS:3.1/AV:N/AC:L/PR:N/UI:N/S:U/C:N/I:N/A:H,No,01/09/24 18:15:00,7.5,01/22/26 05:13:25,0,N/A,https://www.vicarius.io/vsociety/vulnerabilities/349326/CVE-2024-20672,.NET Denial of Service Vulnerability,3.9,,,7.0.10,CIPLL20-SHWETA,*,Claimpower,Microsoft Corporation_Microsoft .NET Runtime - 7.0.10 (x64)_56.43.64668_x64_
SQL Server 2019,CVE-2025-49718,Microsoft,High,CVSS:3.1/AV:N/AC:L/PR:N/UI:N/S:U/C:H/I:N/A:N,No,07/08/25 17:15:00,7.5,01/22/26 05:13:43,0,N/A,https://www.vicarius.io/vsociety/vulnerabilities/414338/CVE-2025-49718,Use of uninitialized resource in SQL Server allows an unauthorized attacker to disclose information over a network.,3.9,,,15.0.4382.1,CIPLL20-SHWETA,*,Claimpower,Microsoft Corporation_Microsoft SQL Server 2019 LocalDB _15.0.4382.1_x64_
SQL Server 2019,CVE-2025-49717,Microsoft,High,CVSS:3.1/AV:N/AC:H/PR:L/UI:N/S:C/C:H/I:H/A:H,No,07/08/25 17:15:00,8.5,01/22/26 05:13:43,0,N/A,https://www.vicarius.io/vsociety/vulnerabilities/414339/CVE-2025-49717,Heap-based buffer overflow in SQL Server allows an authorized attacker to execute code over a network.,1.8,,,15.0.4382.1,CIPLL20-SHWETA,*,Claimpower,Microsoft Corporation_Microsoft SQL Server 2019 LocalDB _15.0.4382.1_x64_
SQL Server 2019,CVE-2024-28928,Microsoft,High,CVSS:3.1/AV:N/AC:L/PR:N/UI:R/S:U/C:H/I:H/A:H,No,07/09/24 17:15:00,8.8,01/22/26 05:15:17,0,N/A,https://www.vicarius.io/vsociety/vulnerabilities/370865/CVE-2024-28928,SQL Server Native Client OLE DB Provider Remote Code Execution Vulnerability,2.8,,,15.0.2000.5,CIPLL20-SHWETA,*,Claimpower,Microsoft Corporation_Microsoft System CLR Types for SQL Server 2019_15.0.2000.5_x64_
SQL Server 2019,CVE-2025-49719,Microsoft,High,CVSS:3.1/AV:N/AC:L/PR:N/UI:N/S:U/C:H/I:N/A:N,No,07/08/25 17:15:00,7.5,01/22/26 05:13:43,0,N/A,https://www.vicarius.io/vsociety/vulnerabilities/414337/CVE-2025-49719,Improper input validation in SQL Server allows an unauthorized attacker to disclose information over a network.,3.9,,,15.0.4382.1,CIPLL20-SHWETA,*,Claimpower,Microsoft Corporation_Microsoft SQL Server 2019 LocalDB _15.0.4382.1_x64_
7-ZIP,CVE-2025-53816,7-ZIP,High,CVSS:3.1/AV:N/AC:L/PR:N/UI:N/S:U/C:N/I:N/A:H,No,07/17/25 19:15:00,7.5,01/21/26 07:33:37,0,N/A,https://www.vicarius.io/vsociety/vulnerabilities/415640/CVE-2025-53816,7-Zip is a file archiver with a high compression ratio. Zeroes written outside heap buffer in RAR5 handler may lead to memory corruption and denial of service in versions of 7-Zip prior to 25.0.0. Version 25.0.0 contains a fix for the issue.,3.9,,,23.01,CIPLL10-MUBINA,*,Claimpower,Igor Pavlov_7-Zip 23.01 (x64 edition)_23.01.00.0_x64_
7-ZIP,CVE-2025-53817,7-ZIP,High,CVSS:3.1/AV:N/AC:L/PR:N/UI:N/S:U/C:N/I:N/A:H,No,07/17/25 19:15:00,7.5,01/21/26 07:33:37,0,N/A,https://www.vicarius.io/vsociety/vulnerabilities/415639/CVE-2025-53817,"7-Zip is a file archiver with a high compression ratio. 7-Zip supports extracting from Compound Documents. Prior to version 25.0.0, a null pointer dereference in the Compound handler may lead to denial of service. Version 25.0.0 contains a fix cor the issue.",3.9,,,23.01,CIPLL10-MUBINA,*,Claimpower,Igor Pavlov_7-Zip 23.01 (x64 edition)_23.01.00.0_x64_
SQL Server 2019,CVE-2024-21415,Microsoft,High,CVSS:3.1/AV:N/AC:L/PR:N/UI:R/S:U/C:H/I:H/A:H,No,07/09/24 17:15:00,8.8,01/22/26 05:15:17,0,N/A,https://www.vicarius.io/vsociety/vulnerabilities/372551/CVE-2024-21415,SQL Server Native Client OLE DB Provider Remote Code Execution Vulnerability,2.8,,,15.0.2000.5,CIPLL20-SHWETA,*,Claimpower,Microsoft Corporation_Microsoft System CLR Types for SQL Server 2019_15.0.2000.5_x64_
.NET,CVE-2021-27434,Microsoft,High,CVSS:3.1/AV:N/AC:L/PR:N/UI:N/S:U/C:H/I:N/A:N,No,05/20/21 14:15:00,7.5,01/23/26 02:40:39,5,N/A,https://www.vicarius.io/vsociety/vulnerabilities/277232/CVE-2021-27434,"Products with Unified Automation .NET based OPC UA Client/Server SDK Bundle: Versions V3.0.7 and prior (.NET 4.5, 4.0, and 3.5 Framework versions only) are vulnerable to an uncontrolled recursion, which may allow an attacker to trigger a stack overflow.",3.9,,,4.0,CIPLLP-POOJA,*,Claimpower,Microsoft_.NET Framework 4.0 Full_4.0_x64_
Asp.net Core,CVE-2025-24070,Microsoft,High,CVSS:3.1/AV:N/AC:H/PR:N/UI:N/S:U/C:L/I:L/A:H,No,03/11/25 17:16:00,7,01/21/26 07:33:37,0,N/A,https://www.vicarius.io/vsociety/vulnerabilities/397848/CVE-2025-24070,Weak authentication in ASP.NET Core &amp. Visual Studio allows an unauthorized attacker to elevate privileges over a network.,2.2,,,8.0.6,CIPLL10-MUBINA,*,Claimpower,Microsoft Corporation_Microsoft ASP.NET Core 8.0.6 Targeting Pack (x64)_8.0.6.24269_x64_
7-ZIP,CVE-2025-0411,7-ZIP,High,CVSS:3.1/AV:L/AC:H/PR:N/UI:R/S:U/C:H/I:H/A:H,Yes,01/25/25 05:15:00,7,01/21/26 07:33:37,0,N/A,https://www.vicarius.io/vsociety/vulnerabilities/392082/CVE-2025-0411,"7-Zip Mark-of-the-Web Bypass Vulnerability. This vulnerability allows remote attackers to bypass the Mark-of-the-Web protection mechanism on affected installations of 7-Zip. User interaction is required to exploit this vulnerability in that the target must visit a malicious page or open a malicious file.

The specific flaw exists within the handling of archived files. When extracting files from a crafted archive that bears the Mark-of-the-Web, 7-Zip does not propagate the Mark-of-the-Web to the extracted files. An attacker can leverage this vulnerability to execute arbitrary code in the context of the current user. Was ZDI-CAN-25456.",1,,,23.01,CIPLL10-MUBINA,*,Claimpower,Igor Pavlov_7-Zip 23.01 (x64 edition)_23.01.00.0_x64_
SQL Server 2019,CVE-2025-49759,Microsoft,High,CVSS:3.1/AV:N/AC:L/PR:L/UI:N/S:U/C:H/I:H/A:H,No,08/12/25 18:15:00,8.8,01/22/26 05:13:43,0,N/A,https://www.vicarius.io/vsociety/vulnerabilities/418520/CVE-2025-49759,Improper neutralization of special elements used in an sql command (sql injection) in SQL Server allows an authorized attacker to elevate privileges over a network.,2.8,,,15.0.4382.1,CIPLL20-SHWETA,*,Claimpower,Microsoft Corporation_Microsoft SQL Server 2019 LocalDB _15.0.4382.1_x64_
.NET,CVE-2021-27434,Microsoft,High,CVSS:3.1/AV:N/AC:L/PR:N/UI:N/S:U/C:H/I:N/A:N,No,05/20/21 14:15:00,7.5,01/21/26 04:43:02,5,N/A,https://www.vicarius.io/vsociety/vulnerabilities/277232/CVE-2021-27434,"Products with Unified Automation .NET based OPC UA Client/Server SDK Bundle: Versions V3.0.7 and prior (.NET 4.5, 4.0, and 3.5 Framework versions only) are vulnerable to an uncontrolled recursion, which may allow an attacker to trigger a stack overflow.",3.9,,,4.0,CIPLMD10,*,Claimpower,Microsoft_.NET Framework 4.0 Full_4.0_x64_
Asp.net Core,CVE-2025-55315,Microsoft,Critical,CVSS:3.1/AV:N/AC:L/PR:L/UI:N/S:C/C:H/I:H/A:L,No,10/14/25 17:15:00,9.9,01/30/26 04:44:51,0,N/A,https://www.vicarius.io/vsociety/vulnerabilities/427498/CVE-2025-55315,Inconsistent interpretation of http requests (http request/response smuggling) in ASP.NET Core allows an authorized attacker to bypass a security feature over a network.,3.1,,,8.0.6,CIPLL25-NEHA,*,Claimpower,Microsoft Corporation_Microsoft ASP.NET Core 8.0.6 Targeting Pack (x64)_8.0.6.24269_x64_
SQL Server 2019,CVE-2025-49758,Microsoft,High,CVSS:3.1/AV:N/AC:L/PR:L/UI:N/S:U/C:H/I:H/A:H,No,08/12/25 18:15:00,8.8,01/22/26 05:13:43,0,N/A,https://www.vicarius.io/vsociety/vulnerabilities/418521/CVE-2025-49758,Improper neutralization of special elements used in an sql command (sql injection) in SQL Server allows an authorized attacker to elevate privileges over a network.,2.8,,,15.0.4382.1,CIPLL20-SHWETA,*,Claimpower,Microsoft Corporation_Microsoft SQL Server 2019 LocalDB _15.0.4382.1_x64_
SQL Server 2019,CVE-2024-21398,Microsoft,High,CVSS:3.1/AV:N/AC:L/PR:N/UI:R/S:U/C:H/I:H/A:H,No,07/09/24 17:15:00,8.8,01/22/26 05:15:17,0,N/A,https://www.vicarius.io/vsociety/vulnerabilities/372553/CVE-2024-21398,SQL Server Native Client OLE DB Provider Remote Code Execution Vulnerability,2.8,,,15.0.2000.5,CIPLL20-SHWETA,*,Claimpower,Microsoft Corporation_Microsoft System CLR Types for SQL Server 2019_15.0.2000.5_x64_
SQL Server 2019,CVE-2025-53727,Microsoft,High,CVSS:3.1/AV:N/AC:L/PR:L/UI:N/S:U/C:H/I:H/A:H,No,08/12/25 18:15:00,8.8,01/22/26 05:13:43,0,N/A,https://www.vicarius.io/vsociety/vulnerabilities/418461/CVE-2025-53727,Improper neutralization of special elements used in an sql command (sql injection) in SQL Server allows an authorized attacker to elevate privileges over a network.,2.8,,,15.0.4382.1,CIPLL20-SHWETA,*,Claimpower,Microsoft Corporation_Microsoft SQL Server 2019 LocalDB _15.0.4382.1_x64_
SQL Server 2019,CVE-2024-21373,Microsoft,High,CVSS:3.1/AV:N/AC:L/PR:N/UI:R/S:U/C:H/I:H/A:H,No,07/09/24 17:15:00,8.8,01/22/26 05:15:17,0,N/A,https://www.vicarius.io/vsociety/vulnerabilities/372554/CVE-2024-21373,SQL Server Native Client OLE DB Provider Remote Code Execution Vulnerability,2.8,,,15.0.2000.5,CIPLL20-SHWETA,*,Claimpower,Microsoft Corporation_Microsoft System CLR Types for SQL Server 2019_15.0.2000.5_x64_
SQL Server 2019,CVE-2024-21428,Microsoft,High,CVSS:3.1/AV:N/AC:L/PR:N/UI:R/S:U/C:H/I:H/A:H,No,07/09/24 17:15:00,8.8,01/22/26 05:15:17,0,N/A,https://www.vicarius.io/vsociety/vulnerabilities/372548/CVE-2024-21428,SQL Server Native Client OLE DB Provider Remote Code Execution Vulnerability,2.8,,,15.0.2000.5,CIPLL20-SHWETA,*,Claimpower,Microsoft Corporation_Microsoft System CLR Types for SQL Server 2019_15.0.2000.5_x64_
SQL Server 2019,CVE-2024-37966,Microsoft,High,CVSS:3.1/AV:N/AC:L/PR:L/UI:N/S:U/C:H/I:N/A:L,No,09/10/24 17:15:00,7.1,01/22/26 05:13:43,0,N/A,https://www.vicarius.io/vsociety/vulnerabilities/376416/CVE-2024-37966,Microsoft SQL Server Native Scoring Information Disclosure Vulnerability,2.8,,,15.0.4382.1,CIPLL20-SHWETA,*,Claimpower,Microsoft Corporation_Microsoft SQL Server 2019 LocalDB _15.0.4382.1_x64_
SQL Server 2019,CVE-2024-21414,Microsoft,High,CVSS:3.1/AV:N/AC:L/PR:N/UI:R/S:U/C:H/I:H/A:H,No,07/09/24 17:15:00,8.8,01/22/26 05:15:17,0,N/A,https://www.vicarius.io/vsociety/vulnerabilities/372552/CVE-2024-21414,SQL Server Native Client OLE DB Provider Remote Code Execution Vulnerability,2.8,,,15.0.2000.5,CIPLL20-SHWETA,*,Claimpower,Microsoft Corporation_Microsoft System CLR Types for SQL Server 2019_15.0.2000.5_x64_
SQL Server 2019,CVE-2024-21317,Microsoft,High,CVSS:3.1/AV:N/AC:L/PR:N/UI:R/S:U/C:H/I:H/A:H,No,07/09/24 17:15:00,8.8,01/22/26 05:15:17,0,N/A,https://www.vicarius.io/vsociety/vulnerabilities/372559/CVE-2024-21317,SQL Server Native Client OLE DB Provider Remote Code Execution Vulnerability,2.8,,,15.0.2000.5,CIPLL20-SHWETA,*,Claimpower,Microsoft Corporation_Microsoft System CLR Types for SQL Server 2019_15.0.2000.5_x64_
SQL Server 2019,CVE-2024-21332,Microsoft,High,CVSS:3.1/AV:N/AC:L/PR:N/UI:R/S:U/C:H/I:H/A:H,No,07/09/24 17:15:00,8.8,01/22/26 05:15:17,0,N/A,https://www.vicarius.io/vsociety/vulnerabilities/372557/CVE-2024-21332,SQL Server Native Client OLE DB Provider Remote Code Execution Vulnerability,2.8,,,15.0.2000.5,CIPLL20-SHWETA,*,Claimpower,Microsoft Corporation_Microsoft System CLR Types for SQL Server 2019_15.0.2000.5_x64_
SQL Server 2019,CVE-2024-37965,Microsoft,High,CVSS:3.1/AV:N/AC:L/PR:L/UI:N/S:U/C:H/I:H/A:H,No,09/10/24 17:15:00,8.8,01/22/26 05:13:43,0,N/A,https://www.vicarius.io/vsociety/vulnerabilities/376417/CVE-2024-37965,Microsoft SQL Server Elevation of Privilege Vulnerability,2.8,,,15.0.4382.1,CIPLL20-SHWETA,*,Claimpower,Microsoft Corporation_Microsoft SQL Server 2019 LocalDB _15.0.4382.1_x64_
SQL Server 2019,CVE-2024-29985,Microsoft,High,CVSS:3.1/AV:N/AC:L/PR:N/UI:R/S:U/C:H/I:H/A:H,No,04/09/24 17:16:00,8.8,01/22/26 05:15:17,0,N/A,https://www.vicarius.io/vsociety/vulnerabilities/358545/CVE-2024-29985,Microsoft OLE DB Driver for SQL Server Remote Code Execution Vulnerability,2.8,,,15.0.2000.5,CIPLL20-SHWETA,*,Claimpower,Microsoft Corporation_Microsoft System CLR Types for SQL Server 2019_15.0.2000.5_x64_
SQL Server 2019,CVE-2024-21331,Microsoft,High,CVSS:3.1/AV:N/AC:L/PR:N/UI:R/S:U/C:H/I:H/A:H,No,07/09/24 17:15:00,8.8,01/22/26 05:15:17,0,N/A,https://www.vicarius.io/vsociety/vulnerabilities/372558/CVE-2024-21331,SQL Server Native Client OLE DB Provider Remote Code Execution Vulnerability,2.8,,,15.0.2000.5,CIPLL20-SHWETA,*,Claimpower,Microsoft Corporation_Microsoft System CLR Types for SQL Server 2019_15.0.2000.5_x64_
SQL Server 2019,CVE-2024-21425,Microsoft,High,CVSS:3.1/AV:N/AC:L/PR:N/UI:R/S:U/C:H/I:H/A:H,No,07/09/24 17:15:00,8.8,01/22/26 05:15:17,0,N/A,https://www.vicarius.io/vsociety/vulnerabilities/372549/CVE-2024-21425,SQL Server Native Client OLE DB Provider Remote Code Execution Vulnerability,2.8,,,15.0.2000.5,CIPLL20-SHWETA,*,Claimpower,Microsoft Corporation_Microsoft System CLR Types for SQL Server 2019_15.0.2000.5_x64_
SQL Server 2019,CVE-2024-29982,Microsoft,High,CVSS:3.1/AV:N/AC:L/PR:N/UI:R/S:U/C:H/I:H/A:H,No,04/09/24 17:16:00,8.8,01/22/26 05:15:17,0,N/A,https://www.vicarius.io/vsociety/vulnerabilities/358548/CVE-2024-29982,Microsoft OLE DB Driver for SQL Server Remote Code Execution Vulnerability,2.8,,,15.0.2000.5,CIPLL20-SHWETA,*,Claimpower,Microsoft Corporation_Microsoft System CLR Types for SQL Server 2019_15.0.2000.5_x64_
Asp.net Core,CVE-2025-55315,Microsoft,Critical,CVSS:3.1/AV:N/AC:L/PR:L/UI:N/S:C/C:H/I:H/A:L,No,10/14/25 17:15:00,9.9,01/22/26 05:14:32,0,N/A,https://www.vicarius.io/vsociety/vulnerabilities/427498/CVE-2025-55315,Inconsistent interpretation of http requests (http request/response smuggling) in ASP.NET Core allows an authorized attacker to bypass a security feature over a network.,3.1,,,9.0.5,CIPLL20-SHWETA,*,Claimpower,Microsoft Corporation_Microsoft ASP.NET Core 9.0.5 Targeting Pack (x86)_9.0.5.25229_x64_
SQL Server 2019,CVE-2024-29984,Microsoft,High,CVSS:3.1/AV:N/AC:L/PR:N/UI:R/S:U/C:H/I:H/A:H,No,04/09/24 17:16:00,8.8,01/22/26 05:15:17,0,N/A,https://www.vicarius.io/vsociety/vulnerabilities/358546/CVE-2024-29984,Microsoft OLE DB Driver for SQL Server Remote Code Execution Vulnerability,2.8,,,15.0.2000.5,CIPLL20-SHWETA,*,Claimpower,Microsoft Corporation_Microsoft System CLR Types for SQL Server 2019_15.0.2000.5_x64_
SQL Server 2022,CVE-2025-47997,Microsoft,Medium,CVSS:3.1/AV:N/AC:L/PR:L/UI:N/S:U/C:H/I:N/A:N,No,09/09/25 17:15:00,6.5,01/21/26 04:06:32,0,N/A,https://www.vicarius.io/vsociety/vulnerabilities/422165/CVE-2025-47997,Concurrent execution using shared resource with improper synchronization (race condition) in SQL Server allows an authorized attacker to disclose information over a network.,2.8,,,16.0.1000.6,CIPLL23-SWAPNIL,*,Claimpower,Microsoft Corporation_Browser for SQL Server 2022_16.0.1000.6_x64_
SQL Server 2019,CVE-2024-29983,Microsoft,High,CVSS:3.1/AV:N/AC:L/PR:N/UI:R/S:U/C:H/I:H/A:H,No,04/09/24 17:16:00,8.8,01/22/26 05:15:17,0,N/A,https://www.vicarius.io/vsociety/vulnerabilities/358547/CVE-2024-29983,Microsoft OLE DB Driver for SQL Server Remote Code Execution Vulnerability,2.8,,,15.0.2000.5,CIPLL20-SHWETA,*,Claimpower,Microsoft Corporation_Microsoft System CLR Types for SQL Server 2019_15.0.2000.5_x64_
.NET,CVE-2024-30046,Microsoft,Medium,CVSS:3.1/AV:N/AC:H/PR:N/UI:N/S:U/C:N/I:N/A:H,No,05/14/24 17:17:00,5.9,01/22/26 05:13:25,0,N/A,https://www.vicarius.io/vsociety/vulnerabilities/363408/CVE-2024-30046,Visual Studio Denial of Service Vulnerability,2.2,,,7.0.10,CIPLL20-SHWETA,*,Claimpower,Microsoft Corporation_Microsoft .NET Runtime - 7.0.10 (x64)_56.43.64668_x64_
.NET,CVE-2024-30045,Microsoft,Medium,CVSS:3.1/AV:N/AC:L/PR:N/UI:R/S:U/C:L/I:L/A:L,No,05/14/24 17:17:00,6.3,01/22/26 05:13:25,0,N/A,https://www.vicarius.io/vsociety/vulnerabilities/363409/CVE-2024-30045,.NET and Visual Studio Remote Code Execution Vulnerability,2.8,,,7.0.10,CIPLL20-SHWETA,*,Claimpower,Microsoft Corporation_Microsoft .NET Runtime - 7.0.10 (x64)_56.43.64668_x64_
SQL Server 2019,CVE-2024-28939,Microsoft,High,CVSS:3.1/AV:N/AC:L/PR:N/UI:R/S:U/C:H/I:H/A:H,No,04/09/24 17:15:00,8.8,01/22/26 05:15:17,0,N/A,https://www.vicarius.io/vsociety/vulnerabilities/358573/CVE-2024-28939,Microsoft OLE DB Driver for SQL Server Remote Code Execution Vulnerability,2.8,,,15.0.2000.5,CIPLL20-SHWETA,*,Claimpower,Microsoft Corporation_Microsoft System CLR Types for SQL Server 2019_15.0.2000.5_x64_
SQL Server 2022,CVE-2025-59499,Microsoft,High,CVSS:3.1/AV:N/AC:L/PR:L/UI:N/S:U/C:H/I:H/A:H,No,11/11/25 18:15:00,8.8,01/21/26 04:06:32,0,N/A,https://www.vicarius.io/vsociety/vulnerabilities/431418/CVE-2025-59499,Improper neutralization of special elements used in an sql command (sql injection) in SQL Server allows an authorized attacker to elevate privileges over a network.,2.8,,,16.0.1000.6,CIPLL23-SWAPNIL,*,Claimpower,Microsoft Corporation_Browser for SQL Server 2022_16.0.1000.6_x64_
SQL Server 2019,CVE-2024-21335,Microsoft,High,CVSS:3.1/AV:N/AC:L/PR:N/UI:R/S:U/C:H/I:H/A:H,No,07/09/24 17:15:00,8.8,01/22/26 05:15:17,0,N/A,https://www.vicarius.io/vsociety/vulnerabilities/372555/CVE-2024-21335,SQL Server Native Client OLE DB Provider Remote Code Execution Vulnerability,2.8,,,15.0.2000.5,CIPLL20-SHWETA,*,Claimpower,Microsoft Corporation_Microsoft System CLR Types for SQL Server 2019_15.0.2000.5_x64_
.NET,CVE-2023-35391,Microsoft,High,CVSS:3.1/AV:N/AC:L/PR:N/UI:N/S:U/C:H/I:N/A:N,No,08/08/23 19:15:00,7.5,01/22/26 05:13:25,0,N/A,https://www.vicarius.io/vsociety/vulnerabilities/336085/CVE-2023-35391,ASP.NET Core SignalR and Visual Studio Information Disclosure Vulnerability,3.9,,,7.0.10,CIPLL20-SHWETA,*,Claimpower,Microsoft Corporation_Microsoft .NET Runtime - 7.0.10 (x64)_56.43.64668_x64_
SQL Server 2019,CVE-2024-21308,Microsoft,High,CVSS:3.1/AV:N/AC:L/PR:N/UI:R/S:U/C:H/I:H/A:H,No,07/09/24 17:15:00,8.8,01/22/26 05:15:17,0,N/A,https://www.vicarius.io/vsociety/vulnerabilities/372560/CVE-2024-21308,SQL Server Native Client OLE DB Provider Remote Code Execution Vulnerability,2.8,,,15.0.2000.5,CIPLL20-SHWETA,*,Claimpower,Microsoft Corporation_Microsoft System CLR Types for SQL Server 2019_15.0.2000.5_x64_
Asp.net Core,CVE-2025-55315,Microsoft,Critical,CVSS:3.1/AV:N/AC:L/PR:L/UI:N/S:C/C:H/I:H/A:L,No,10/14/25 17:15:00,9.9,01/23/26 02:40:40,0,N/A,https://www.vicarius.io/vsociety/vulnerabilities/427498/CVE-2025-55315,Inconsistent interpretation of http requests (http request/response smuggling) in ASP.NET Core allows an authorized attacker to bypass a security feature over a network.,3.1,,,8.0.6,CIPLLP-POOJA,*,Claimpower,Microsoft Corporation_Microsoft ASP.NET Core 8.0.6 Targeting Pack (x64)_8.0.6.24269_x64_
SQL Server 2019,CVE-2024-21333,Microsoft,High,CVSS:3.1/AV:N/AC:L/PR:N/UI:R/S:U/C:H/I:H/A:H,No,07/09/24 17:15:00,8.8,01/22/26 05:15:17,0,N/A,https://www.vicarius.io/vsociety/vulnerabilities/372556/CVE-2024-21333,SQL Server Native Client OLE DB Provider Remote Code Execution Vulnerability,2.8,,,15.0.2000.5,CIPLL20-SHWETA,*,Claimpower,Microsoft Corporation_Microsoft System CLR Types for SQL Server 2019_15.0.2000.5_x64_
Asp.net Core,CVE-2025-26682,Microsoft,High,CVSS:3.1/AV:N/AC:L/PR:N/UI:N/S:U/C:N/I:N/A:H,No,04/08/25 18:15:00,7.5,01/22/26 05:14:04,0,N/A,https://www.vicarius.io/vsociety/vulnerabilities/402445/CVE-2025-26682,Allocation of resources without limits or throttling in ASP.NET Core allows an unauthorized attacker to deny service over a network.,3.9,,,8.0.6,CIPLL20-SHWETA,*,Claimpower,Microsoft Corporation_Microsoft ASP.NET Core 8.0.6 Targeting Pack (x64)_8.0.6.24269_x64_
.NET,CVE-2024-0056,Microsoft,High,CVSS:3.1/AV:N/AC:H/PR:N/UI:N/S:C/C:H/I:H/A:N,No,01/09/24 18:15:00,8.7,01/22/26 05:13:25,0,N/A,https://www.vicarius.io/vsociety/vulnerabilities/349343/CVE-2024-0056,Microsoft.Data.SqlClient and System.Data.SqlClient SQL Data Provider Security Feature Bypass Vulnerability,2.2,,,7.0.10,CIPLL20-SHWETA,*,Claimpower,Microsoft Corporation_Microsoft .NET Runtime - 7.0.10 (x64)_56.43.64668_x64_
.NET,CVE-2024-0057,Microsoft,Critical,CVSS:3.1/AV:N/AC:L/PR:N/UI:N/S:U/C:H/I:H/A:H,No,01/09/24 18:15:00,9.8,01/22/26 05:13:25,0,N/A,https://www.vicarius.io/vsociety/vulnerabilities/349342/CVE-2024-0057,"NET, .NET Framework, and Visual Studio Security Feature Bypass Vulnerability",3.9,,,7.0.10,CIPLL20-SHWETA,*,Claimpower,Microsoft Corporation_Microsoft .NET Runtime - 7.0.10 (x64)_56.43.64668_x64_
SQL Server 2019,CVE-2024-28944,Microsoft,High,CVSS:3.1/AV:N/AC:L/PR:N/UI:R/S:U/C:H/I:H/A:H,No,04/09/24 17:15:00,8.8,01/22/26 05:15:17,0,N/A,https://www.vicarius.io/vsociety/vulnerabilities/358568/CVE-2024-28944,Microsoft OLE DB Driver for SQL Server Remote Code Execution Vulnerability,2.8,,,15.0.2000.5,CIPLL20-SHWETA,*,Claimpower,Microsoft Corporation_Microsoft System CLR Types for SQL Server 2019_15.0.2000.5_x64_
Asp.net Core,CVE-2025-55315,Microsoft,Critical,CVSS:3.1/AV:N/AC:L/PR:L/UI:N/S:C/C:H/I:H/A:L,No,10/14/25 17:15:00,9.9,01/22/26 06:57:21,0,N/A,https://www.vicarius.io/vsociety/vulnerabilities/427498/CVE-2025-55315,Inconsistent interpretation of http requests (http request/response smuggling) in ASP.NET Core allows an authorized attacker to bypass a security feature over a network.,3.1,,,8.0.6,CIPLLP-RUNALI,*,Claimpower,Microsoft Corporation_Microsoft ASP.NET Core 8.0.6 Targeting Pack (x64)_8.0.6.24269_x64_
.NET,CVE-2024-21409,Microsoft,High,CVSS:3.1/AV:L/AC:L/PR:L/UI:R/S:U/C:H/I:H/A:H,No,04/09/24 17:15:00,7.3,01/22/26 05:13:25,0,N/A,https://www.vicarius.io/vsociety/vulnerabilities/358676/CVE-2024-21409,".NET, .NET Framework, and Visual Studio Remote Code Execution Vulnerability",1.3,,,7.0.10,CIPLL20-SHWETA,*,Claimpower,Microsoft Corporation_Microsoft .NET Runtime - 7.0.10 (x64)_56.43.64668_x64_
SQL Server 2019,CVE-2024-28940,Microsoft,High,CVSS:3.1/AV:N/AC:L/PR:N/UI:R/S:U/C:H/I:H/A:H,No,04/09/24 17:15:00,8.8,01/22/26 05:15:17,0,N/A,https://www.vicarius.io/vsociety/vulnerabilities/358572/CVE-2024-28940,Microsoft OLE DB Driver for SQL Server Remote Code Execution Vulnerability,2.8,,,15.0.2000.5,CIPLL20-SHWETA,*,Claimpower,Microsoft Corporation_Microsoft System CLR Types for SQL Server 2019_15.0.2000.5_x64_
SQL Server 2019,CVE-2024-28943,Microsoft,High,CVSS:3.1/AV:N/AC:L/PR:N/UI:R/S:U/C:H/I:H/A:H,No,04/09/24 17:15:00,8.8,01/22/26 05:15:17,0,N/A,https://www.vicarius.io/vsociety/vulnerabilities/358569/CVE-2024-28943,Microsoft ODBC Driver for SQL Server Remote Code Execution Vulnerability,2.8,,,15.0.2000.5,CIPLL20-SHWETA,*,Claimpower,Microsoft Corporation_Microsoft System CLR Types for SQL Server 2019_15.0.2000.5_x64_
SQL Server 2019,CVE-2024-28942,Microsoft,High,CVSS:3.1/AV:N/AC:L/PR:N/UI:R/S:U/C:H/I:H/A:H,No,04/09/24 17:15:00,8.8,01/22/26 05:15:17,0,N/A,https://www.vicarius.io/vsociety/vulnerabilities/358570/CVE-2024-28942,Microsoft OLE DB Driver for SQL Server Remote Code Execution Vulnerability,2.8,,,15.0.2000.5,CIPLL20-SHWETA,*,Claimpower,Microsoft Corporation_Microsoft System CLR Types for SQL Server 2019_15.0.2000.5_x64_
.NET,CVE-2021-27434,Microsoft,High,CVSS:3.1/AV:N/AC:L/PR:N/UI:N/S:U/C:H/I:N/A:N,No,05/20/21 14:15:00,7.5,01/20/26 04:56:27,5,N/A,https://www.vicarius.io/vsociety/vulnerabilities/277232/CVE-2021-27434,"Products with Unified Automation .NET based OPC UA Client/Server SDK Bundle: Versions V3.0.7 and prior (.NET 4.5, 4.0, and 3.5 Framework versions only) are vulnerable to an uncontrolled recursion, which may allow an attacker to trigger a stack overflow.",3.9,,,4.0,CIPLL25-NEHA,*,Claimpower,Microsoft_.NET Framework 4.0 Full_4.0_x64_
Asp.net Core,CVE-2025-24070,Microsoft,High,CVSS:3.1/AV:N/AC:H/PR:N/UI:N/S:U/C:L/I:L/A:H,No,03/11/25 17:16:00,7,01/19/26 14:38:20,0,N/A,https://www.vicarius.io/vsociety/vulnerabilities/397848/CVE-2025-24070,Weak authentication in ASP.NET Core &amp. Visual Studio allows an unauthorized attacker to elevate privileges over a network.,2.2,,,8.0.6,CIPLL07-ROHIT,*,Claimpower,Microsoft Corporation_Microsoft ASP.NET Core 8.0.6 Targeting Pack (x64)_8.0.6.24269_x64_
SQL Server 2019,CVE-2024-37965,Microsoft,High,CVSS:3.1/AV:N/AC:L/PR:L/UI:N/S:U/C:H/I:H/A:H,No,09/10/24 17:15:00,8.8,01/20/26 18:06:22,0,N/A,https://www.vicarius.io/vsociety/vulnerabilities/376417/CVE-2024-37965,Microsoft SQL Server Elevation of Privilege Vulnerability,2.8,,,15.0.4382.1,CIPLL14-VAISHAL,*,Claimpower,Microsoft Corporation_Microsoft SQL Server 2019 LocalDB _15.0.4382.1_x64_
SQL Server 2019,CVE-2024-21415,Microsoft,High,CVSS:3.1/AV:N/AC:L/PR:N/UI:R/S:U/C:H/I:H/A:H,No,07/09/24 17:15:00,8.8,01/20/26 18:09:13,0,N/A,https://www.vicarius.io/vsociety/vulnerabilities/372551/CVE-2024-21415,SQL Server Native Client OLE DB Provider Remote Code Execution Vulnerability,2.8,,,15.0.2000.5,CIPLL14-VAISHAL,*,Claimpower,Microsoft Corporation_Microsoft System CLR Types for SQL Server 2019_15.0.2000.5_x64_
SQL Server 2019,CVE-2024-37966,Microsoft,High,CVSS:3.1/AV:N/AC:L/PR:L/UI:N/S:U/C:H/I:N/A:L,No,09/10/24 17:15:00,7.1,01/20/26 18:06:22,0,N/A,https://www.vicarius.io/vsociety/vulnerabilities/376416/CVE-2024-37966,Microsoft SQL Server Native Scoring Information Disclosure Vulnerability,2.8,,,15.0.4382.1,CIPLL14-VAISHAL,*,Claimpower,Microsoft Corporation_Microsoft SQL Server 2019 LocalDB _15.0.4382.1_x64_
SQL Server 2019,CVE-2024-21428,Microsoft,High,CVSS:3.1/AV:N/AC:L/PR:N/UI:R/S:U/C:H/I:H/A:H,No,07/09/24 17:15:00,8.8,01/20/26 18:09:13,0,N/A,https://www.vicarius.io/vsociety/vulnerabilities/372548/CVE-2024-21428,SQL Server Native Client OLE DB Provider Remote Code Execution Vulnerability,2.8,,,15.0.2000.5,CIPLL14-VAISHAL,*,Claimpower,Microsoft Corporation_Microsoft System CLR Types for SQL Server 2019_15.0.2000.5_x64_
SQL Server 2019,CVE-2024-21414,Microsoft,High,CVSS:3.1/AV:N/AC:L/PR:N/UI:R/S:U/C:H/I:H/A:H,No,07/09/24 17:15:00,8.8,01/20/26 18:09:13,0,N/A,https://www.vicarius.io/vsociety/vulnerabilities/372552/CVE-2024-21414,SQL Server Native Client OLE DB Provider Remote Code Execution Vulnerability,2.8,,,15.0.2000.5,CIPLL14-VAISHAL,*,Claimpower,Microsoft Corporation_Microsoft System CLR Types for SQL Server 2019_15.0.2000.5_x64_
SQL Server 2019,CVE-2024-21398,Microsoft,High,CVSS:3.1/AV:N/AC:L/PR:N/UI:R/S:U/C:H/I:H/A:H,No,07/09/24 17:15:00,8.8,01/20/26 18:09:13,0,N/A,https://www.vicarius.io/vsociety/vulnerabilities/372553/CVE-2024-21398,SQL Server Native Client OLE DB Provider Remote Code Execution Vulnerability,2.8,,,15.0.2000.5,CIPLL14-VAISHAL,*,Claimpower,Microsoft Corporation_Microsoft System CLR Types for SQL Server 2019_15.0.2000.5_x64_
.NET,CVE-2021-27434,Microsoft,High,CVSS:3.1/AV:N/AC:L/PR:N/UI:N/S:U/C:H/I:N/A:N,No,05/20/21 14:15:00,7.5,01/20/26 06:54:02,5,N/A,https://www.vicarius.io/vsociety/vulnerabilities/277232/CVE-2021-27434,"Products with Unified Automation .NET based OPC UA Client/Server SDK Bundle: Versions V3.0.7 and prior (.NET 4.5, 4.0, and 3.5 Framework versions only) are vulnerable to an uncontrolled recursion, which may allow an attacker to trigger a stack overflow.",3.9,,,4.0,CIPLLP-NASEEM,*,Claimpower,Microsoft_.NET Framework 4.0 Full_4.0_x64_
SQL Server 2019,CVE-2024-21373,Microsoft,High,CVSS:3.1/AV:N/AC:L/PR:N/UI:R/S:U/C:H/I:H/A:H,No,07/09/24 17:15:00,8.8,01/20/26 18:09:13,0,N/A,https://www.vicarius.io/vsociety/vulnerabilities/372554/CVE-2024-21373,SQL Server Native Client OLE DB Provider Remote Code Execution Vulnerability,2.8,,,15.0.2000.5,CIPLL14-VAISHAL,*,Claimpower,Microsoft Corporation_Microsoft System CLR Types for SQL Server 2019_15.0.2000.5_x64_
SQL Server 2019,CVE-2024-21332,Microsoft,High,CVSS:3.1/AV:N/AC:L/PR:N/UI:R/S:U/C:H/I:H/A:H,No,07/09/24 17:15:00,8.8,01/20/26 18:09:13,0,N/A,https://www.vicarius.io/vsociety/vulnerabilities/372557/CVE-2024-21332,SQL Server Native Client OLE DB Provider Remote Code Execution Vulnerability,2.8,,,15.0.2000.5,CIPLL14-VAISHAL,*,Claimpower,Microsoft Corporation_Microsoft System CLR Types for SQL Server 2019_15.0.2000.5_x64_
SQL Server 2019,CVE-2024-29982,Microsoft,High,CVSS:3.1/AV:N/AC:L/PR:N/UI:R/S:U/C:H/I:H/A:H,No,04/09/24 17:16:00,8.8,01/19/26 12:41:24,0,N/A,https://www.vicarius.io/vsociety/vulnerabilities/358548/CVE-2024-29982,Microsoft OLE DB Driver for SQL Server Remote Code Execution Vulnerability,2.8,,,15.0.2000.5,CIPLL20-SHWETA,*,Claimpower,Microsoft Corporation_Microsoft System CLR Types for SQL Server 2019_15.0.2000.5_x64_
.NET,CVE-2021-27434,Microsoft,High,CVSS:3.1/AV:N/AC:L/PR:N/UI:N/S:U/C:H/I:N/A:N,No,05/20/21 14:15:00,7.5,01/21/26 04:06:32,5,N/A,https://www.vicarius.io/vsociety/vulnerabilities/277232/CVE-2021-27434,"Products with Unified Automation .NET based OPC UA Client/Server SDK Bundle: Versions V3.0.7 and prior (.NET 4.5, 4.0, and 3.5 Framework versions only) are vulnerable to an uncontrolled recursion, which may allow an attacker to trigger a stack overflow.",3.9,,,4.0,CIPLL23-SWAPNIL,*,Claimpower,Microsoft_.NET Framework 4.0 Full_4.0_x64_
SQL Server 2019,CVE-2024-21317,Microsoft,High,CVSS:3.1/AV:N/AC:L/PR:N/UI:R/S:U/C:H/I:H/A:H,No,07/09/24 17:15:00,8.8,01/20/26 18:09:13,0,N/A,https://www.vicarius.io/vsociety/vulnerabilities/372559/CVE-2024-21317,SQL Server Native Client OLE DB Provider Remote Code Execution Vulnerability,2.8,,,15.0.2000.5,CIPLL14-VAISHAL,*,Claimpower,Microsoft Corporation_Microsoft System CLR Types for SQL Server 2019_15.0.2000.5_x64_
Asp.net Core,CVE-2025-26682,Microsoft,High,CVSS:3.1/AV:N/AC:L/PR:N/UI:N/S:U/C:N/I:N/A:H,No,04/08/25 18:15:00,7.5,01/20/26 03:39:23,0,N/A,https://www.vicarius.io/vsociety/vulnerabilities/402445/CVE-2025-26682,Allocation of resources without limits or throttling in ASP.NET Core allows an unauthorized attacker to deny service over a network.,3.9,,,8.0.6,CIPLLP-SONALI,*,Claimpower,Microsoft Corporation_Microsoft ASP.NET Core 8.0.6 Targeting Pack (x64)_8.0.6.24269_x64_
SQL Server 2019,CVE-2024-29983,Microsoft,High,CVSS:3.1/AV:N/AC:L/PR:N/UI:R/S:U/C:H/I:H/A:H,No,04/09/24 17:16:00,8.8,01/19/26 12:41:24,0,N/A,https://www.vicarius.io/vsociety/vulnerabilities/358547/CVE-2024-29983,Microsoft OLE DB Driver for SQL Server Remote Code Execution Vulnerability,2.8,,,15.0.2000.5,CIPLL20-SHWETA,*,Claimpower,Microsoft Corporation_Microsoft System CLR Types for SQL Server 2019_15.0.2000.5_x64_
SQL Server 2019,CVE-2024-29984,Microsoft,High,CVSS:3.1/AV:N/AC:L/PR:N/UI:R/S:U/C:H/I:H/A:H,No,04/09/24 17:16:00,8.8,01/19/26 12:41:24,0,N/A,https://www.vicarius.io/vsociety/vulnerabilities/358546/CVE-2024-29984,Microsoft OLE DB Driver for SQL Server Remote Code Execution Vulnerability,2.8,,,15.0.2000.5,CIPLL20-SHWETA,*,Claimpower,Microsoft Corporation_Microsoft System CLR Types for SQL Server 2019_15.0.2000.5_x64_
SQL Server 2019,CVE-2024-29985,Microsoft,High,CVSS:3.1/AV:N/AC:L/PR:N/UI:R/S:U/C:H/I:H/A:H,No,04/09/24 17:16:00,8.8,01/19/26 12:41:24,0,N/A,https://www.vicarius.io/vsociety/vulnerabilities/358545/CVE-2024-29985,Microsoft OLE DB Driver for SQL Server Remote Code Execution Vulnerability,2.8,,,15.0.2000.5,CIPLL20-SHWETA,*,Claimpower,Microsoft Corporation_Microsoft System CLR Types for SQL Server 2019_15.0.2000.5_x64_
Asp.net Core,CVE-2025-26682,Microsoft,High,CVSS:3.1/AV:N/AC:L/PR:N/UI:N/S:U/C:N/I:N/A:H,No,04/08/25 18:15:00,7.5,01/20/26 06:55:35,0,N/A,https://www.vicarius.io/vsociety/vulnerabilities/402445/CVE-2025-26682,Allocation of resources without limits or throttling in ASP.NET Core allows an unauthorized attacker to deny service over a network.,3.9,,,8.0.6,CIPLLP-NASEEM,*,Claimpower,Microsoft Corporation_Microsoft ASP.NET Core 8.0.6 Targeting Pack (x64)_8.0.6.24269_x64_
Asp.net Core,CVE-2025-55315,Microsoft,Critical,CVSS:3.1/AV:N/AC:L/PR:L/UI:N/S:C/C:H/I:H/A:L,No,10/14/25 17:15:00,9.9,01/20/26 18:09:13,0,N/A,https://www.vicarius.io/vsociety/vulnerabilities/427498/CVE-2025-55315,Inconsistent interpretation of http requests (http request/response smuggling) in ASP.NET Core allows an authorized attacker to bypass a security feature over a network.,3.1,,,8.0.6,CIPLL14-VAISHAL,*,Claimpower,Microsoft Corporation_Microsoft ASP.NET Core 8.0.6 Targeting Pack (x64)_8.0.6.24269_x64_
SQL Server 2019,CVE-2024-21331,Microsoft,High,CVSS:3.1/AV:N/AC:L/PR:N/UI:R/S:U/C:H/I:H/A:H,No,07/09/24 17:15:00,8.8,01/20/26 18:09:13,0,N/A,https://www.vicarius.io/vsociety/vulnerabilities/372558/CVE-2024-21331,SQL Server Native Client OLE DB Provider Remote Code Execution Vulnerability,2.8,,,15.0.2000.5,CIPLL14-VAISHAL,*,Claimpower,Microsoft Corporation_Microsoft System CLR Types for SQL Server 2019_15.0.2000.5_x64_
SQL Server 2019,CVE-2024-21425,Microsoft,High,CVSS:3.1/AV:N/AC:L/PR:N/UI:R/S:U/C:H/I:H/A:H,No,07/09/24 17:15:00,8.8,01/20/26 18:09:13,0,N/A,https://www.vicarius.io/vsociety/vulnerabilities/372549/CVE-2024-21425,SQL Server Native Client OLE DB Provider Remote Code Execution Vulnerability,2.8,,,15.0.2000.5,CIPLL14-VAISHAL,*,Claimpower,Microsoft Corporation_Microsoft System CLR Types for SQL Server 2019_15.0.2000.5_x64_
SQL Server 2019,CVE-2024-21308,Microsoft,High,CVSS:3.1/AV:N/AC:L/PR:N/UI:R/S:U/C:H/I:H/A:H,No,07/09/24 17:15:00,8.8,01/20/26 18:09:13,0,N/A,https://www.vicarius.io/vsociety/vulnerabilities/372560/CVE-2024-21308,SQL Server Native Client OLE DB Provider Remote Code Execution Vulnerability,2.8,,,15.0.2000.5,CIPLL14-VAISHAL,*,Claimpower,Microsoft Corporation_Microsoft System CLR Types for SQL Server 2019_15.0.2000.5_x64_
Asp.net Core,CVE-2025-24070,Microsoft,High,CVSS:3.1/AV:N/AC:H/PR:N/UI:N/S:U/C:L/I:L/A:H,No,03/11/25 17:16:00,7,01/19/26 12:43:43,0,N/A,https://www.vicarius.io/vsociety/vulnerabilities/397848/CVE-2025-24070,Weak authentication in ASP.NET Core &amp. Visual Studio allows an unauthorized attacker to elevate privileges over a network.,2.2,,,8.0.6,CIPLL20-SHWETA,*,Claimpower,Microsoft Corporation_Microsoft ASP.NET Core 8.0.6 Targeting Pack (x64)_8.0.6.24269_x64_
SQL Server 2019,CVE-2024-28942,Microsoft,High,CVSS:3.1/AV:N/AC:L/PR:N/UI:R/S:U/C:H/I:H/A:H,No,04/09/24 17:15:00,8.8,01/19/26 12:41:24,0,N/A,https://www.vicarius.io/vsociety/vulnerabilities/358570/CVE-2024-28942,Microsoft OLE DB Driver for SQL Server Remote Code Execution Vulnerability,2.8,,,15.0.2000.5,CIPLL20-SHWETA,*,Claimpower,Microsoft Corporation_Microsoft System CLR Types for SQL Server 2019_15.0.2000.5_x64_
SQL Server 2019,CVE-2024-21335,Microsoft,High,CVSS:3.1/AV:N/AC:L/PR:N/UI:R/S:U/C:H/I:H/A:H,No,07/09/24 17:15:00,8.8,01/20/26 18:09:13,0,N/A,https://www.vicarius.io/vsociety/vulnerabilities/372555/CVE-2024-21335,SQL Server Native Client OLE DB Provider Remote Code Execution Vulnerability,2.8,,,15.0.2000.5,CIPLL14-VAISHAL,*,Claimpower,Microsoft Corporation_Microsoft System CLR Types for SQL Server 2019_15.0.2000.5_x64_
SQL Server 2019,CVE-2024-28943,Microsoft,High,CVSS:3.1/AV:N/AC:L/PR:N/UI:R/S:U/C:H/I:H/A:H,No,04/09/24 17:15:00,8.8,01/19/26 12:41:24,0,N/A,https://www.vicarius.io/vsociety/vulnerabilities/358569/CVE-2024-28943,Microsoft ODBC Driver for SQL Server Remote Code Execution Vulnerability,2.8,,,15.0.2000.5,CIPLL20-SHWETA,*,Claimpower,Microsoft Corporation_Microsoft System CLR Types for SQL Server 2019_15.0.2000.5_x64_
SQL Server 2019,CVE-2024-28944,Microsoft,High,CVSS:3.1/AV:N/AC:L/PR:N/UI:R/S:U/C:H/I:H/A:H,No,04/09/24 17:15:00,8.8,01/19/26 12:41:24,0,N/A,https://www.vicarius.io/vsociety/vulnerabilities/358568/CVE-2024-28944,Microsoft OLE DB Driver for SQL Server Remote Code Execution Vulnerability,2.8,,,15.0.2000.5,CIPLL20-SHWETA,*,Claimpower,Microsoft Corporation_Microsoft System CLR Types for SQL Server 2019_15.0.2000.5_x64_
SQL Server 2019,CVE-2024-21333,Microsoft,High,CVSS:3.1/AV:N/AC:L/PR:N/UI:R/S:U/C:H/I:H/A:H,No,07/09/24 17:15:00,8.8,01/20/26 18:09:13,0,N/A,https://www.vicarius.io/vsociety/vulnerabilities/372556/CVE-2024-21333,SQL Server Native Client OLE DB Provider Remote Code Execution Vulnerability,2.8,,,15.0.2000.5,CIPLL14-VAISHAL,*,Claimpower,Microsoft Corporation_Microsoft System CLR Types for SQL Server 2019_15.0.2000.5_x64_
.NET,CVE-2024-30045,Microsoft,Medium,CVSS:3.1/AV:N/AC:L/PR:N/UI:R/S:U/C:L/I:L/A:L,No,05/14/24 17:17:00,6.3,01/19/26 12:40:57,0,N/A,https://www.vicarius.io/vsociety/vulnerabilities/363409/CVE-2024-30045,.NET and Visual Studio Remote Code Execution Vulnerability,2.8,,,7.0.10,CIPLL20-SHWETA,*,Claimpower,Microsoft Corporation_Microsoft .NET Runtime - 7.0.10 (x64)_56.43.64668_x64_
.NET,CVE-2024-30046,Microsoft,Medium,CVSS:3.1/AV:N/AC:H/PR:N/UI:N/S:U/C:N/I:N/A:H,No,05/14/24 17:17:00,5.9,01/19/26 12:40:57,0,N/A,https://www.vicarius.io/vsociety/vulnerabilities/363408/CVE-2024-30046,Visual Studio Denial of Service Vulnerability,2.2,,,7.0.10,CIPLL20-SHWETA,*,Claimpower,Microsoft Corporation_Microsoft .NET Runtime - 7.0.10 (x64)_56.43.64668_x64_
SQL Server 2019,CVE-2024-28939,Microsoft,High,CVSS:3.1/AV:N/AC:L/PR:N/UI:R/S:U/C:H/I:H/A:H,No,04/09/24 17:15:00,8.8,01/19/26 12:41:24,0,N/A,https://www.vicarius.io/vsociety/vulnerabilities/358573/CVE-2024-28939,Microsoft OLE DB Driver for SQL Server Remote Code Execution Vulnerability,2.8,,,15.0.2000.5,CIPLL20-SHWETA,*,Claimpower,Microsoft Corporation_Microsoft System CLR Types for SQL Server 2019_15.0.2000.5_x64_
.NET,CVE-2024-21409,Microsoft,High,CVSS:3.1/AV:L/AC:L/PR:L/UI:R/S:U/C:H/I:H/A:H,No,04/09/24 17:15:00,7.3,01/19/26 12:40:57,0,N/A,https://www.vicarius.io/vsociety/vulnerabilities/358676/CVE-2024-21409,".NET, .NET Framework, and Visual Studio Remote Code Execution Vulnerability",1.3,,,7.0.10,CIPLL20-SHWETA,*,Claimpower,Microsoft Corporation_Microsoft .NET Runtime - 7.0.10 (x64)_56.43.64668_x64_
SQL Server 2019,CVE-2024-28940,Microsoft,High,CVSS:3.1/AV:N/AC:L/PR:N/UI:R/S:U/C:H/I:H/A:H,No,04/09/24 17:15:00,8.8,01/19/26 12:41:24,0,N/A,https://www.vicarius.io/vsociety/vulnerabilities/358572/CVE-2024-28940,Microsoft OLE DB Driver for SQL Server Remote Code Execution Vulnerability,2.8,,,15.0.2000.5,CIPLL20-SHWETA,*,Claimpower,Microsoft Corporation_Microsoft System CLR Types for SQL Server 2019_15.0.2000.5_x64_
Asp.net Core,CVE-2025-26682,Microsoft,High,CVSS:3.1/AV:N/AC:L/PR:N/UI:N/S:U/C:N/I:N/A:H,No,04/08/25 18:15:00,7.5,01/20/26 18:09:13,0,N/A,https://www.vicarius.io/vsociety/vulnerabilities/402445/CVE-2025-26682,Allocation of resources without limits or throttling in ASP.NET Core allows an unauthorized attacker to deny service over a network.,3.9,,,8.0.6,CIPLL14-VAISHAL,*,Claimpower,Microsoft Corporation_Microsoft ASP.NET Core 8.0.6 Targeting Pack (x64)_8.0.6.24269_x64_
.NET,CVE-2021-27434,Microsoft,High,CVSS:3.1/AV:N/AC:L/PR:N/UI:N/S:U/C:H/I:N/A:N,No,05/20/21 14:15:00,7.5,01/19/26 16:19:13,5,N/A,https://www.vicarius.io/vsociety/vulnerabilities/277232/CVE-2021-27434,"Products with Unified Automation .NET based OPC UA Client/Server SDK Bundle: Versions V3.0.7 and prior (.NET 4.5, 4.0, and 3.5 Framework versions only) are vulnerable to an uncontrolled recursion, which may allow an attacker to trigger a stack overflow.",3.9,,,4.0,CIPLL33-FAISAL,*,Claimpower,Microsoft_.NET Framework 4.0 Full_4.0_x64_
Asp.net Core,CVE-2025-24070,Microsoft,High,CVSS:3.1/AV:N/AC:H/PR:N/UI:N/S:U/C:L/I:L/A:H,No,03/11/25 17:16:00,7,01/19/26 17:17:49,0,N/A,https://www.vicarius.io/vsociety/vulnerabilities/397848/CVE-2025-24070,Weak authentication in ASP.NET Core &amp. Visual Studio allows an unauthorized attacker to elevate privileges over a network.,2.2,,,8.0.6,CIPLLP-HITESH,*,Claimpower,Microsoft Corporation_Microsoft ASP.NET Core 8.0.6 Targeting Pack (x64)_8.0.6.24269_x64_
SQL Server 2019,CVE-2025-49718,Microsoft,High,CVSS:3.1/AV:N/AC:L/PR:N/UI:N/S:U/C:H/I:N/A:N,No,07/08/25 17:15:00,7.5,01/19/26 12:42:57,0,N/A,https://www.vicarius.io/vsociety/vulnerabilities/414338/CVE-2025-49718,Use of uninitialized resource in SQL Server allows an unauthorized attacker to disclose information over a network.,3.9,,,15.0.4382.1,CIPLL20-SHWETA,*,Claimpower,Microsoft Corporation_Microsoft SQL Server 2019 LocalDB _15.0.4382.1_x64_
SQL Server 2019,CVE-2025-47997,Microsoft,Medium,CVSS:3.1/AV:N/AC:L/PR:L/UI:N/S:U/C:H/I:N/A:N,No,09/09/25 17:15:00,6.5,01/19/26 12:42:57,0,N/A,https://www.vicarius.io/vsociety/vulnerabilities/422165/CVE-2025-47997,Concurrent execution using shared resource with improper synchronization (race condition) in SQL Server allows an authorized attacker to disclose information over a network.,2.8,,,15.0.4382.1,CIPLL20-SHWETA,*,Claimpower,Microsoft Corporation_Microsoft SQL Server 2019 LocalDB _15.0.4382.1_x64_
SQL Server 2019,CVE-2025-49717,Microsoft,High,CVSS:3.1/AV:N/AC:H/PR:L/UI:N/S:C/C:H/I:H/A:H,No,07/08/25 17:15:00,8.5,01/19/26 12:42:57,0,N/A,https://www.vicarius.io/vsociety/vulnerabilities/414339/CVE-2025-49717,Heap-based buffer overflow in SQL Server allows an authorized attacker to execute code over a network.,1.8,,,15.0.4382.1,CIPLL20-SHWETA,*,Claimpower,Microsoft Corporation_Microsoft SQL Server 2019 LocalDB _15.0.4382.1_x64_
SQL Server 2019,CVE-2025-59499,Microsoft,High,CVSS:3.1/AV:N/AC:L/PR:L/UI:N/S:U/C:H/I:H/A:H,No,11/11/25 18:15:00,8.8,01/20/26 18:06:22,0,N/A,https://www.vicarius.io/vsociety/vulnerabilities/431418/CVE-2025-59499,Improper neutralization of special elements used in an sql command (sql injection) in SQL Server allows an authorized attacker to elevate privileges over a network.,2.8,,,15.0.4382.1,CIPLL14-VAISHAL,*,Claimpower,Microsoft Corporation_Microsoft SQL Server 2019 LocalDB _15.0.4382.1_x64_
.NET,CVE-2024-21392,Microsoft,High,CVSS:3.1/AV:N/AC:L/PR:N/UI:N/S:U/C:N/I:N/A:H,No,03/12/24 17:15:00,7.5,01/19/26 12:40:57,0,N/A,https://www.vicarius.io/vsociety/vulnerabilities/355230/CVE-2024-21392,.NET and Visual Studio Denial of Service Vulnerability,3.9,,,7.0.10,CIPLL20-SHWETA,*,Claimpower,Microsoft Corporation_Microsoft .NET Runtime - 7.0.10 (x64)_56.43.64668_x64_
Asp.net Core,CVE-2025-24070,Microsoft,High,CVSS:3.1/AV:N/AC:H/PR:N/UI:N/S:U/C:L/I:L/A:H,No,03/11/25 17:16:00,7,01/20/26 03:39:23,0,N/A,https://www.vicarius.io/vsociety/vulnerabilities/397848/CVE-2025-24070,Weak authentication in ASP.NET Core &amp. Visual Studio allows an unauthorized attacker to elevate privileges over a network.,2.2,,,8.0.6,CIPLLP-SONALI,*,Claimpower,Microsoft Corporation_Microsoft ASP.NET Core 8.0.6 Targeting Pack (x64)_8.0.6.24269_x64_
.NET,CVE-2021-27434,Microsoft,High,CVSS:3.1/AV:N/AC:L/PR:N/UI:N/S:U/C:H/I:N/A:N,No,05/20/21 14:15:00,7.5,01/20/26 20:05:13,5,N/A,https://www.vicarius.io/vsociety/vulnerabilities/277232/CVE-2021-27434,"Products with Unified Automation .NET based OPC UA Client/Server SDK Bundle: Versions V3.0.7 and prior (.NET 4.5, 4.0, and 3.5 Framework versions only) are vulnerable to an uncontrolled recursion, which may allow an attacker to trigger a stack overflow.",3.9,,,4.0,CIPLMD-DIANA,*,Claimpower,Microsoft_.NET Framework 4.0 Full_4.0_x64_
SQL Server 2019,CVE-2025-49719,Microsoft,High,CVSS:3.1/AV:N/AC:L/PR:N/UI:N/S:U/C:H/I:N/A:N,No,07/08/25 17:15:00,7.5,01/19/26 12:42:57,0,N/A,https://www.vicarius.io/vsociety/vulnerabilities/414337/CVE-2025-49719,Improper input validation in SQL Server allows an unauthorized attacker to disclose information over a network.,3.9,,,15.0.4382.1,CIPLL20-SHWETA,*,Claimpower,Microsoft Corporation_Microsoft SQL Server 2019 LocalDB _15.0.4382.1_x64_
SQL Server 2019,CVE-2025-49759,Microsoft,High,CVSS:3.1/AV:N/AC:L/PR:L/UI:N/S:U/C:H/I:H/A:H,No,08/12/25 18:15:00,8.8,01/19/26 12:42:57,0,N/A,https://www.vicarius.io/vsociety/vulnerabilities/418520/CVE-2025-49759,Improper neutralization of special elements used in an sql command (sql injection) in SQL Server allows an authorized attacker to elevate privileges over a network.,2.8,,,15.0.4382.1,CIPLL20-SHWETA,*,Claimpower,Microsoft Corporation_Microsoft SQL Server 2019 LocalDB _15.0.4382.1_x64_
SQL Server 2019,CVE-2024-28945,Microsoft,High,CVSS:3.1/AV:N/AC:L/PR:N/UI:R/S:U/C:H/I:H/A:H,No,04/09/24 17:15:00,8.8,01/19/26 12:41:24,0,N/A,https://www.vicarius.io/vsociety/vulnerabilities/358567/CVE-2024-28945,Microsoft OLE DB Driver for SQL Server Remote Code Execution Vulnerability,2.8,,,15.0.2000.5,CIPLL20-SHWETA,*,Claimpower,Microsoft Corporation_Microsoft System CLR Types for SQL Server 2019_15.0.2000.5_x64_
SQL Server 2019,CVE-2024-29043,Microsoft,High,CVSS:3.1/AV:N/AC:L/PR:N/UI:R/S:U/C:H/I:H/A:H,No,04/09/24 17:15:00,8.8,01/19/26 12:41:24,0,N/A,https://www.vicarius.io/vsociety/vulnerabilities/358566/CVE-2024-29043,Microsoft ODBC Driver for SQL Server Remote Code Execution Vulnerability,2.8,,,15.0.2000.5,CIPLL20-SHWETA,*,Claimpower,Microsoft Corporation_Microsoft System CLR Types for SQL Server 2019_15.0.2000.5_x64_
SQL Server 2019,CVE-2024-29044,Microsoft,High,CVSS:3.1/AV:N/AC:L/PR:N/UI:R/S:U/C:H/I:H/A:H,No,04/09/24 17:15:00,8.8,01/19/26 12:41:24,0,N/A,https://www.vicarius.io/vsociety/vulnerabilities/358565/CVE-2024-29044,Microsoft OLE DB Driver for SQL Server Remote Code Execution Vulnerability,2.8,,,15.0.2000.5,CIPLL20-SHWETA,*,Claimpower,Microsoft Corporation_Microsoft System CLR Types for SQL Server 2019_15.0.2000.5_x64_
SQL Server 2019,CVE-2024-29045,Microsoft,High,CVSS:3.1/AV:N/AC:H/PR:N/UI:R/S:U/C:H/I:H/A:H,No,04/09/24 17:15:00,7.5,01/19/26 12:41:24,0,N/A,https://www.vicarius.io/vsociety/vulnerabilities/358564/CVE-2024-29045,Microsoft OLE DB Driver for SQL Server Remote Code Execution Vulnerability,1.6,,,15.0.2000.5,CIPLL20-SHWETA,*,Claimpower,Microsoft Corporation_Microsoft System CLR Types for SQL Server 2019_15.0.2000.5_x64_
SQL Server 2019,CVE-2025-24999,Microsoft,High,CVSS:3.1/AV:N/AC:L/PR:L/UI:N/S:U/C:H/I:H/A:H,No,08/12/25 18:15:00,8.8,01/19/26 12:42:57,0,N/A,https://www.vicarius.io/vsociety/vulnerabilities/418542/CVE-2025-24999,Improper access control in SQL Server allows an authorized attacker to elevate privileges over a network.,2.8,,,15.0.4382.1,CIPLL20-SHWETA,*,Claimpower,Microsoft Corporation_Microsoft SQL Server 2019 LocalDB _15.0.4382.1_x64_
Asp.net Core,CVE-2025-24070,Microsoft,High,CVSS:3.1/AV:N/AC:H/PR:N/UI:N/S:U/C:L/I:L/A:H,No,03/11/25 17:16:00,7,01/20/26 06:55:35,0,N/A,https://www.vicarius.io/vsociety/vulnerabilities/397848/CVE-2025-24070,Weak authentication in ASP.NET Core &amp. Visual Studio allows an unauthorized attacker to elevate privileges over a network.,2.2,,,8.0.6,CIPLLP-NASEEM,*,Claimpower,Microsoft Corporation_Microsoft ASP.NET Core 8.0.6 Targeting Pack (x64)_8.0.6.24269_x64_
SQL Server 2019,CVE-2024-29046,Microsoft,High,CVSS:3.1/AV:N/AC:L/PR:N/UI:R/S:U/C:H/I:H/A:H,No,04/09/24 17:15:00,8.8,01/19/26 12:41:24,0,N/A,https://www.vicarius.io/vsociety/vulnerabilities/358563/CVE-2024-29046,Microsoft OLE DB Driver for SQL Server Remote Code Execution Vulnerability,2.8,,,15.0.2000.5,CIPLL20-SHWETA,*,Claimpower,Microsoft Corporation_Microsoft System CLR Types for SQL Server 2019_15.0.2000.5_x64_
SQL Server 2019,CVE-2024-29048,Microsoft,High,CVSS:3.1/AV:N/AC:L/PR:N/UI:R/S:U/C:H/I:H/A:H,No,04/09/24 17:15:00,8.8,01/19/26 12:41:24,0,N/A,https://www.vicarius.io/vsociety/vulnerabilities/358561/CVE-2024-29048,Microsoft OLE DB Driver for SQL Server Remote Code Execution Vulnerability,2.8,,,15.0.2000.5,CIPLL20-SHWETA,*,Claimpower,Microsoft Corporation_Microsoft System CLR Types for SQL Server 2019_15.0.2000.5_x64_
SQL Server 2019,CVE-2025-49758,Microsoft,High,CVSS:3.1/AV:N/AC:L/PR:L/UI:N/S:U/C:H/I:H/A:H,No,08/12/25 18:15:00,8.8,01/19/26 12:42:57,0,N/A,https://www.vicarius.io/vsociety/vulnerabilities/418521/CVE-2025-49758,Improper neutralization of special elements used in an sql command (sql injection) in SQL Server allows an authorized attacker to elevate privileges over a network.,2.8,,,15.0.4382.1,CIPLL20-SHWETA,*,Claimpower,Microsoft Corporation_Microsoft SQL Server 2019 LocalDB _15.0.4382.1_x64_
Asp.net Core,CVE-2025-24070,Microsoft,High,CVSS:3.1/AV:N/AC:H/PR:N/UI:N/S:U/C:L/I:L/A:H,No,03/11/25 17:16:00,7,01/19/26 16:13:31,0,N/A,https://www.vicarius.io/vsociety/vulnerabilities/397848/CVE-2025-24070,Weak authentication in ASP.NET Core &amp. Visual Studio allows an unauthorized attacker to elevate privileges over a network.,2.2,,,8.0.6,CIPLL33-FAISAL,*,Claimpower,Microsoft Corporation_Microsoft ASP.NET Core 8.0.6 Targeting Pack (x64)_8.0.6.24269_x64_
SQL Server 2019,CVE-2024-28939,Microsoft,High,CVSS:3.1/AV:N/AC:L/PR:N/UI:R/S:U/C:H/I:H/A:H,No,04/09/24 17:15:00,8.8,01/20/26 18:09:13,0,N/A,https://www.vicarius.io/vsociety/vulnerabilities/358573/CVE-2024-28939,Microsoft OLE DB Driver for SQL Server Remote Code Execution Vulnerability,2.8,,,15.0.2000.5,CIPLL14-VAISHAL,*,Claimpower,Microsoft Corporation_Microsoft System CLR Types for SQL Server 2019_15.0.2000.5_x64_
SQL Server 2019,CVE-2024-28940,Microsoft,High,CVSS:3.1/AV:N/AC:L/PR:N/UI:R/S:U/C:H/I:H/A:H,No,04/09/24 17:15:00,8.8,01/20/26 18:09:13,0,N/A,https://www.vicarius.io/vsociety/vulnerabilities/358572/CVE-2024-28940,Microsoft OLE DB Driver for SQL Server Remote Code Execution Vulnerability,2.8,,,15.0.2000.5,CIPLL14-VAISHAL,*,Claimpower,Microsoft Corporation_Microsoft System CLR Types for SQL Server 2019_15.0.2000.5_x64_
SQL Server 2022,CVE-2024-28926,Microsoft,High,CVSS:3.1/AV:N/AC:L/PR:N/UI:R/S:U/C:H/I:H/A:H,No,04/09/24 17:15:00,8.8,01/21/26 04:06:32,0,N/A,https://www.vicarius.io/vsociety/vulnerabilities/358585/CVE-2024-28926,Microsoft OLE DB Driver for SQL Server Remote Code Execution Vulnerability,2.8,,,16.0.1000.6,CIPLL23-SWAPNIL,*,Claimpower,Microsoft Corporation_Browser for SQL Server 2022_16.0.1000.6_x64_
SQL Server 2022,CVE-2024-28927,Microsoft,High,CVSS:3.1/AV:N/AC:L/PR:N/UI:R/S:U/C:H/I:H/A:H,No,04/09/24 17:15:00,8.8,01/21/26 04:06:32,0,N/A,https://www.vicarius.io/vsociety/vulnerabilities/358584/CVE-2024-28927,Microsoft OLE DB Driver for SQL Server Remote Code Execution Vulnerability,2.8,,,16.0.1000.6,CIPLL23-SWAPNIL,*,Claimpower,Microsoft Corporation_Browser for SQL Server 2022_16.0.1000.6_x64_
SQL Server 2019,CVE-2024-28943,Microsoft,High,CVSS:3.1/AV:N/AC:L/PR:N/UI:R/S:U/C:H/I:H/A:H,No,04/09/24 17:15:00,8.8,01/20/26 18:09:13,0,N/A,https://www.vicarius.io/vsociety/vulnerabilities/358569/CVE-2024-28943,Microsoft ODBC Driver for SQL Server Remote Code Execution Vulnerability,2.8,,,15.0.2000.5,CIPLL14-VAISHAL,*,Claimpower,Microsoft Corporation_Microsoft System CLR Types for SQL Server 2019_15.0.2000.5_x64_
SQL Server 2019,CVE-2024-28944,Microsoft,High,CVSS:3.1/AV:N/AC:L/PR:N/UI:R/S:U/C:H/I:H/A:H,No,04/09/24 17:15:00,8.8,01/20/26 18:09:13,0,N/A,https://www.vicarius.io/vsociety/vulnerabilities/358568/CVE-2024-28944,Microsoft OLE DB Driver for SQL Server Remote Code Execution Vulnerability,2.8,,,15.0.2000.5,CIPLL14-VAISHAL,*,Claimpower,Microsoft Corporation_Microsoft System CLR Types for SQL Server 2019_15.0.2000.5_x64_
.NET,CVE-2021-27434,Microsoft,High,CVSS:3.1/AV:N/AC:L/PR:N/UI:N/S:U/C:H/I:N/A:N,No,05/20/21 14:15:00,7.5,01/19/26 14:38:07,5,N/A,https://www.vicarius.io/vsociety/vulnerabilities/277232/CVE-2021-27434,"Products with Unified Automation .NET based OPC UA Client/Server SDK Bundle: Versions V3.0.7 and prior (.NET 4.5, 4.0, and 3.5 Framework versions only) are vulnerable to an uncontrolled recursion, which may allow an attacker to trigger a stack overflow.",3.9,,,4.0,CIPLL07-ROHIT,*,Claimpower,Microsoft_.NET Framework 4.0 Full_4.0_x64_
SQL Server 2022,CVE-2024-21428,Microsoft,High,CVSS:3.1/AV:N/AC:L/PR:N/UI:R/S:U/C:H/I:H/A:H,No,07/09/24 17:15:00,8.8,01/21/26 04:06:32,0,N/A,https://www.vicarius.io/vsociety/vulnerabilities/372548/CVE-2024-21428,SQL Server Native Client OLE DB Provider Remote Code Execution Vulnerability,2.8,,,16.0.1000.6,CIPLL23-SWAPNIL,*,Claimpower,Microsoft Corporation_Browser for SQL Server 2022_16.0.1000.6_x64_
SQL Server 2019,CVE-2024-28942,Microsoft,High,CVSS:3.1/AV:N/AC:L/PR:N/UI:R/S:U/C:H/I:H/A:H,No,04/09/24 17:15:00,8.8,01/20/26 18:09:13,0,N/A,https://www.vicarius.io/vsociety/vulnerabilities/358570/CVE-2024-28942,Microsoft OLE DB Driver for SQL Server Remote Code Execution Vulnerability,2.8,,,15.0.2000.5,CIPLL14-VAISHAL,*,Claimpower,Microsoft Corporation_Microsoft System CLR Types for SQL Server 2019_15.0.2000.5_x64_
Asp.net Core,CVE-2025-55315,Microsoft,Critical,CVSS:3.1/AV:N/AC:L/PR:L/UI:N/S:C/C:H/I:H/A:L,No,10/14/25 17:15:00,9.9,01/19/26 14:38:20,0,N/A,https://www.vicarius.io/vsociety/vulnerabilities/427498/CVE-2025-55315,Inconsistent interpretation of http requests (http request/response smuggling) in ASP.NET Core allows an authorized attacker to bypass a security feature over a network.,3.1,,,8.0.6,CIPLL07-ROHIT,*,Claimpower,Microsoft Corporation_Microsoft ASP.NET Core 8.0.6 Targeting Pack (x64)_8.0.6.24269_x64_
Asp.net Core,CVE-2025-55315,Microsoft,Critical,CVSS:3.1/AV:N/AC:L/PR:L/UI:N/S:C/C:H/I:H/A:L,No,10/14/25 17:15:00,9.9,01/20/26 04:55:06,0,N/A,https://www.vicarius.io/vsociety/vulnerabilities/427498/CVE-2025-55315,Inconsistent interpretation of http requests (http request/response smuggling) in ASP.NET Core allows an authorized attacker to bypass a security feature over a network.,3.1,,,8.0.6,CIPLL25-NEHA,*,Claimpower,Microsoft Corporation_Microsoft ASP.NET Core 8.0.6 Targeting Pack (x64)_8.0.6.24269_x64_
.NET,CVE-2021-27434,Microsoft,High,CVSS:3.1/AV:N/AC:L/PR:N/UI:N/S:U/C:H/I:N/A:N,No,05/20/21 14:15:00,7.5,01/20/26 03:43:25,5,N/A,https://www.vicarius.io/vsociety/vulnerabilities/277232/CVE-2021-27434,"Products with Unified Automation .NET based OPC UA Client/Server SDK Bundle: Versions V3.0.7 and prior (.NET 4.5, 4.0, and 3.5 Framework versions only) are vulnerable to an uncontrolled recursion, which may allow an attacker to trigger a stack overflow.",3.9,,,4.0,CIPLLP-SONALI,*,Claimpower,Microsoft_.NET Framework 4.0 Full_4.0_x64_
SQL Server 2019,CVE-2025-55227,Microsoft,High,CVSS:3.1/AV:N/AC:L/PR:L/UI:N/S:U/C:H/I:H/A:H,No,09/09/25 17:16:00,8.8,01/19/26 12:42:57,0,N/A,https://www.vicarius.io/vsociety/vulnerabilities/422076/CVE-2025-55227,Improper neutralization of special elements used in a command (command injection) in SQL Server allows an authorized attacker to elevate privileges over a network.,2.8,,,15.0.4382.1,CIPLL20-SHWETA,*,Claimpower,Microsoft Corporation_Microsoft SQL Server 2019 LocalDB _15.0.4382.1_x64_
Asp.net Core,CVE-2025-26682,Microsoft,High,CVSS:3.1/AV:N/AC:L/PR:N/UI:N/S:U/C:N/I:N/A:H,No,04/08/25 18:15:00,7.5,01/19/26 17:17:49,0,N/A,https://www.vicarius.io/vsociety/vulnerabilities/402445/CVE-2025-26682,Allocation of resources without limits or throttling in ASP.NET Core allows an unauthorized attacker to deny service over a network.,3.9,,,8.0.6,CIPLLP-HITESH,*,Claimpower,Microsoft Corporation_Microsoft ASP.NET Core 8.0.6 Targeting Pack (x64)_8.0.6.24269_x64_
SQL Server 2019,CVE-2025-47997,Microsoft,Medium,CVSS:3.1/AV:N/AC:L/PR:L/UI:N/S:U/C:H/I:N/A:N,No,09/09/25 17:15:00,6.5,01/20/26 18:06:22,0,N/A,https://www.vicarius.io/vsociety/vulnerabilities/422165/CVE-2025-47997,Concurrent execution using shared resource with improper synchronization (race condition) in SQL Server allows an authorized attacker to disclose information over a network.,2.8,,,15.0.4382.1,CIPLL14-VAISHAL,*,Claimpower,Microsoft Corporation_Microsoft SQL Server 2019 LocalDB _15.0.4382.1_x64_
SQL Server 2019,CVE-2025-59499,Microsoft,High,CVSS:3.1/AV:N/AC:L/PR:L/UI:N/S:U/C:H/I:H/A:H,No,11/11/25 18:15:00,8.8,01/19/26 12:42:57,0,N/A,https://www.vicarius.io/vsociety/vulnerabilities/431418/CVE-2025-59499,Improper neutralization of special elements used in an sql command (sql injection) in SQL Server allows an authorized attacker to elevate privileges over a network.,2.8,,,15.0.4382.1,CIPLL20-SHWETA,*,Claimpower,Microsoft Corporation_Microsoft SQL Server 2019 LocalDB _15.0.4382.1_x64_
SQL Server 2019,CVE-2024-29043,Microsoft,High,CVSS:3.1/AV:N/AC:L/PR:N/UI:R/S:U/C:H/I:H/A:H,No,04/09/24 17:15:00,8.8,01/20/26 18:09:13,0,N/A,https://www.vicarius.io/vsociety/vulnerabilities/358566/CVE-2024-29043,Microsoft ODBC Driver for SQL Server Remote Code Execution Vulnerability,2.8,,,15.0.2000.5,CIPLL14-VAISHAL,*,Claimpower,Microsoft Corporation_Microsoft System CLR Types for SQL Server 2019_15.0.2000.5_x64_
SQL Server 2019,CVE-2024-29044,Microsoft,High,CVSS:3.1/AV:N/AC:L/PR:N/UI:R/S:U/C:H/I:H/A:H,No,04/09/24 17:15:00,8.8,01/20/26 18:09:13,0,N/A,https://www.vicarius.io/vsociety/vulnerabilities/358565/CVE-2024-29044,Microsoft OLE DB Driver for SQL Server Remote Code Execution Vulnerability,2.8,,,15.0.2000.5,CIPLL14-VAISHAL,*,Claimpower,Microsoft Corporation_Microsoft System CLR Types for SQL Server 2019_15.0.2000.5_x64_
.NET,CVE-2021-27434,Microsoft,High,CVSS:3.1/AV:N/AC:L/PR:N/UI:N/S:U/C:H/I:N/A:N,No,05/20/21 14:15:00,7.5,01/20/26 03:51:27,5,N/A,https://www.vicarius.io/vsociety/vulnerabilities/277232/CVE-2021-27434,"Products with Unified Automation .NET based OPC UA Client/Server SDK Bundle: Versions V3.0.7 and prior (.NET 4.5, 4.0, and 3.5 Framework versions only) are vulnerable to an uncontrolled recursion, which may allow an attacker to trigger a stack overflow.",3.9,,,4.0,CIPLMD50,*,Claimpower,Microsoft_.NET Framework 4.0 Full_4.0_x64_
SQL Server 2019,CVE-2024-28945,Microsoft,High,CVSS:3.1/AV:N/AC:L/PR:N/UI:R/S:U/C:H/I:H/A:H,No,04/09/24 17:15:00,8.8,01/20/26 18:09:13,0,N/A,https://www.vicarius.io/vsociety/vulnerabilities/358567/CVE-2024-28945,Microsoft OLE DB Driver for SQL Server Remote Code Execution Vulnerability,2.8,,,15.0.2000.5,CIPLL14-VAISHAL,*,Claimpower,Microsoft Corporation_Microsoft System CLR Types for SQL Server 2019_15.0.2000.5_x64_
Asp.net Core,CVE-2025-26682,Microsoft,High,CVSS:3.1/AV:N/AC:L/PR:N/UI:N/S:U/C:N/I:N/A:H,No,04/08/25 18:15:00,7.5,01/19/26 14:38:20,0,N/A,https://www.vicarius.io/vsociety/vulnerabilities/402445/CVE-2025-26682,Allocation of resources without limits or throttling in ASP.NET Core allows an unauthorized attacker to deny service over a network.,3.9,,,8.0.6,CIPLL07-ROHIT,*,Claimpower,Microsoft Corporation_Microsoft ASP.NET Core 8.0.6 Targeting Pack (x64)_8.0.6.24269_x64_
SQL Server 2019,CVE-2024-29048,Microsoft,High,CVSS:3.1/AV:N/AC:L/PR:N/UI:R/S:U/C:H/I:H/A:H,No,04/09/24 17:15:00,8.8,01/20/26 18:09:13,0,N/A,https://www.vicarius.io/vsociety/vulnerabilities/358561/CVE-2024-29048,Microsoft OLE DB Driver for SQL Server Remote Code Execution Vulnerability,2.8,,,15.0.2000.5,CIPLL14-VAISHAL,*,Claimpower,Microsoft Corporation_Microsoft System CLR Types for SQL Server 2019_15.0.2000.5_x64_
SQL Server 2019,CVE-2024-29045,Microsoft,High,CVSS:3.1/AV:N/AC:H/PR:N/UI:R/S:U/C:H/I:H/A:H,No,04/09/24 17:15:00,7.5,01/20/26 18:09:13,0,N/A,https://www.vicarius.io/vsociety/vulnerabilities/358564/CVE-2024-29045,Microsoft OLE DB Driver for SQL Server Remote Code Execution Vulnerability,1.6,,,15.0.2000.5,CIPLL14-VAISHAL,*,Claimpower,Microsoft Corporation_Microsoft System CLR Types for SQL Server 2019_15.0.2000.5_x64_
SQL Server 2019,CVE-2024-29046,Microsoft,High,CVSS:3.1/AV:N/AC:L/PR:N/UI:R/S:U/C:H/I:H/A:H,No,04/09/24 17:15:00,8.8,01/20/26 18:09:13,0,N/A,https://www.vicarius.io/vsociety/vulnerabilities/358563/CVE-2024-29046,Microsoft OLE DB Driver for SQL Server Remote Code Execution Vulnerability,2.8,,,15.0.2000.5,CIPLL14-VAISHAL,*,Claimpower,Microsoft Corporation_Microsoft System CLR Types for SQL Server 2019_15.0.2000.5_x64_
.NET,CVE-2021-27434,Microsoft,High,CVSS:3.1/AV:N/AC:L/PR:N/UI:N/S:U/C:H/I:N/A:N,No,05/20/21 14:15:00,7.5,01/20/26 07:10:34,5,N/A,https://www.vicarius.io/vsociety/vulnerabilities/277232/CVE-2021-27434,"Products with Unified Automation .NET based OPC UA Client/Server SDK Bundle: Versions V3.0.7 and prior (.NET 4.5, 4.0, and 3.5 Framework versions only) are vulnerable to an uncontrolled recursion, which may allow an attacker to trigger a stack overflow.",3.9,,,4.0,CIPLLP-CHARLES,*,Claimpower,Microsoft_.NET Framework 4.0 Full_4.0_x64_
SQL Server 2022,CVE-2024-29982,Microsoft,High,CVSS:3.1/AV:N/AC:L/PR:N/UI:R/S:U/C:H/I:H/A:H,No,04/09/24 17:16:00,8.8,01/21/26 04:06:32,0,N/A,https://www.vicarius.io/vsociety/vulnerabilities/358548/CVE-2024-29982,Microsoft OLE DB Driver for SQL Server Remote Code Execution Vulnerability,2.8,,,16.0.1000.6,CIPLL23-SWAPNIL,*,Claimpower,Microsoft Corporation_Browser for SQL Server 2022_16.0.1000.6_x64_
SQL Server 2022,CVE-2024-29983,Microsoft,High,CVSS:3.1/AV:N/AC:L/PR:N/UI:R/S:U/C:H/I:H/A:H,No,04/09/24 17:16:00,8.8,01/21/26 04:06:32,0,N/A,https://www.vicarius.io/vsociety/vulnerabilities/358547/CVE-2024-29983,Microsoft OLE DB Driver for SQL Server Remote Code Execution Vulnerability,2.8,,,16.0.1000.6,CIPLL23-SWAPNIL,*,Claimpower,Microsoft Corporation_Browser for SQL Server 2022_16.0.1000.6_x64_
SQL Server 2022,CVE-2024-29984,Microsoft,High,CVSS:3.1/AV:N/AC:L/PR:N/UI:R/S:U/C:H/I:H/A:H,No,04/09/24 17:16:00,8.8,01/21/26 04:06:32,0,N/A,https://www.vicarius.io/vsociety/vulnerabilities/358546/CVE-2024-29984,Microsoft OLE DB Driver for SQL Server Remote Code Execution Vulnerability,2.8,,,16.0.1000.6,CIPLL23-SWAPNIL,*,Claimpower,Microsoft Corporation_Browser for SQL Server 2022_16.0.1000.6_x64_
Asp.net Core,CVE-2025-55315,Microsoft,Critical,CVSS:3.1/AV:N/AC:L/PR:L/UI:N/S:C/C:H/I:H/A:L,No,10/14/25 17:15:00,9.9,01/19/26 17:17:49,0,N/A,https://www.vicarius.io/vsociety/vulnerabilities/427498/CVE-2025-55315,Inconsistent interpretation of http requests (http request/response smuggling) in ASP.NET Core allows an authorized attacker to bypass a security feature over a network.,3.1,,,8.0.6,CIPLLP-HITESH,*,Claimpower,Microsoft Corporation_Microsoft ASP.NET Core 8.0.6 Targeting Pack (x64)_8.0.6.24269_x64_
SQL Server 2019,CVE-2024-21425,Microsoft,High,CVSS:3.1/AV:N/AC:L/PR:N/UI:R/S:U/C:H/I:H/A:H,No,07/09/24 17:15:00,8.8,01/21/26 04:06:58,0,N/A,https://www.vicarius.io/vsociety/vulnerabilities/372549/CVE-2024-21425,SQL Server Native Client OLE DB Provider Remote Code Execution Vulnerability,2.8,,,15.0.2000.5,CIPLL23-SWAPNIL,*,Claimpower,Microsoft Corporation_Microsoft SQL Server 2019 T-SQL Language Service _15.0.2000.5_x64_
SQL Server 2022,CVE-2024-29985,Microsoft,High,CVSS:3.1/AV:N/AC:L/PR:N/UI:R/S:U/C:H/I:H/A:H,No,04/09/24 17:16:00,8.8,01/21/26 04:06:32,0,N/A,https://www.vicarius.io/vsociety/vulnerabilities/358545/CVE-2024-29985,Microsoft OLE DB Driver for SQL Server Remote Code Execution Vulnerability,2.8,,,16.0.1000.6,CIPLL23-SWAPNIL,*,Claimpower,Microsoft Corporation_Browser for SQL Server 2022_16.0.1000.6_x64_
SQL Server 2019,CVE-2024-21317,Microsoft,High,CVSS:3.1/AV:N/AC:L/PR:N/UI:R/S:U/C:H/I:H/A:H,No,07/09/24 17:15:00,8.8,01/19/26 12:41:24,0,N/A,https://www.vicarius.io/vsociety/vulnerabilities/372559/CVE-2024-21317,SQL Server Native Client OLE DB Provider Remote Code Execution Vulnerability,2.8,,,15.0.2000.5,CIPLL20-SHWETA,*,Claimpower,Microsoft Corporation_Microsoft System CLR Types for SQL Server 2019_15.0.2000.5_x64_
SQL Server 2019,CVE-2025-49759,Microsoft,High,CVSS:3.1/AV:N/AC:L/PR:L/UI:N/S:U/C:H/I:H/A:H,No,08/12/25 18:15:00,8.8,01/20/26 18:06:22,0,N/A,https://www.vicarius.io/vsociety/vulnerabilities/418520/CVE-2025-49759,Improper neutralization of special elements used in an sql command (sql injection) in SQL Server allows an authorized attacker to elevate privileges over a network.,2.8,,,15.0.4382.1,CIPLL14-VAISHAL,*,Claimpower,Microsoft Corporation_Microsoft SQL Server 2019 LocalDB _15.0.4382.1_x64_
SQL Server 2019,CVE-2025-49758,Microsoft,High,CVSS:3.1/AV:N/AC:L/PR:L/UI:N/S:U/C:H/I:H/A:H,No,08/12/25 18:15:00,8.8,01/20/26 18:06:22,0,N/A,https://www.vicarius.io/vsociety/vulnerabilities/418521/CVE-2025-49758,Improper neutralization of special elements used in an sql command (sql injection) in SQL Server allows an authorized attacker to elevate privileges over a network.,2.8,,,15.0.4382.1,CIPLL14-VAISHAL,*,Claimpower,Microsoft Corporation_Microsoft SQL Server 2019 LocalDB _15.0.4382.1_x64_
Asp.net Core,CVE-2025-26682,Microsoft,High,CVSS:3.1/AV:N/AC:L/PR:N/UI:N/S:U/C:N/I:N/A:H,No,04/08/25 18:15:00,7.5,01/19/26 17:29:28,0,N/A,https://www.vicarius.io/vsociety/vulnerabilities/402445/CVE-2025-26682,Allocation of resources without limits or throttling in ASP.NET Core allows an unauthorized attacker to deny service over a network.,3.9,,,8.0.6,CIPLL12-KIRAN,*,Claimpower,Microsoft Corporation_Microsoft ASP.NET Core 8.0.6 Targeting Pack (x64)_8.0.6.24269_x64_
SQL Server 2019,CVE-2025-24999,Microsoft,High,CVSS:3.1/AV:N/AC:L/PR:L/UI:N/S:U/C:H/I:H/A:H,No,08/12/25 18:15:00,8.8,01/20/26 18:06:22,0,N/A,https://www.vicarius.io/vsociety/vulnerabilities/418542/CVE-2025-24999,Improper access control in SQL Server allows an authorized attacker to elevate privileges over a network.,2.8,,,15.0.4382.1,CIPLL14-VAISHAL,*,Claimpower,Microsoft Corporation_Microsoft SQL Server 2019 LocalDB _15.0.4382.1_x64_
Asp.net Core,CVE-2025-26682,Microsoft,High,CVSS:3.1/AV:N/AC:L/PR:N/UI:N/S:U/C:N/I:N/A:H,No,04/08/25 18:15:00,7.5,01/20/26 04:55:06,0,N/A,https://www.vicarius.io/vsociety/vulnerabilities/402445/CVE-2025-26682,Allocation of resources without limits or throttling in ASP.NET Core allows an unauthorized attacker to deny service over a network.,3.9,,,8.0.6,CIPLL25-NEHA,*,Claimpower,Microsoft Corporation_Microsoft ASP.NET Core 8.0.6 Targeting Pack (x64)_8.0.6.24269_x64_
Asp.net Core,CVE-2025-55315,Microsoft,Critical,CVSS:3.1/AV:N/AC:L/PR:L/UI:N/S:C/C:H/I:H/A:L,No,10/14/25 17:15:00,9.9,01/20/26 03:50:05,0,N/A,https://www.vicarius.io/vsociety/vulnerabilities/427498/CVE-2025-55315,Inconsistent interpretation of http requests (http request/response smuggling) in ASP.NET Core allows an authorized attacker to bypass a security feature over a network.,3.1,,,8.0.6,CIPLMD50,*,Claimpower,Microsoft Corporation_Microsoft ASP.NET Core 8.0.6 Targeting Pack (x64)_8.0.6.24269_x64_
.NET,CVE-2021-27434,Microsoft,High,CVSS:3.1/AV:N/AC:L/PR:N/UI:N/S:U/C:H/I:N/A:N,No,05/20/21 14:15:00,7.5,01/19/26 17:19:00,5,N/A,https://www.vicarius.io/vsociety/vulnerabilities/277232/CVE-2021-27434,"Products with Unified Automation .NET based OPC UA Client/Server SDK Bundle: Versions V3.0.7 and prior (.NET 4.5, 4.0, and 3.5 Framework versions only) are vulnerable to an uncontrolled recursion, which may allow an attacker to trigger a stack overflow.",3.9,,,4.0,CIPLLP-HITESH,*,Claimpower,Microsoft_.NET Framework 4.0 Full_4.0_x64_
SQL Server 2022,CVE-2024-28939,Microsoft,High,CVSS:3.1/AV:N/AC:L/PR:N/UI:R/S:U/C:H/I:H/A:H,No,04/09/24 17:15:00,8.8,01/21/26 04:06:32,0,N/A,https://www.vicarius.io/vsociety/vulnerabilities/358573/CVE-2024-28939,Microsoft OLE DB Driver for SQL Server Remote Code Execution Vulnerability,2.8,,,16.0.1000.6,CIPLL23-SWAPNIL,*,Claimpower,Microsoft Corporation_Browser for SQL Server 2022_16.0.1000.6_x64_
Asp.net Core,CVE-2025-55315,Microsoft,Critical,CVSS:3.1/AV:N/AC:L/PR:L/UI:N/S:C/C:H/I:H/A:L,No,10/14/25 17:15:00,9.9,01/20/26 20:02:30,0,N/A,https://www.vicarius.io/vsociety/vulnerabilities/427498/CVE-2025-55315,Inconsistent interpretation of http requests (http request/response smuggling) in ASP.NET Core allows an authorized attacker to bypass a security feature over a network.,3.1,,,8.0.6,CIPLMD-DIANA,*,Claimpower,Microsoft Corporation_Microsoft ASP.NET Core 8.0.6 Targeting Pack (x64)_8.0.6.24269_x64_
SQL Server 2019,CVE-2024-28926,Microsoft,High,CVSS:3.1/AV:N/AC:L/PR:N/UI:R/S:U/C:H/I:H/A:H,No,04/09/24 17:15:00,8.8,01/20/26 18:09:13,0,N/A,https://www.vicarius.io/vsociety/vulnerabilities/358585/CVE-2024-28926,Microsoft OLE DB Driver for SQL Server Remote Code Execution Vulnerability,2.8,,,15.0.2000.5,CIPLL14-VAISHAL,*,Claimpower,Microsoft Corporation_Microsoft System CLR Types for SQL Server 2019_15.0.2000.5_x64_
SQL Server 2022,CVE-2024-28940,Microsoft,High,CVSS:3.1/AV:N/AC:L/PR:N/UI:R/S:U/C:H/I:H/A:H,No,04/09/24 17:15:00,8.8,01/21/26 04:06:32,0,N/A,https://www.vicarius.io/vsociety/vulnerabilities/358572/CVE-2024-28940,Microsoft OLE DB Driver for SQL Server Remote Code Execution Vulnerability,2.8,,,16.0.1000.6,CIPLL23-SWAPNIL,*,Claimpower,Microsoft Corporation_Browser for SQL Server 2022_16.0.1000.6_x64_
SQL Server 2019,CVE-2024-21425,Microsoft,High,CVSS:3.1/AV:N/AC:L/PR:N/UI:R/S:U/C:H/I:H/A:H,No,07/09/24 17:15:00,8.8,01/19/26 12:41:24,0,N/A,https://www.vicarius.io/vsociety/vulnerabilities/372549/CVE-2024-21425,SQL Server Native Client OLE DB Provider Remote Code Execution Vulnerability,2.8,,,15.0.2000.5,CIPLL20-SHWETA,*,Claimpower,Microsoft Corporation_Microsoft System CLR Types for SQL Server 2019_15.0.2000.5_x64_
SQL Server 2019,CVE-2024-21331,Microsoft,High,CVSS:3.1/AV:N/AC:L/PR:N/UI:R/S:U/C:H/I:H/A:H,No,07/09/24 17:15:00,8.8,01/19/26 12:41:24,0,N/A,https://www.vicarius.io/vsociety/vulnerabilities/372558/CVE-2024-21331,SQL Server Native Client OLE DB Provider Remote Code Execution Vulnerability,2.8,,,15.0.2000.5,CIPLL20-SHWETA,*,Claimpower,Microsoft Corporation_Microsoft System CLR Types for SQL Server 2019_15.0.2000.5_x64_
SQL Server 2022,CVE-2024-28942,Microsoft,High,CVSS:3.1/AV:N/AC:L/PR:N/UI:R/S:U/C:H/I:H/A:H,No,04/09/24 17:15:00,8.8,01/21/26 04:06:32,0,N/A,https://www.vicarius.io/vsociety/vulnerabilities/358570/CVE-2024-28942,Microsoft OLE DB Driver for SQL Server Remote Code Execution Vulnerability,2.8,,,16.0.1000.6,CIPLL23-SWAPNIL,*,Claimpower,Microsoft Corporation_Browser for SQL Server 2022_16.0.1000.6_x64_
Asp.net Core,CVE-2021-1723,Microsoft,High,CVSS:3.1/AV:N/AC:L/PR:N/UI:N/S:U/C:N/I:N/A:H,No,01/12/21 20:15:00,7.5,01/21/26 04:08:53,5,N/A,https://www.vicarius.io/vsociety/vulnerabilities/269899/CVE-2021-1723,ASP.NET Core and Visual Studio Denial of Service Vulnerability,3.9,,,3.1.10,CIPLL23-SWAPNIL,*,Claimpower,Microsoft Corporation_Microsoft ASP.NET Core 3.1.10 Targeting Pack (x64)_3.1.10.20520_x64_
Asp.net Core,CVE-2025-55315,Microsoft,Critical,CVSS:3.1/AV:N/AC:L/PR:L/UI:N/S:C/C:H/I:H/A:L,No,10/14/25 17:15:00,9.9,01/19/26 16:13:31,0,N/A,https://www.vicarius.io/vsociety/vulnerabilities/427498/CVE-2025-55315,Inconsistent interpretation of http requests (http request/response smuggling) in ASP.NET Core allows an authorized attacker to bypass a security feature over a network.,3.1,,,8.0.6,CIPLL33-FAISAL,*,Claimpower,Microsoft Corporation_Microsoft ASP.NET Core 8.0.6 Targeting Pack (x64)_8.0.6.24269_x64_
SQL Server 2019,CVE-2024-37966,Microsoft,High,CVSS:3.1/AV:N/AC:L/PR:L/UI:N/S:U/C:H/I:N/A:L,No,09/10/24 17:15:00,7.1,01/19/26 12:42:57,0,N/A,https://www.vicarius.io/vsociety/vulnerabilities/376416/CVE-2024-37966,Microsoft SQL Server Native Scoring Information Disclosure Vulnerability,2.8,,,15.0.4382.1,CIPLL20-SHWETA,*,Claimpower,Microsoft Corporation_Microsoft SQL Server 2019 LocalDB _15.0.4382.1_x64_
SQL Server 2022,CVE-2024-28943,Microsoft,High,CVSS:3.1/AV:N/AC:L/PR:N/UI:R/S:U/C:H/I:H/A:H,No,04/09/24 17:15:00,8.8,01/21/26 04:06:32,0,N/A,https://www.vicarius.io/vsociety/vulnerabilities/358569/CVE-2024-28943,Microsoft ODBC Driver for SQL Server Remote Code Execution Vulnerability,2.8,,,16.0.1000.6,CIPLL23-SWAPNIL,*,Claimpower,Microsoft Corporation_Browser for SQL Server 2022_16.0.1000.6_x64_
SQL Server 2022,CVE-2024-28944,Microsoft,High,CVSS:3.1/AV:N/AC:L/PR:N/UI:R/S:U/C:H/I:H/A:H,No,04/09/24 17:15:00,8.8,01/21/26 04:06:32,0,N/A,https://www.vicarius.io/vsociety/vulnerabilities/358568/CVE-2024-28944,Microsoft OLE DB Driver for SQL Server Remote Code Execution Vulnerability,2.8,,,16.0.1000.6,CIPLL23-SWAPNIL,*,Claimpower,Microsoft Corporation_Browser for SQL Server 2022_16.0.1000.6_x64_
SQL Server 2019,CVE-2024-28927,Microsoft,High,CVSS:3.1/AV:N/AC:L/PR:N/UI:R/S:U/C:H/I:H/A:H,No,04/09/24 17:15:00,8.8,01/20/26 18:09:13,0,N/A,https://www.vicarius.io/vsociety/vulnerabilities/358584/CVE-2024-28927,Microsoft OLE DB Driver for SQL Server Remote Code Execution Vulnerability,2.8,,,15.0.2000.5,CIPLL14-VAISHAL,*,Claimpower,Microsoft Corporation_Microsoft System CLR Types for SQL Server 2019_15.0.2000.5_x64_
SQL Server 2019,CVE-2024-37965,Microsoft,High,CVSS:3.1/AV:N/AC:L/PR:L/UI:N/S:U/C:H/I:H/A:H,No,09/10/24 17:15:00,8.8,01/19/26 12:42:57,0,N/A,https://www.vicarius.io/vsociety/vulnerabilities/376417/CVE-2024-37965,Microsoft SQL Server Elevation of Privilege Vulnerability,2.8,,,15.0.4382.1,CIPLL20-SHWETA,*,Claimpower,Microsoft Corporation_Microsoft SQL Server 2019 LocalDB _15.0.4382.1_x64_
SQL Server 2019,CVE-2024-21308,Microsoft,High,CVSS:3.1/AV:N/AC:L/PR:N/UI:R/S:U/C:H/I:H/A:H,No,07/09/24 17:15:00,8.8,01/19/26 12:41:24,0,N/A,https://www.vicarius.io/vsociety/vulnerabilities/372560/CVE-2024-21308,SQL Server Native Client OLE DB Provider Remote Code Execution Vulnerability,2.8,,,15.0.2000.5,CIPLL20-SHWETA,*,Claimpower,Microsoft Corporation_Microsoft System CLR Types for SQL Server 2019_15.0.2000.5_x64_
Asp.net Core,CVE-2025-55315,Microsoft,Critical,CVSS:3.1/AV:N/AC:L/PR:L/UI:N/S:C/C:H/I:H/A:L,No,10/14/25 17:15:00,9.9,01/19/26 17:29:28,0,N/A,https://www.vicarius.io/vsociety/vulnerabilities/427498/CVE-2025-55315,Inconsistent interpretation of http requests (http request/response smuggling) in ASP.NET Core allows an authorized attacker to bypass a security feature over a network.,3.1,,,8.0.6,CIPLL12-KIRAN,*,Claimpower,Microsoft Corporation_Microsoft ASP.NET Core 8.0.6 Targeting Pack (x64)_8.0.6.24269_x64_
SQL Server 2019,CVE-2024-21335,Microsoft,High,CVSS:3.1/AV:N/AC:L/PR:N/UI:R/S:U/C:H/I:H/A:H,No,07/09/24 17:15:00,8.8,01/19/26 12:41:24,0,N/A,https://www.vicarius.io/vsociety/vulnerabilities/372555/CVE-2024-21335,SQL Server Native Client OLE DB Provider Remote Code Execution Vulnerability,2.8,,,15.0.2000.5,CIPLL20-SHWETA,*,Claimpower,Microsoft Corporation_Microsoft System CLR Types for SQL Server 2019_15.0.2000.5_x64_
SQL Server 2019,CVE-2024-21333,Microsoft,High,CVSS:3.1/AV:N/AC:L/PR:N/UI:R/S:U/C:H/I:H/A:H,No,07/09/24 17:15:00,8.8,01/19/26 12:41:24,0,N/A,https://www.vicarius.io/vsociety/vulnerabilities/372556/CVE-2024-21333,SQL Server Native Client OLE DB Provider Remote Code Execution Vulnerability,2.8,,,15.0.2000.5,CIPLL20-SHWETA,*,Claimpower,Microsoft Corporation_Microsoft System CLR Types for SQL Server 2019_15.0.2000.5_x64_
Asp.net Core,CVE-2025-26682,Microsoft,High,CVSS:3.1/AV:N/AC:L/PR:N/UI:N/S:U/C:N/I:N/A:H,No,04/08/25 18:15:00,7.5,01/20/26 20:02:30,0,N/A,https://www.vicarius.io/vsociety/vulnerabilities/402445/CVE-2025-26682,Allocation of resources without limits or throttling in ASP.NET Core allows an unauthorized attacker to deny service over a network.,3.9,,,8.0.6,CIPLMD-DIANA,*,Claimpower,Microsoft Corporation_Microsoft ASP.NET Core 8.0.6 Targeting Pack (x64)_8.0.6.24269_x64_
Asp.net Core,CVE-2025-26682,Microsoft,High,CVSS:3.1/AV:N/AC:L/PR:N/UI:N/S:U/C:N/I:N/A:H,No,04/08/25 18:15:00,7.5,01/20/26 03:50:05,0,N/A,https://www.vicarius.io/vsociety/vulnerabilities/402445/CVE-2025-26682,Allocation of resources without limits or throttling in ASP.NET Core allows an unauthorized attacker to deny service over a network.,3.9,,,8.0.6,CIPLMD50,*,Claimpower,Microsoft Corporation_Microsoft ASP.NET Core 8.0.6 Targeting Pack (x64)_8.0.6.24269_x64_
Asp.net Core,CVE-2025-26682,Microsoft,High,CVSS:3.1/AV:N/AC:L/PR:N/UI:N/S:U/C:N/I:N/A:H,No,04/08/25 18:15:00,7.5,01/20/26 07:07:09,0,N/A,https://www.vicarius.io/vsociety/vulnerabilities/402445/CVE-2025-26682,Allocation of resources without limits or throttling in ASP.NET Core allows an unauthorized attacker to deny service over a network.,3.9,,,8.0.6,CIPLLP-CHARLES,*,Claimpower,Microsoft Corporation_Microsoft ASP.NET Core 8.0.6 Targeting Pack (x64)_8.0.6.24269_x64_
SQL Server 2019,CVE-2025-55227,Microsoft,High,CVSS:3.1/AV:N/AC:L/PR:L/UI:N/S:U/C:H/I:H/A:H,No,09/09/25 17:16:00,8.8,01/20/26 18:06:22,0,N/A,https://www.vicarius.io/vsociety/vulnerabilities/422076/CVE-2025-55227,Improper neutralization of special elements used in a command (command injection) in SQL Server allows an authorized attacker to elevate privileges over a network.,2.8,,,15.0.4382.1,CIPLL14-VAISHAL,*,Claimpower,Microsoft Corporation_Microsoft SQL Server 2019 LocalDB _15.0.4382.1_x64_
Asp.net Core,CVE-2025-55315,Microsoft,Critical,CVSS:3.1/AV:N/AC:L/PR:L/UI:N/S:C/C:H/I:H/A:L,No,10/14/25 17:15:00,9.9,01/20/26 07:07:09,0,N/A,https://www.vicarius.io/vsociety/vulnerabilities/427498/CVE-2025-55315,Inconsistent interpretation of http requests (http request/response smuggling) in ASP.NET Core allows an authorized attacker to bypass a security feature over a network.,3.1,,,8.0.6,CIPLLP-CHARLES,*,Claimpower,Microsoft Corporation_Microsoft ASP.NET Core 8.0.6 Targeting Pack (x64)_8.0.6.24269_x64_
Asp.net Core,CVE-2025-26682,Microsoft,High,CVSS:3.1/AV:N/AC:L/PR:N/UI:N/S:U/C:N/I:N/A:H,No,04/08/25 18:15:00,7.5,01/19/26 16:13:31,0,N/A,https://www.vicarius.io/vsociety/vulnerabilities/402445/CVE-2025-26682,Allocation of resources without limits or throttling in ASP.NET Core allows an unauthorized attacker to deny service over a network.,3.9,,,8.0.6,CIPLL33-FAISAL,*,Claimpower,Microsoft Corporation_Microsoft ASP.NET Core 8.0.6 Targeting Pack (x64)_8.0.6.24269_x64_
Asp.net Core,CVE-2021-34532,Microsoft,Medium,CVSS:3.1/AV:L/AC:L/PR:L/UI:N/S:U/C:H/I:N/A:N,No,08/12/21 18:15:00,5.5,01/21/26 04:08:53,2.1,N/A,https://www.vicarius.io/vsociety/vulnerabilities/282200/CVE-2021-34532,ASP.NET Core and Visual Studio Information Disclosure Vulnerability,1.8,,,3.1.10,CIPLL23-SWAPNIL,*,Claimpower,Microsoft Corporation_Microsoft ASP.NET Core 3.1.10 Targeting Pack (x64)_3.1.10.20520_x64_
SQL Server 2022,CVE-2024-28945,Microsoft,High,CVSS:3.1/AV:N/AC:L/PR:N/UI:R/S:U/C:H/I:H/A:H,No,04/09/24 17:15:00,8.8,01/21/26 04:06:32,0,N/A,https://www.vicarius.io/vsociety/vulnerabilities/358567/CVE-2024-28945,Microsoft OLE DB Driver for SQL Server Remote Code Execution Vulnerability,2.8,,,16.0.1000.6,CIPLL23-SWAPNIL,*,Claimpower,Microsoft Corporation_Browser for SQL Server 2022_16.0.1000.6_x64_
SQL Server 2022,CVE-2024-29043,Microsoft,High,CVSS:3.1/AV:N/AC:L/PR:N/UI:R/S:U/C:H/I:H/A:H,No,04/09/24 17:15:00,8.8,01/21/26 04:06:32,0,N/A,https://www.vicarius.io/vsociety/vulnerabilities/358566/CVE-2024-29043,Microsoft ODBC Driver for SQL Server Remote Code Execution Vulnerability,2.8,,,16.0.1000.6,CIPLL23-SWAPNIL,*,Claimpower,Microsoft Corporation_Browser for SQL Server 2022_16.0.1000.6_x64_
SQL Server 2022,CVE-2024-29044,Microsoft,High,CVSS:3.1/AV:N/AC:L/PR:N/UI:R/S:U/C:H/I:H/A:H,No,04/09/24 17:15:00,8.8,01/21/26 04:06:32,0,N/A,https://www.vicarius.io/vsociety/vulnerabilities/358565/CVE-2024-29044,Microsoft OLE DB Driver for SQL Server Remote Code Execution Vulnerability,2.8,,,16.0.1000.6,CIPLL23-SWAPNIL,*,Claimpower,Microsoft Corporation_Browser for SQL Server 2022_16.0.1000.6_x64_
SQL Server 2022,CVE-2024-29045,Microsoft,High,CVSS:3.1/AV:N/AC:H/PR:N/UI:R/S:U/C:H/I:H/A:H,No,04/09/24 17:15:00,7.5,01/21/26 04:06:32,0,N/A,https://www.vicarius.io/vsociety/vulnerabilities/358564/CVE-2024-29045,Microsoft OLE DB Driver for SQL Server Remote Code Execution Vulnerability,1.6,,,16.0.1000.6,CIPLL23-SWAPNIL,*,Claimpower,Microsoft Corporation_Browser for SQL Server 2022_16.0.1000.6_x64_
SQL Server 2022,CVE-2024-29046,Microsoft,High,CVSS:3.1/AV:N/AC:L/PR:N/UI:R/S:U/C:H/I:H/A:H,No,04/09/24 17:15:00,8.8,01/21/26 04:06:32,0,N/A,https://www.vicarius.io/vsociety/vulnerabilities/358563/CVE-2024-29046,Microsoft OLE DB Driver for SQL Server Remote Code Execution Vulnerability,2.8,,,16.0.1000.6,CIPLL23-SWAPNIL,*,Claimpower,Microsoft Corporation_Browser for SQL Server 2022_16.0.1000.6_x64_
SQL Server 2019,CVE-2025-53727,Microsoft,High,CVSS:3.1/AV:N/AC:L/PR:L/UI:N/S:U/C:H/I:H/A:H,No,08/12/25 18:15:00,8.8,01/19/26 12:42:57,0,N/A,https://www.vicarius.io/vsociety/vulnerabilities/418461/CVE-2025-53727,Improper neutralization of special elements used in an sql command (sql injection) in SQL Server allows an authorized attacker to elevate privileges over a network.,2.8,,,15.0.4382.1,CIPLL20-SHWETA,*,Claimpower,Microsoft Corporation_Microsoft SQL Server 2019 LocalDB _15.0.4382.1_x64_
SQL Server 2022,CVE-2024-29048,Microsoft,High,CVSS:3.1/AV:N/AC:L/PR:N/UI:R/S:U/C:H/I:H/A:H,No,04/09/24 17:15:00,8.8,01/21/26 04:06:32,0,N/A,https://www.vicarius.io/vsociety/vulnerabilities/358561/CVE-2024-29048,Microsoft OLE DB Driver for SQL Server Remote Code Execution Vulnerability,2.8,,,16.0.1000.6,CIPLL23-SWAPNIL,*,Claimpower,Microsoft Corporation_Browser for SQL Server 2022_16.0.1000.6_x64_
SQL Server 2022,CVE-2024-28928,Microsoft,High,CVSS:3.1/AV:N/AC:L/PR:N/UI:R/S:U/C:H/I:H/A:H,No,07/09/24 17:15:00,8.8,01/21/26 04:06:32,0,N/A,https://www.vicarius.io/vsociety/vulnerabilities/370865/CVE-2024-28928,SQL Server Native Client OLE DB Provider Remote Code Execution Vulnerability,2.8,,,16.0.1000.6,CIPLL23-SWAPNIL,*,Claimpower,Microsoft Corporation_Browser for SQL Server 2022_16.0.1000.6_x64_
SQL Server 2019,CVE-2024-29984,Microsoft,High,CVSS:3.1/AV:N/AC:L/PR:N/UI:R/S:U/C:H/I:H/A:H,No,04/09/24 17:16:00,8.8,01/20/26 18:09:13,0,N/A,https://www.vicarius.io/vsociety/vulnerabilities/358546/CVE-2024-29984,Microsoft OLE DB Driver for SQL Server Remote Code Execution Vulnerability,2.8,,,15.0.2000.5,CIPLL14-VAISHAL,*,Claimpower,Microsoft Corporation_Microsoft System CLR Types for SQL Server 2019_15.0.2000.5_x64_
SQL Server 2019,CVE-2024-29985,Microsoft,High,CVSS:3.1/AV:N/AC:L/PR:N/UI:R/S:U/C:H/I:H/A:H,No,04/09/24 17:16:00,8.8,01/20/26 18:09:13,0,N/A,https://www.vicarius.io/vsociety/vulnerabilities/358545/CVE-2024-29985,Microsoft OLE DB Driver for SQL Server Remote Code Execution Vulnerability,2.8,,,15.0.2000.5,CIPLL14-VAISHAL,*,Claimpower,Microsoft Corporation_Microsoft System CLR Types for SQL Server 2019_15.0.2000.5_x64_
SQL Server 2019,CVE-2024-29982,Microsoft,High,CVSS:3.1/AV:N/AC:L/PR:N/UI:R/S:U/C:H/I:H/A:H,No,04/09/24 17:16:00,8.8,01/20/26 18:09:13,0,N/A,https://www.vicarius.io/vsociety/vulnerabilities/358548/CVE-2024-29982,Microsoft OLE DB Driver for SQL Server Remote Code Execution Vulnerability,2.8,,,15.0.2000.5,CIPLL14-VAISHAL,*,Claimpower,Microsoft Corporation_Microsoft System CLR Types for SQL Server 2019_15.0.2000.5_x64_
SQL Server 2019,CVE-2024-29983,Microsoft,High,CVSS:3.1/AV:N/AC:L/PR:N/UI:R/S:U/C:H/I:H/A:H,No,04/09/24 17:16:00,8.8,01/20/26 18:09:13,0,N/A,https://www.vicarius.io/vsociety/vulnerabilities/358547/CVE-2024-29983,Microsoft OLE DB Driver for SQL Server Remote Code Execution Vulnerability,2.8,,,15.0.2000.5,CIPLL14-VAISHAL,*,Claimpower,Microsoft Corporation_Microsoft System CLR Types for SQL Server 2019_15.0.2000.5_x64_
.NET,CVE-2021-27434,Microsoft,High,CVSS:3.1/AV:N/AC:L/PR:N/UI:N/S:U/C:H/I:N/A:N,No,05/20/21 14:15:00,7.5,01/19/26 17:31:51,5,N/A,https://www.vicarius.io/vsociety/vulnerabilities/277232/CVE-2021-27434,"Products with Unified Automation .NET based OPC UA Client/Server SDK Bundle: Versions V3.0.7 and prior (.NET 4.5, 4.0, and 3.5 Framework versions only) are vulnerable to an uncontrolled recursion, which may allow an attacker to trigger a stack overflow.",3.9,,,4.0,CIPLL12-KIRAN,*,Claimpower,Microsoft_.NET Framework 4.0 Full_4.0_x64_
.NET,CVE-2021-27434,Microsoft,High,CVSS:3.1/AV:N/AC:L/PR:N/UI:N/S:U/C:H/I:N/A:N,No,05/20/21 14:15:00,7.5,01/20/26 18:07:18,5,N/A,https://www.vicarius.io/vsociety/vulnerabilities/277232/CVE-2021-27434,"Products with Unified Automation .NET based OPC UA Client/Server SDK Bundle: Versions V3.0.7 and prior (.NET 4.5, 4.0, and 3.5 Framework versions only) are vulnerable to an uncontrolled recursion, which may allow an attacker to trigger a stack overflow.",3.9,,,4.0,CIPLL14-VAISHAL,*,Claimpower,Microsoft_.NET Framework 4.0 Full_4.0_x64_
Asp.net Core,CVE-2024-21386,Microsoft,High,CVSS:3.1/AV:N/AC:L/PR:N/UI:N/S:U/C:N/I:N/A:H,No,02/13/24 18:15:00,7.5,01/19/26 12:40:38,0,N/A,https://www.vicarius.io/vsociety/vulnerabilities/352339/CVE-2024-21386,.NET Denial of Service Vulnerability,3.9,,,7.0.10,CIPLL20-SHWETA,*,Claimpower,Microsoft Corporation_Microsoft ASP.NET Core 7.0.10 - Shared Framework (x86)_7.0.10.23364_x64_
Asp.net Core,CVE-2025-24070,Microsoft,High,CVSS:3.1/AV:N/AC:H/PR:N/UI:N/S:U/C:L/I:L/A:H,No,03/11/25 17:16:00,7,01/20/26 03:50:05,0,N/A,https://www.vicarius.io/vsociety/vulnerabilities/397848/CVE-2025-24070,Weak authentication in ASP.NET Core &amp. Visual Studio allows an unauthorized attacker to elevate privileges over a network.,2.2,,,8.0.6,CIPLMD50,*,Claimpower,Microsoft Corporation_Microsoft ASP.NET Core 8.0.6 Targeting Pack (x64)_8.0.6.24269_x64_
Asp.net Core,CVE-2025-24070,Microsoft,High,CVSS:3.1/AV:N/AC:H/PR:N/UI:N/S:U/C:L/I:L/A:H,No,03/11/25 17:16:00,7,01/20/26 20:02:30,0,N/A,https://www.vicarius.io/vsociety/vulnerabilities/397848/CVE-2025-24070,Weak authentication in ASP.NET Core &amp. Visual Studio allows an unauthorized attacker to elevate privileges over a network.,2.2,,,8.0.6,CIPLMD-DIANA,*,Claimpower,Microsoft Corporation_Microsoft ASP.NET Core 8.0.6 Targeting Pack (x64)_8.0.6.24269_x64_
Asp.net Core,CVE-2025-24070,Microsoft,High,CVSS:3.1/AV:N/AC:H/PR:N/UI:N/S:U/C:L/I:L/A:H,No,03/11/25 17:16:00,7,01/19/26 17:29:28,0,N/A,https://www.vicarius.io/vsociety/vulnerabilities/397848/CVE-2025-24070,Weak authentication in ASP.NET Core &amp. Visual Studio allows an unauthorized attacker to elevate privileges over a network.,2.2,,,8.0.6,CIPLL12-KIRAN,*,Claimpower,Microsoft Corporation_Microsoft ASP.NET Core 8.0.6 Targeting Pack (x64)_8.0.6.24269_x64_
SQL Server 2019,CVE-2024-28928,Microsoft,High,CVSS:3.1/AV:N/AC:L/PR:N/UI:R/S:U/C:H/I:H/A:H,No,07/09/24 17:15:00,8.8,01/19/26 12:41:24,0,N/A,https://www.vicarius.io/vsociety/vulnerabilities/370865/CVE-2024-28928,SQL Server Native Client OLE DB Provider Remote Code Execution Vulnerability,2.8,,,15.0.2000.5,CIPLL20-SHWETA,*,Claimpower,Microsoft Corporation_Microsoft System CLR Types for SQL Server 2019_15.0.2000.5_x64_
Asp.net Core,CVE-2025-24070,Microsoft,High,CVSS:3.1/AV:N/AC:H/PR:N/UI:N/S:U/C:L/I:L/A:H,No,03/11/25 17:16:00,7,01/20/26 04:55:06,0,N/A,https://www.vicarius.io/vsociety/vulnerabilities/397848/CVE-2025-24070,Weak authentication in ASP.NET Core &amp. Visual Studio allows an unauthorized attacker to elevate privileges over a network.,2.2,,,8.0.6,CIPLL25-NEHA,*,Claimpower,Microsoft Corporation_Microsoft ASP.NET Core 8.0.6 Targeting Pack (x64)_8.0.6.24269_x64_
.NET,CVE-2024-26190,Microsoft,High,CVSS:3.1/AV:N/AC:L/PR:N/UI:N/S:U/C:N/I:N/A:H,No,03/12/24 17:15:00,7.5,01/19/26 12:40:57,0,N/A,https://www.vicarius.io/vsociety/vulnerabilities/355181/CVE-2024-26190,Microsoft QUIC Denial of Service Vulnerability,3.9,,,7.0.10,CIPLL20-SHWETA,*,Claimpower,Microsoft Corporation_Microsoft .NET Runtime - 7.0.10 (x64)_56.43.64668_x64_
Asp.net Core,CVE-2025-24070,Microsoft,High,CVSS:3.1/AV:N/AC:H/PR:N/UI:N/S:U/C:L/I:L/A:H,No,03/11/25 17:16:00,7,01/20/26 18:09:13,0,N/A,https://www.vicarius.io/vsociety/vulnerabilities/397848/CVE-2025-24070,Weak authentication in ASP.NET Core &amp. Visual Studio allows an unauthorized attacker to elevate privileges over a network.,2.2,,,8.0.6,CIPLL14-VAISHAL,*,Claimpower,Microsoft Corporation_Microsoft ASP.NET Core 8.0.6 Targeting Pack (x64)_8.0.6.24269_x64_
SQL Server 2019,CVE-2024-28928,Microsoft,High,CVSS:3.1/AV:N/AC:L/PR:N/UI:R/S:U/C:H/I:H/A:H,No,07/09/24 17:15:00,8.8,01/20/26 18:09:13,0,N/A,https://www.vicarius.io/vsociety/vulnerabilities/370865/CVE-2024-28928,SQL Server Native Client OLE DB Provider Remote Code Execution Vulnerability,2.8,,,15.0.2000.5,CIPLL14-VAISHAL,*,Claimpower,Microsoft Corporation_Microsoft System CLR Types for SQL Server 2019_15.0.2000.5_x64_
Asp.net Core,CVE-2025-55315,Microsoft,Critical,CVSS:3.1/AV:N/AC:L/PR:L/UI:N/S:C/C:H/I:H/A:L,No,10/14/25 17:15:00,9.9,01/19/26 12:40:38,0,N/A,https://www.vicarius.io/vsociety/vulnerabilities/427498/CVE-2025-55315,Inconsistent interpretation of http requests (http request/response smuggling) in ASP.NET Core allows an authorized attacker to bypass a security feature over a network.,3.1,,,9.0.5,CIPLL20-SHWETA,*,Claimpower,Microsoft Corporation_Microsoft ASP.NET Core 9.0.5 Targeting Pack (x86)_9.0.5.25229_x64_
SQL Server 2019,CVE-2024-28926,Microsoft,High,CVSS:3.1/AV:N/AC:L/PR:N/UI:R/S:U/C:H/I:H/A:H,No,04/09/24 17:15:00,8.8,01/19/26 12:41:24,0,N/A,https://www.vicarius.io/vsociety/vulnerabilities/358585/CVE-2024-28926,Microsoft OLE DB Driver for SQL Server Remote Code Execution Vulnerability,2.8,,,15.0.2000.5,CIPLL20-SHWETA,*,Claimpower,Microsoft Corporation_Microsoft System CLR Types for SQL Server 2019_15.0.2000.5_x64_
SQL Server 2019,CVE-2025-53727,Microsoft,High,CVSS:3.1/AV:N/AC:L/PR:L/UI:N/S:U/C:H/I:H/A:H,No,08/12/25 18:15:00,8.8,01/20/26 18:06:22,0,N/A,https://www.vicarius.io/vsociety/vulnerabilities/418461/CVE-2025-53727,Improper neutralization of special elements used in an sql command (sql injection) in SQL Server allows an authorized attacker to elevate privileges over a network.,2.8,,,15.0.4382.1,CIPLL14-VAISHAL,*,Claimpower,Microsoft Corporation_Microsoft SQL Server 2019 LocalDB _15.0.4382.1_x64_
SQL Server 2019,CVE-2024-28927,Microsoft,High,CVSS:3.1/AV:N/AC:L/PR:N/UI:R/S:U/C:H/I:H/A:H,No,04/09/24 17:15:00,8.8,01/19/26 12:41:24,0,N/A,https://www.vicarius.io/vsociety/vulnerabilities/358584/CVE-2024-28927,Microsoft OLE DB Driver for SQL Server Remote Code Execution Vulnerability,2.8,,,15.0.2000.5,CIPLL20-SHWETA,*,Claimpower,Microsoft Corporation_Microsoft System CLR Types for SQL Server 2019_15.0.2000.5_x64_
Asp.net Core,CVE-2025-26682,Microsoft,High,CVSS:3.1/AV:N/AC:L/PR:N/UI:N/S:U/C:N/I:N/A:H,No,04/08/25 18:15:00,7.5,01/19/26 12:43:43,0,N/A,https://www.vicarius.io/vsociety/vulnerabilities/402445/CVE-2025-26682,Allocation of resources without limits or throttling in ASP.NET Core allows an unauthorized attacker to deny service over a network.,3.9,,,8.0.6,CIPLL20-SHWETA,*,Claimpower,Microsoft Corporation_Microsoft ASP.NET Core 8.0.6 Targeting Pack (x64)_8.0.6.24269_x64_
Asp.net Core,CVE-2025-24070,Microsoft,High,CVSS:3.1/AV:N/AC:H/PR:N/UI:N/S:U/C:L/I:L/A:H,No,03/11/25 17:16:00,7,01/20/26 07:07:09,0,N/A,https://www.vicarius.io/vsociety/vulnerabilities/397848/CVE-2025-24070,Weak authentication in ASP.NET Core &amp. Visual Studio allows an unauthorized attacker to elevate privileges over a network.,2.2,,,8.0.6,CIPLLP-CHARLES,*,Claimpower,Microsoft Corporation_Microsoft ASP.NET Core 8.0.6 Targeting Pack (x64)_8.0.6.24269_x64_
SQL Server 2019,CVE-2025-49718,Microsoft,High,CVSS:3.1/AV:N/AC:L/PR:N/UI:N/S:U/C:H/I:N/A:N,No,07/08/25 17:15:00,7.5,01/20/26 18:06:22,0,N/A,https://www.vicarius.io/vsociety/vulnerabilities/414338/CVE-2025-49718,Use of uninitialized resource in SQL Server allows an unauthorized attacker to disclose information over a network.,3.9,,,15.0.4382.1,CIPLL14-VAISHAL,*,Claimpower,Microsoft Corporation_Microsoft SQL Server 2019 LocalDB _15.0.4382.1_x64_
SQL Server 2019,CVE-2025-49719,Microsoft,High,CVSS:3.1/AV:N/AC:L/PR:N/UI:N/S:U/C:H/I:N/A:N,No,07/08/25 17:15:00,7.5,01/20/26 18:06:22,0,N/A,https://www.vicarius.io/vsociety/vulnerabilities/414337/CVE-2025-49719,Improper input validation in SQL Server allows an unauthorized attacker to disclose information over a network.,3.9,,,15.0.4382.1,CIPLL14-VAISHAL,*,Claimpower,Microsoft Corporation_Microsoft SQL Server 2019 LocalDB _15.0.4382.1_x64_
SQL Server 2019,CVE-2025-49717,Microsoft,High,CVSS:3.1/AV:N/AC:H/PR:L/UI:N/S:C/C:H/I:H/A:H,No,07/08/25 17:15:00,8.5,01/20/26 18:06:22,0,N/A,https://www.vicarius.io/vsociety/vulnerabilities/414339/CVE-2025-49717,Heap-based buffer overflow in SQL Server allows an authorized attacker to execute code over a network.,1.8,,,15.0.4382.1,CIPLL14-VAISHAL,*,Claimpower,Microsoft Corporation_Microsoft SQL Server 2019 LocalDB _15.0.4382.1_x64_
Asp.net Core,CVE-2025-55315,Microsoft,Critical,CVSS:3.1/AV:N/AC:L/PR:L/UI:N/S:C/C:H/I:H/A:L,No,10/14/25 17:15:00,9.9,01/20/26 03:39:23,0,N/A,https://www.vicarius.io/vsociety/vulnerabilities/427498/CVE-2025-55315,Inconsistent interpretation of http requests (http request/response smuggling) in ASP.NET Core allows an authorized attacker to bypass a security feature over a network.,3.1,,,8.0.6,CIPLLP-SONALI,*,Claimpower,Microsoft Corporation_Microsoft ASP.NET Core 8.0.6 Targeting Pack (x64)_8.0.6.24269_x64_
SQL Server 2019,CVE-2024-21415,Microsoft,High,CVSS:3.1/AV:N/AC:L/PR:N/UI:R/S:U/C:H/I:H/A:H,No,07/09/24 17:15:00,8.8,01/19/26 12:41:24,0,N/A,https://www.vicarius.io/vsociety/vulnerabilities/372551/CVE-2024-21415,SQL Server Native Client OLE DB Provider Remote Code Execution Vulnerability,2.8,,,15.0.2000.5,CIPLL20-SHWETA,*,Claimpower,Microsoft Corporation_Microsoft System CLR Types for SQL Server 2019_15.0.2000.5_x64_
SQL Server 2019,CVE-2024-21414,Microsoft,High,CVSS:3.1/AV:N/AC:L/PR:N/UI:R/S:U/C:H/I:H/A:H,No,07/09/24 17:15:00,8.8,01/19/26 12:41:24,0,N/A,https://www.vicarius.io/vsociety/vulnerabilities/372552/CVE-2024-21414,SQL Server Native Client OLE DB Provider Remote Code Execution Vulnerability,2.8,,,15.0.2000.5,CIPLL20-SHWETA,*,Claimpower,Microsoft Corporation_Microsoft System CLR Types for SQL Server 2019_15.0.2000.5_x64_
SQL Server 2019,CVE-2024-21428,Microsoft,High,CVSS:3.1/AV:N/AC:L/PR:N/UI:R/S:U/C:H/I:H/A:H,No,07/09/24 17:15:00,8.8,01/19/26 12:41:24,0,N/A,https://www.vicarius.io/vsociety/vulnerabilities/372548/CVE-2024-21428,SQL Server Native Client OLE DB Provider Remote Code Execution Vulnerability,2.8,,,15.0.2000.5,CIPLL20-SHWETA,*,Claimpower,Microsoft Corporation_Microsoft System CLR Types for SQL Server 2019_15.0.2000.5_x64_
Asp.net Core,CVE-2025-55315,Microsoft,Critical,CVSS:3.1/AV:N/AC:L/PR:L/UI:N/S:C/C:H/I:H/A:L,No,10/14/25 17:15:00,9.9,01/20/26 06:55:35,0,N/A,https://www.vicarius.io/vsociety/vulnerabilities/427498/CVE-2025-55315,Inconsistent interpretation of http requests (http request/response smuggling) in ASP.NET Core allows an authorized attacker to bypass a security feature over a network.,3.1,,,8.0.6,CIPLLP-NASEEM,*,Claimpower,Microsoft Corporation_Microsoft ASP.NET Core 8.0.6 Targeting Pack (x64)_8.0.6.24269_x64_
SQL Server 2019,CVE-2024-21373,Microsoft,High,CVSS:3.1/AV:N/AC:L/PR:N/UI:R/S:U/C:H/I:H/A:H,No,07/09/24 17:15:00,8.8,01/19/26 12:41:24,0,N/A,https://www.vicarius.io/vsociety/vulnerabilities/372554/CVE-2024-21373,SQL Server Native Client OLE DB Provider Remote Code Execution Vulnerability,2.8,,,15.0.2000.5,CIPLL20-SHWETA,*,Claimpower,Microsoft Corporation_Microsoft System CLR Types for SQL Server 2019_15.0.2000.5_x64_
SQL Server 2019,CVE-2024-21398,Microsoft,High,CVSS:3.1/AV:N/AC:L/PR:N/UI:R/S:U/C:H/I:H/A:H,No,07/09/24 17:15:00,8.8,01/19/26 12:41:24,0,N/A,https://www.vicarius.io/vsociety/vulnerabilities/372553/CVE-2024-21398,SQL Server Native Client OLE DB Provider Remote Code Execution Vulnerability,2.8,,,15.0.2000.5,CIPLL20-SHWETA,*,Claimpower,Microsoft Corporation_Microsoft System CLR Types for SQL Server 2019_15.0.2000.5_x64_
SQL Server 2019,CVE-2024-21332,Microsoft,High,CVSS:3.1/AV:N/AC:L/PR:N/UI:R/S:U/C:H/I:H/A:H,No,07/09/24 17:15:00,8.8,01/19/26 12:41:24,0,N/A,https://www.vicarius.io/vsociety/vulnerabilities/372557/CVE-2024-21332,SQL Server Native Client OLE DB Provider Remote Code Execution Vulnerability,2.8,,,15.0.2000.5,CIPLL20-SHWETA,*,Claimpower,Microsoft Corporation_Microsoft System CLR Types for SQL Server 2019_15.0.2000.5_x64_
Asp.net Core,CVE-2025-26682,Microsoft,High,CVSS:3.1/AV:N/AC:L/PR:N/UI:N/S:U/C:N/I:N/A:H,No,04/08/25 18:15:00,7.5,01/19/26 09:11:47,0,N/A,https://www.vicarius.io/vsociety/vulnerabilities/402445/CVE-2025-26682,Allocation of resources without limits or throttling in ASP.NET Core allows an unauthorized attacker to deny service over a network.,3.9,,,8.0.6,CIPLL14-VAISHAL,*,Claimpower,Microsoft Corporation_Microsoft ASP.NET Core 8.0.6 Targeting Pack (x64)_8.0.6.24269_x64_
Asp.net Core,CVE-2023-44487,Microsoft,High,CVSS:3.1/AV:N/AC:L/PR:N/UI:N/S:U/C:N/I:N/A:H,Yes,10/10/23 14:15:00,7.5,01/19/26 12:40:38,0,N/A,https://www.vicarius.io/vsociety/vulnerabilities/341366/CVE-2023-44487,"The HTTP/2 protocol allows a denial of service (server resource consumption) because request cancellation can reset many streams quickly, as exploited in the wild in August through October 2023.",3.9,,,7.0.10,CIPLL20-SHWETA,*,Claimpower,Microsoft Corporation_Microsoft ASP.NET Core 7.0.10 - Shared Framework (x86)_7.0.10.23364_x64_
SQL Server 2022,CVE-2024-28927,Microsoft,High,CVSS:3.1/AV:N/AC:L/PR:N/UI:R/S:U/C:H/I:H/A:H,No,04/09/24 17:15:00,8.8,01/19/26 11:16:42,0,N/A,https://www.vicarius.io/vsociety/vulnerabilities/358584/CVE-2024-28927,Microsoft OLE DB Driver for SQL Server Remote Code Execution Vulnerability,2.8,,,16.0.1000.6,CIPLL15-TECHCAB,*,Claimpower,Microsoft Corporation_Browser for SQL Server 2022_16.0.1000.6_x64_
SQL Server 2022,CVE-2024-28926,Microsoft,High,CVSS:3.1/AV:N/AC:L/PR:N/UI:R/S:U/C:H/I:H/A:H,No,04/09/24 17:15:00,8.8,01/19/26 11:16:42,0,N/A,https://www.vicarius.io/vsociety/vulnerabilities/358585/CVE-2024-28926,Microsoft OLE DB Driver for SQL Server Remote Code Execution Vulnerability,2.8,,,16.0.1000.6,CIPLL15-TECHCAB,*,Claimpower,Microsoft Corporation_Browser for SQL Server 2022_16.0.1000.6_x64_
SQL Server 2019,CVE-2024-29043,Microsoft,High,CVSS:3.1/AV:N/AC:L/PR:N/UI:R/S:U/C:H/I:H/A:H,No,04/09/24 17:15:00,8.8,01/19/26 09:11:47,0,N/A,https://www.vicarius.io/vsociety/vulnerabilities/358566/CVE-2024-29043,Microsoft ODBC Driver for SQL Server Remote Code Execution Vulnerability,2.8,,,15.0.2000.5,CIPLL14-VAISHAL,*,Claimpower,Microsoft Corporation_Microsoft System CLR Types for SQL Server 2019_15.0.2000.5_x64_
SQL Server 2019,CVE-2024-28945,Microsoft,High,CVSS:3.1/AV:N/AC:L/PR:N/UI:R/S:U/C:H/I:H/A:H,No,04/09/24 17:15:00,8.8,01/19/26 09:11:47,0,N/A,https://www.vicarius.io/vsociety/vulnerabilities/358567/CVE-2024-28945,Microsoft OLE DB Driver for SQL Server Remote Code Execution Vulnerability,2.8,,,15.0.2000.5,CIPLL14-VAISHAL,*,Claimpower,Microsoft Corporation_Microsoft System CLR Types for SQL Server 2019_15.0.2000.5_x64_
SQL Server 2019,CVE-2024-29045,Microsoft,High,CVSS:3.1/AV:N/AC:H/PR:N/UI:R/S:U/C:H/I:H/A:H,No,04/09/24 17:15:00,7.5,01/19/26 09:11:47,0,N/A,https://www.vicarius.io/vsociety/vulnerabilities/358564/CVE-2024-29045,Microsoft OLE DB Driver for SQL Server Remote Code Execution Vulnerability,1.6,,,15.0.2000.5,CIPLL14-VAISHAL,*,Claimpower,Microsoft Corporation_Microsoft System CLR Types for SQL Server 2019_15.0.2000.5_x64_
SQL Server 2019,CVE-2024-29044,Microsoft,High,CVSS:3.1/AV:N/AC:L/PR:N/UI:R/S:U/C:H/I:H/A:H,No,04/09/24 17:15:00,8.8,01/19/26 09:11:47,0,N/A,https://www.vicarius.io/vsociety/vulnerabilities/358565/CVE-2024-29044,Microsoft OLE DB Driver for SQL Server Remote Code Execution Vulnerability,2.8,,,15.0.2000.5,CIPLL14-VAISHAL,*,Claimpower,Microsoft Corporation_Microsoft System CLR Types for SQL Server 2019_15.0.2000.5_x64_
SQL Server 2019,CVE-2024-29046,Microsoft,High,CVSS:3.1/AV:N/AC:L/PR:N/UI:R/S:U/C:H/I:H/A:H,No,04/09/24 17:15:00,8.8,01/19/26 09:11:47,0,N/A,https://www.vicarius.io/vsociety/vulnerabilities/358563/CVE-2024-29046,Microsoft OLE DB Driver for SQL Server Remote Code Execution Vulnerability,2.8,,,15.0.2000.5,CIPLL14-VAISHAL,*,Claimpower,Microsoft Corporation_Microsoft System CLR Types for SQL Server 2019_15.0.2000.5_x64_
SQL Server 2019,CVE-2024-29048,Microsoft,High,CVSS:3.1/AV:N/AC:L/PR:N/UI:R/S:U/C:H/I:H/A:H,No,04/09/24 17:15:00,8.8,01/19/26 09:11:47,0,N/A,https://www.vicarius.io/vsociety/vulnerabilities/358561/CVE-2024-29048,Microsoft OLE DB Driver for SQL Server Remote Code Execution Vulnerability,2.8,,,15.0.2000.5,CIPLL14-VAISHAL,*,Claimpower,Microsoft Corporation_Microsoft System CLR Types for SQL Server 2019_15.0.2000.5_x64_
Asp.net Core,CVE-2025-55315,Microsoft,Critical,CVSS:3.1/AV:N/AC:L/PR:L/UI:N/S:C/C:H/I:H/A:L,No,10/14/25 17:15:00,9.9,01/19/26 09:11:47,0,N/A,https://www.vicarius.io/vsociety/vulnerabilities/427498/CVE-2025-55315,Inconsistent interpretation of http requests (http request/response smuggling) in ASP.NET Core allows an authorized attacker to bypass a security feature over a network.,3.1,,,8.0.6,CIPLL14-VAISHAL,*,Claimpower,Microsoft Corporation_Microsoft ASP.NET Core 8.0.6 Targeting Pack (x64)_8.0.6.24269_x64_
SQL Server 2022,CVE-2025-47954,Microsoft,High,CVSS:3.1/AV:N/AC:L/PR:L/UI:N/S:U/C:H/I:H/A:H,No,08/12/25 18:15:00,8.8,01/19/26 11:16:42,0,N/A,https://www.vicarius.io/vsociety/vulnerabilities/418537/CVE-2025-47954,Improper neutralization of special elements used in an sql command (sql injection) in SQL Server allows an authorized attacker to elevate privileges over a network.,2.8,,,16.0.1000.6,CIPLL15-TECHCAB,*,Claimpower,Microsoft Corporation_Browser for SQL Server 2022_16.0.1000.6_x64_
.NET,CVE-2023-36435,Microsoft,High,CVSS:3.1/AV:N/AC:L/PR:N/UI:N/S:U/C:N/I:N/A:H,No,10/10/23 18:15:00,7.5,01/19/26 12:40:57,0,N/A,https://www.vicarius.io/vsociety/vulnerabilities/341519/CVE-2023-36435,Microsoft QUIC Denial of Service Vulnerability,3.9,,,7.0.10,CIPLL20-SHWETA,*,Claimpower,Microsoft Corporation_Microsoft .NET Runtime - 7.0.10 (x64)_56.43.64668_x64_
SQL Server 2019,CVE-2024-28943,Microsoft,High,CVSS:3.1/AV:N/AC:L/PR:N/UI:R/S:U/C:H/I:H/A:H,No,04/09/24 17:15:00,8.8,01/19/26 09:11:47,0,N/A,https://www.vicarius.io/vsociety/vulnerabilities/358569/CVE-2024-28943,Microsoft ODBC Driver for SQL Server Remote Code Execution Vulnerability,2.8,,,15.0.2000.5,CIPLL14-VAISHAL,*,Claimpower,Microsoft Corporation_Microsoft System CLR Types for SQL Server 2019_15.0.2000.5_x64_
SQL Server 2019,CVE-2024-28942,Microsoft,High,CVSS:3.1/AV:N/AC:L/PR:N/UI:R/S:U/C:H/I:H/A:H,No,04/09/24 17:15:00,8.8,01/19/26 09:11:47,0,N/A,https://www.vicarius.io/vsociety/vulnerabilities/358570/CVE-2024-28942,Microsoft OLE DB Driver for SQL Server Remote Code Execution Vulnerability,2.8,,,15.0.2000.5,CIPLL14-VAISHAL,*,Claimpower,Microsoft Corporation_Microsoft System CLR Types for SQL Server 2019_15.0.2000.5_x64_
SQL Server 2019,CVE-2024-28944,Microsoft,High,CVSS:3.1/AV:N/AC:L/PR:N/UI:R/S:U/C:H/I:H/A:H,No,04/09/24 17:15:00,8.8,01/19/26 09:11:47,0,N/A,https://www.vicarius.io/vsociety/vulnerabilities/358568/CVE-2024-28944,Microsoft OLE DB Driver for SQL Server Remote Code Execution Vulnerability,2.8,,,15.0.2000.5,CIPLL14-VAISHAL,*,Claimpower,Microsoft Corporation_Microsoft System CLR Types for SQL Server 2019_15.0.2000.5_x64_
Asp.net Core,CVE-2024-21404,Microsoft,High,CVSS:3.1/AV:N/AC:L/PR:N/UI:N/S:U/C:N/I:N/A:H,No,02/13/24 18:15:00,7.5,01/19/26 12:40:38,0,N/A,https://www.vicarius.io/vsociety/vulnerabilities/352328/CVE-2024-21404,.NET Denial of Service Vulnerability,3.9,,,7.0.10,CIPLL20-SHWETA,*,Claimpower,Microsoft Corporation_Microsoft ASP.NET Core 7.0.10 - Shared Framework (x86)_7.0.10.23364_x64_
SQL Server 2019,CVE-2024-28939,Microsoft,High,CVSS:3.1/AV:N/AC:L/PR:N/UI:R/S:U/C:H/I:H/A:H,No,04/09/24 17:15:00,8.8,01/19/26 09:11:47,0,N/A,https://www.vicarius.io/vsociety/vulnerabilities/358573/CVE-2024-28939,Microsoft OLE DB Driver for SQL Server Remote Code Execution Vulnerability,2.8,,,15.0.2000.5,CIPLL14-VAISHAL,*,Claimpower,Microsoft Corporation_Microsoft System CLR Types for SQL Server 2019_15.0.2000.5_x64_
SQL Server 2019,CVE-2024-28940,Microsoft,High,CVSS:3.1/AV:N/AC:L/PR:N/UI:R/S:U/C:H/I:H/A:H,No,04/09/24 17:15:00,8.8,01/19/26 09:11:47,0,N/A,https://www.vicarius.io/vsociety/vulnerabilities/358572/CVE-2024-28940,Microsoft OLE DB Driver for SQL Server Remote Code Execution Vulnerability,2.8,,,15.0.2000.5,CIPLL14-VAISHAL,*,Claimpower,Microsoft Corporation_Microsoft System CLR Types for SQL Server 2019_15.0.2000.5_x64_
SQL Server 2022,CVE-2026-20803,Microsoft,High,CVSS:3.1/AV:N/AC:L/PR:H/UI:N/S:U/C:H/I:H/A:H,No,01/13/26 18:16:00,7.2,01/19/26 11:16:42,0,N/A,https://www.vicarius.io/vsociety/vulnerabilities/441079/CVE-2026-20803,Missing authentication for critical function in SQL Server allows an authorized attacker to elevate privileges over a network.,1.2,,,16.0.1000.6,CIPLL15-TECHCAB,*,Claimpower,Microsoft Corporation_Browser for SQL Server 2022_16.0.1000.6_x64_
SQL Server 2022,CVE-2025-53727,Microsoft,High,CVSS:3.1/AV:N/AC:L/PR:L/UI:N/S:U/C:H/I:H/A:H,No,08/12/25 18:15:00,8.8,01/19/26 11:16:42,0,N/A,https://www.vicarius.io/vsociety/vulnerabilities/418461/CVE-2025-53727,Improper neutralization of special elements used in an sql command (sql injection) in SQL Server allows an authorized attacker to elevate privileges over a network.,2.8,,,16.0.1000.6,CIPLL15-TECHCAB,*,Claimpower,Microsoft Corporation_Browser for SQL Server 2022_16.0.1000.6_x64_
SQL Server 2019,CVE-2024-37965,Microsoft,High,CVSS:3.1/AV:N/AC:L/PR:L/UI:N/S:U/C:H/I:H/A:H,No,09/10/24 17:15:00,8.8,01/19/26 09:17:05,0,N/A,https://www.vicarius.io/vsociety/vulnerabilities/376417/CVE-2024-37965,Microsoft SQL Server Elevation of Privilege Vulnerability,2.8,,,15.0.4382.1,CIPLL14-VAISHAL,*,Claimpower,Microsoft Corporation_Microsoft SQL Server 2019 LocalDB _15.0.4382.1_x64_
SQL Server 2019,CVE-2024-37966,Microsoft,High,CVSS:3.1/AV:N/AC:L/PR:L/UI:N/S:U/C:H/I:N/A:L,No,09/10/24 17:15:00,7.1,01/19/26 09:17:05,0,N/A,https://www.vicarius.io/vsociety/vulnerabilities/376416/CVE-2024-37966,Microsoft SQL Server Native Scoring Information Disclosure Vulnerability,2.8,,,15.0.4382.1,CIPLL14-VAISHAL,*,Claimpower,Microsoft Corporation_Microsoft SQL Server 2019 LocalDB _15.0.4382.1_x64_
.NET,CVE-2023-38171,Microsoft,High,CVSS:3.1/AV:N/AC:L/PR:N/UI:N/S:U/C:N/I:N/A:H,No,10/10/23 18:15:00,7.5,01/19/26 12:40:57,0,N/A,https://www.vicarius.io/vsociety/vulnerabilities/341441/CVE-2023-38171,Microsoft QUIC Denial of Service Vulnerability,3.9,,,7.0.10,CIPLL20-SHWETA,*,Claimpower,Microsoft Corporation_Microsoft .NET Runtime - 7.0.10 (x64)_56.43.64668_x64_
SQL Server 2022,CVE-2024-28939,Microsoft,High,CVSS:3.1/AV:N/AC:L/PR:N/UI:R/S:U/C:H/I:H/A:H,No,04/09/24 17:15:00,8.8,01/19/26 11:16:42,0,N/A,https://www.vicarius.io/vsociety/vulnerabilities/358573/CVE-2024-28939,Microsoft OLE DB Driver for SQL Server Remote Code Execution Vulnerability,2.8,,,16.0.1000.6,CIPLL15-TECHCAB,*,Claimpower,Microsoft Corporation_Browser for SQL Server 2022_16.0.1000.6_x64_
SQL Server 2022,CVE-2024-28940,Microsoft,High,CVSS:3.1/AV:N/AC:L/PR:N/UI:R/S:U/C:H/I:H/A:H,No,04/09/24 17:15:00,8.8,01/19/26 11:16:42,0,N/A,https://www.vicarius.io/vsociety/vulnerabilities/358572/CVE-2024-28940,Microsoft OLE DB Driver for SQL Server Remote Code Execution Vulnerability,2.8,,,16.0.1000.6,CIPLL15-TECHCAB,*,Claimpower,Microsoft Corporation_Browser for SQL Server 2022_16.0.1000.6_x64_
SQL Server 2022,CVE-2024-28943,Microsoft,High,CVSS:3.1/AV:N/AC:L/PR:N/UI:R/S:U/C:H/I:H/A:H,No,04/09/24 17:15:00,8.8,01/19/26 11:16:42,0,N/A,https://www.vicarius.io/vsociety/vulnerabilities/358569/CVE-2024-28943,Microsoft ODBC Driver for SQL Server Remote Code Execution Vulnerability,2.8,,,16.0.1000.6,CIPLL15-TECHCAB,*,Claimpower,Microsoft Corporation_Browser for SQL Server 2022_16.0.1000.6_x64_
SQL Server 2022,CVE-2024-21333,Microsoft,High,CVSS:3.1/AV:N/AC:L/PR:N/UI:R/S:U/C:H/I:H/A:H,No,07/09/24 17:15:00,8.8,01/19/26 11:16:42,0,N/A,https://www.vicarius.io/vsociety/vulnerabilities/372556/CVE-2024-21333,SQL Server Native Client OLE DB Provider Remote Code Execution Vulnerability,2.8,,,16.0.1000.6,CIPLL15-TECHCAB,*,Claimpower,Microsoft Corporation_Browser for SQL Server 2022_16.0.1000.6_x64_
SQL Server 2022,CVE-2024-28942,Microsoft,High,CVSS:3.1/AV:N/AC:L/PR:N/UI:R/S:U/C:H/I:H/A:H,No,04/09/24 17:15:00,8.8,01/19/26 11:16:42,0,N/A,https://www.vicarius.io/vsociety/vulnerabilities/358570/CVE-2024-28942,Microsoft OLE DB Driver for SQL Server Remote Code Execution Vulnerability,2.8,,,16.0.1000.6,CIPLL15-TECHCAB,*,Claimpower,Microsoft Corporation_Browser for SQL Server 2022_16.0.1000.6_x64_
SQL Server 2019,CVE-2025-59499,Microsoft,High,CVSS:3.1/AV:N/AC:L/PR:L/UI:N/S:U/C:H/I:H/A:H,No,11/11/25 18:15:00,8.8,01/19/26 09:17:05,0,N/A,https://www.vicarius.io/vsociety/vulnerabilities/431418/CVE-2025-59499,Improper neutralization of special elements used in an sql command (sql injection) in SQL Server allows an authorized attacker to elevate privileges over a network.,2.8,,,15.0.4382.1,CIPLL14-VAISHAL,*,Claimpower,Microsoft Corporation_Microsoft SQL Server 2019 LocalDB _15.0.4382.1_x64_
.NET,CVE-2021-27434,Microsoft,High,CVSS:3.1/AV:N/AC:L/PR:N/UI:N/S:U/C:H/I:N/A:N,No,05/20/21 14:15:00,7.5,01/19/26 12:41:59,5,N/A,https://www.vicarius.io/vsociety/vulnerabilities/277232/CVE-2021-27434,"Products with Unified Automation .NET based OPC UA Client/Server SDK Bundle: Versions V3.0.7 and prior (.NET 4.5, 4.0, and 3.5 Framework versions only) are vulnerable to an uncontrolled recursion, which may allow an attacker to trigger a stack overflow.",3.9,,,4.0,CIPLL20-SHWETA,*,Claimpower,Microsoft_.NET Framework 4.0 Full_4.0_x64_
SQL Server 2019,CVE-2025-47997,Microsoft,Medium,CVSS:3.1/AV:N/AC:L/PR:L/UI:N/S:U/C:H/I:N/A:N,No,09/09/25 17:15:00,6.5,01/19/26 09:17:05,0,N/A,https://www.vicarius.io/vsociety/vulnerabilities/422165/CVE-2025-47997,Concurrent execution using shared resource with improper synchronization (race condition) in SQL Server allows an authorized attacker to disclose information over a network.,2.8,,,15.0.4382.1,CIPLL14-VAISHAL,*,Claimpower,Microsoft Corporation_Microsoft SQL Server 2019 LocalDB _15.0.4382.1_x64_
Asp.net Core,CVE-2021-34532,Microsoft,Medium,CVSS:3.1/AV:L/AC:L/PR:L/UI:N/S:U/C:H/I:N/A:N,No,08/12/21 18:15:00,5.5,01/19/26 12:41:24,2.1,N/A,https://www.vicarius.io/vsociety/vulnerabilities/282200/CVE-2021-34532,ASP.NET Core and Visual Studio Information Disclosure Vulnerability,1.8,,,5.0.0,CIPLL20-SHWETA,*,Claimpower,Microsoft Corporation_Microsoft ASP.NET Core 5.0.0 Targeting Pack (x64)_5.0.0.20526_x64_
SQL Server 2022,CVE-2024-28944,Microsoft,High,CVSS:3.1/AV:N/AC:L/PR:N/UI:R/S:U/C:H/I:H/A:H,No,04/09/24 17:15:00,8.8,01/19/26 11:16:42,0,N/A,https://www.vicarius.io/vsociety/vulnerabilities/358568/CVE-2024-28944,Microsoft OLE DB Driver for SQL Server Remote Code Execution Vulnerability,2.8,,,16.0.1000.6,CIPLL15-TECHCAB,*,Claimpower,Microsoft Corporation_Browser for SQL Server 2022_16.0.1000.6_x64_
SQL Server 2022,CVE-2024-21317,Microsoft,High,CVSS:3.1/AV:N/AC:L/PR:N/UI:R/S:U/C:H/I:H/A:H,No,07/09/24 17:15:00,8.8,01/19/26 11:16:42,0,N/A,https://www.vicarius.io/vsociety/vulnerabilities/372559/CVE-2024-21317,SQL Server Native Client OLE DB Provider Remote Code Execution Vulnerability,2.8,,,16.0.1000.6,CIPLL15-TECHCAB,*,Claimpower,Microsoft Corporation_Browser for SQL Server 2022_16.0.1000.6_x64_
SQL Server 2022,CVE-2024-21332,Microsoft,High,CVSS:3.1/AV:N/AC:L/PR:N/UI:R/S:U/C:H/I:H/A:H,No,07/09/24 17:15:00,8.8,01/19/26 11:16:42,0,N/A,https://www.vicarius.io/vsociety/vulnerabilities/372557/CVE-2024-21332,SQL Server Native Client OLE DB Provider Remote Code Execution Vulnerability,2.8,,,16.0.1000.6,CIPLL15-TECHCAB,*,Claimpower,Microsoft Corporation_Browser for SQL Server 2022_16.0.1000.6_x64_
Asp.net Core,CVE-2021-1723,Microsoft,High,CVSS:3.1/AV:N/AC:L/PR:N/UI:N/S:U/C:N/I:N/A:H,No,01/12/21 20:15:00,7.5,01/19/26 12:41:24,5,N/A,https://www.vicarius.io/vsociety/vulnerabilities/269899/CVE-2021-1723,ASP.NET Core and Visual Studio Denial of Service Vulnerability,3.9,,,5.0.0,CIPLL20-SHWETA,*,Claimpower,Microsoft Corporation_Microsoft ASP.NET Core 5.0.0 Targeting Pack (x64)_5.0.0.20526_x64_
SQL Server 2022,CVE-2024-21335,Microsoft,High,CVSS:3.1/AV:N/AC:L/PR:N/UI:R/S:U/C:H/I:H/A:H,No,07/09/24 17:15:00,8.8,01/19/26 11:16:42,0,N/A,https://www.vicarius.io/vsociety/vulnerabilities/372555/CVE-2024-21335,SQL Server Native Client OLE DB Provider Remote Code Execution Vulnerability,2.8,,,16.0.1000.6,CIPLL15-TECHCAB,*,Claimpower,Microsoft Corporation_Browser for SQL Server 2022_16.0.1000.6_x64_
SQL Server 2022,CVE-2024-29982,Microsoft,High,CVSS:3.1/AV:N/AC:L/PR:N/UI:R/S:U/C:H/I:H/A:H,No,04/09/24 17:16:00,8.8,01/19/26 11:16:42,0,N/A,https://www.vicarius.io/vsociety/vulnerabilities/358548/CVE-2024-29982,Microsoft OLE DB Driver for SQL Server Remote Code Execution Vulnerability,2.8,,,16.0.1000.6,CIPLL15-TECHCAB,*,Claimpower,Microsoft Corporation_Browser for SQL Server 2022_16.0.1000.6_x64_
Asp.net Core,CVE-2023-35391,Microsoft,High,CVSS:3.1/AV:N/AC:L/PR:N/UI:N/S:U/C:H/I:N/A:N,No,08/08/23 19:15:00,7.5,01/19/26 11:17:42,0,N/A,https://www.vicarius.io/vsociety/vulnerabilities/336085/CVE-2023-35391,ASP.NET Core SignalR and Visual Studio Information Disclosure Vulnerability,3.9,,,2.1.30,CIPLL15-TECHCAB,*,Claimpower,Microsoft Corporation_Microsoft ASP.NET Core 2.1.30 Shared Framework (x64)_2.1.30.60071_x64_
Asp.net Core,CVE-2023-38180,Microsoft,High,CVSS:3.1/AV:N/AC:L/PR:N/UI:N/S:U/C:N/I:N/A:H,Yes,08/08/23 19:15:00,7.5,01/19/26 11:17:42,0,N/A,https://www.vicarius.io/vsociety/vulnerabilities/336036/CVE-2023-38180,.NET and Visual Studio Denial of Service Vulnerability,3.9,,,2.1.30,CIPLL15-TECHCAB,*,Claimpower,Microsoft Corporation_Microsoft ASP.NET Core 2.1.30 Shared Framework (x64)_2.1.30.60071_x64_
SQL Server 2022,CVE-2024-21308,Microsoft,High,CVSS:3.1/AV:N/AC:L/PR:N/UI:R/S:U/C:H/I:H/A:H,No,07/09/24 17:15:00,8.8,01/19/26 11:16:42,0,N/A,https://www.vicarius.io/vsociety/vulnerabilities/372560/CVE-2024-21308,SQL Server Native Client OLE DB Provider Remote Code Execution Vulnerability,2.8,,,16.0.1000.6,CIPLL15-TECHCAB,*,Claimpower,Microsoft Corporation_Browser for SQL Server 2022_16.0.1000.6_x64_
SQL Server 2022,CVE-2024-29984,Microsoft,High,CVSS:3.1/AV:N/AC:L/PR:N/UI:R/S:U/C:H/I:H/A:H,No,04/09/24 17:16:00,8.8,01/19/26 11:16:42,0,N/A,https://www.vicarius.io/vsociety/vulnerabilities/358546/CVE-2024-29984,Microsoft OLE DB Driver for SQL Server Remote Code Execution Vulnerability,2.8,,,16.0.1000.6,CIPLL15-TECHCAB,*,Claimpower,Microsoft Corporation_Browser for SQL Server 2022_16.0.1000.6_x64_
SQL Server 2022,CVE-2026-20803,Microsoft,High,CVSS:3.1/AV:N/AC:L/PR:H/UI:N/S:U/C:H/I:H/A:H,No,01/13/26 18:16:00,7.2,01/19/26 08:49:21,0,N/A,https://www.vicarius.io/vsociety/vulnerabilities/441079/CVE-2026-20803,Missing authentication for critical function in SQL Server allows an authorized attacker to elevate privileges over a network.,1.2,,,16.0.1000.6,CIPLL23-SWAPNIL,*,Claimpower,Microsoft Corporation_Browser for SQL Server 2022_16.0.1000.6_x64_
SQL Server 2022,CVE-2024-37966,Microsoft,High,CVSS:3.1/AV:N/AC:L/PR:L/UI:N/S:U/C:H/I:N/A:L,No,09/10/24 17:15:00,7.1,01/19/26 11:16:42,0,N/A,https://www.vicarius.io/vsociety/vulnerabilities/376416/CVE-2024-37966,Microsoft SQL Server Native Scoring Information Disclosure Vulnerability,2.8,,,16.0.1000.6,CIPLL15-TECHCAB,*,Claimpower,Microsoft Corporation_Browser for SQL Server 2022_16.0.1000.6_x64_
SQL Server 2022,CVE-2024-29983,Microsoft,High,CVSS:3.1/AV:N/AC:L/PR:N/UI:R/S:U/C:H/I:H/A:H,No,04/09/24 17:16:00,8.8,01/19/26 11:16:42,0,N/A,https://www.vicarius.io/vsociety/vulnerabilities/358547/CVE-2024-29983,Microsoft OLE DB Driver for SQL Server Remote Code Execution Vulnerability,2.8,,,16.0.1000.6,CIPLL15-TECHCAB,*,Claimpower,Microsoft Corporation_Browser for SQL Server 2022_16.0.1000.6_x64_
SQL Server 2022,CVE-2024-37965,Microsoft,High,CVSS:3.1/AV:N/AC:L/PR:L/UI:N/S:U/C:H/I:H/A:H,No,09/10/24 17:15:00,8.8,01/19/26 11:16:42,0,N/A,https://www.vicarius.io/vsociety/vulnerabilities/376417/CVE-2024-37965,Microsoft SQL Server Elevation of Privilege Vulnerability,2.8,,,16.0.1000.6,CIPLL15-TECHCAB,*,Claimpower,Microsoft Corporation_Browser for SQL Server 2022_16.0.1000.6_x64_
SQL Server 2022,CVE-2024-29985,Microsoft,High,CVSS:3.1/AV:N/AC:L/PR:N/UI:R/S:U/C:H/I:H/A:H,No,04/09/24 17:16:00,8.8,01/19/26 11:16:42,0,N/A,https://www.vicarius.io/vsociety/vulnerabilities/358545/CVE-2024-29985,Microsoft OLE DB Driver for SQL Server Remote Code Execution Vulnerability,2.8,,,16.0.1000.6,CIPLL15-TECHCAB,*,Claimpower,Microsoft Corporation_Browser for SQL Server 2022_16.0.1000.6_x64_
SQL Server 2022,CVE-2024-21331,Microsoft,High,CVSS:3.1/AV:N/AC:L/PR:N/UI:R/S:U/C:H/I:H/A:H,No,07/09/24 17:15:00,8.8,01/19/26 11:16:42,0,N/A,https://www.vicarius.io/vsociety/vulnerabilities/372558/CVE-2024-21331,SQL Server Native Client OLE DB Provider Remote Code Execution Vulnerability,2.8,,,16.0.1000.6,CIPLL15-TECHCAB,*,Claimpower,Microsoft Corporation_Browser for SQL Server 2022_16.0.1000.6_x64_
SQL Server 2022,CVE-2024-21425,Microsoft,High,CVSS:3.1/AV:N/AC:L/PR:N/UI:R/S:U/C:H/I:H/A:H,No,07/09/24 17:15:00,8.8,01/19/26 11:16:42,0,N/A,https://www.vicarius.io/vsociety/vulnerabilities/372549/CVE-2024-21425,SQL Server Native Client OLE DB Provider Remote Code Execution Vulnerability,2.8,,,16.0.1000.6,CIPLL15-TECHCAB,*,Claimpower,Microsoft Corporation_Browser for SQL Server 2022_16.0.1000.6_x64_
SQL Server 2022,CVE-2024-28928,Microsoft,High,CVSS:3.1/AV:N/AC:L/PR:N/UI:R/S:U/C:H/I:H/A:H,No,07/09/24 17:15:00,8.8,01/19/26 11:16:42,0,N/A,https://www.vicarius.io/vsociety/vulnerabilities/370865/CVE-2024-28928,SQL Server Native Client OLE DB Provider Remote Code Execution Vulnerability,2.8,,,16.0.1000.6,CIPLL15-TECHCAB,*,Claimpower,Microsoft Corporation_Browser for SQL Server 2022_16.0.1000.6_x64_
SQL Server 2022,CVE-2024-21398,Microsoft,High,CVSS:3.1/AV:N/AC:L/PR:N/UI:R/S:U/C:H/I:H/A:H,No,07/09/24 17:15:00,8.8,01/19/26 11:16:42,0,N/A,https://www.vicarius.io/vsociety/vulnerabilities/372553/CVE-2024-21398,SQL Server Native Client OLE DB Provider Remote Code Execution Vulnerability,2.8,,,16.0.1000.6,CIPLL15-TECHCAB,*,Claimpower,Microsoft Corporation_Browser for SQL Server 2022_16.0.1000.6_x64_
SQL Server 2022,CVE-2024-21373,Microsoft,High,CVSS:3.1/AV:N/AC:L/PR:N/UI:R/S:U/C:H/I:H/A:H,No,07/09/24 17:15:00,8.8,01/19/26 11:16:42,0,N/A,https://www.vicarius.io/vsociety/vulnerabilities/372554/CVE-2024-21373,SQL Server Native Client OLE DB Provider Remote Code Execution Vulnerability,2.8,,,16.0.1000.6,CIPLL15-TECHCAB,*,Claimpower,Microsoft Corporation_Browser for SQL Server 2022_16.0.1000.6_x64_
.NET,CVE-2024-20672,Microsoft,High,CVSS:3.1/AV:N/AC:L/PR:N/UI:N/S:U/C:N/I:N/A:H,No,01/09/24 18:15:00,7.5,01/19/26 12:40:57,0,N/A,https://www.vicarius.io/vsociety/vulnerabilities/349326/CVE-2024-20672,.NET Denial of Service Vulnerability,3.9,,,7.0.10,CIPLL20-SHWETA,*,Claimpower,Microsoft Corporation_Microsoft .NET Runtime - 7.0.10 (x64)_56.43.64668_x64_
SQL Server 2022,CVE-2024-21428,Microsoft,High,CVSS:3.1/AV:N/AC:L/PR:N/UI:R/S:U/C:H/I:H/A:H,No,07/09/24 17:15:00,8.8,01/19/26 11:16:42,0,N/A,https://www.vicarius.io/vsociety/vulnerabilities/372548/CVE-2024-21428,SQL Server Native Client OLE DB Provider Remote Code Execution Vulnerability,2.8,,,16.0.1000.6,CIPLL15-TECHCAB,*,Claimpower,Microsoft Corporation_Browser for SQL Server 2022_16.0.1000.6_x64_
SQL Server 2019,CVE-2025-53727,Microsoft,High,CVSS:3.1/AV:N/AC:L/PR:L/UI:N/S:U/C:H/I:H/A:H,No,08/12/25 18:15:00,8.8,01/19/26 09:17:05,0,N/A,https://www.vicarius.io/vsociety/vulnerabilities/418461/CVE-2025-53727,Improper neutralization of special elements used in an sql command (sql injection) in SQL Server allows an authorized attacker to elevate privileges over a network.,2.8,,,15.0.4382.1,CIPLL14-VAISHAL,*,Claimpower,Microsoft Corporation_Microsoft SQL Server 2019 LocalDB _15.0.4382.1_x64_
SQL Server 2022,CVE-2024-21414,Microsoft,High,CVSS:3.1/AV:N/AC:L/PR:N/UI:R/S:U/C:H/I:H/A:H,No,07/09/24 17:15:00,8.8,01/19/26 11:16:42,0,N/A,https://www.vicarius.io/vsociety/vulnerabilities/372552/CVE-2024-21414,SQL Server Native Client OLE DB Provider Remote Code Execution Vulnerability,2.8,,,16.0.1000.6,CIPLL15-TECHCAB,*,Claimpower,Microsoft Corporation_Browser for SQL Server 2022_16.0.1000.6_x64_
SQL Server 2022,CVE-2024-21415,Microsoft,High,CVSS:3.1/AV:N/AC:L/PR:N/UI:R/S:U/C:H/I:H/A:H,No,07/09/24 17:15:00,8.8,01/19/26 11:16:42,0,N/A,https://www.vicarius.io/vsociety/vulnerabilities/372551/CVE-2024-21415,SQL Server Native Client OLE DB Provider Remote Code Execution Vulnerability,2.8,,,16.0.1000.6,CIPLL15-TECHCAB,*,Claimpower,Microsoft Corporation_Browser for SQL Server 2022_16.0.1000.6_x64_
SQL Server 2019,CVE-2025-55227,Microsoft,High,CVSS:3.1/AV:N/AC:L/PR:L/UI:N/S:U/C:H/I:H/A:H,No,09/09/25 17:16:00,8.8,01/19/26 09:17:05,0,N/A,https://www.vicarius.io/vsociety/vulnerabilities/422076/CVE-2025-55227,Improper neutralization of special elements used in a command (command injection) in SQL Server allows an authorized attacker to elevate privileges over a network.,2.8,,,15.0.4382.1,CIPLL14-VAISHAL,*,Claimpower,Microsoft Corporation_Microsoft SQL Server 2019 LocalDB _15.0.4382.1_x64_
SQL Server 2022,CVE-2024-29045,Microsoft,High,CVSS:3.1/AV:N/AC:H/PR:N/UI:R/S:U/C:H/I:H/A:H,No,04/09/24 17:15:00,7.5,01/19/26 11:16:42,0,N/A,https://www.vicarius.io/vsociety/vulnerabilities/358564/CVE-2024-29045,Microsoft OLE DB Driver for SQL Server Remote Code Execution Vulnerability,1.6,,,16.0.1000.6,CIPLL15-TECHCAB,*,Claimpower,Microsoft Corporation_Browser for SQL Server 2022_16.0.1000.6_x64_
SQL Server 2022,CVE-2024-29044,Microsoft,High,CVSS:3.1/AV:N/AC:L/PR:N/UI:R/S:U/C:H/I:H/A:H,No,04/09/24 17:15:00,8.8,01/19/26 11:16:42,0,N/A,https://www.vicarius.io/vsociety/vulnerabilities/358565/CVE-2024-29044,Microsoft OLE DB Driver for SQL Server Remote Code Execution Vulnerability,2.8,,,16.0.1000.6,CIPLL15-TECHCAB,*,Claimpower,Microsoft Corporation_Browser for SQL Server 2022_16.0.1000.6_x64_
SQL Server 2022,CVE-2024-29046,Microsoft,High,CVSS:3.1/AV:N/AC:L/PR:N/UI:R/S:U/C:H/I:H/A:H,No,04/09/24 17:15:00,8.8,01/19/26 11:16:42,0,N/A,https://www.vicarius.io/vsociety/vulnerabilities/358563/CVE-2024-29046,Microsoft OLE DB Driver for SQL Server Remote Code Execution Vulnerability,2.8,,,16.0.1000.6,CIPLL15-TECHCAB,*,Claimpower,Microsoft Corporation_Browser for SQL Server 2022_16.0.1000.6_x64_
SQL Server 2022,CVE-2025-59499,Microsoft,High,CVSS:3.1/AV:N/AC:L/PR:L/UI:N/S:U/C:H/I:H/A:H,No,11/11/25 18:15:00,8.8,01/19/26 08:49:21,0,N/A,https://www.vicarius.io/vsociety/vulnerabilities/431418/CVE-2025-59499,Improper neutralization of special elements used in an sql command (sql injection) in SQL Server allows an authorized attacker to elevate privileges over a network.,2.8,,,16.0.1000.6,CIPLL23-SWAPNIL,*,Claimpower,Microsoft Corporation_Browser for SQL Server 2022_16.0.1000.6_x64_
SQL Server 2022,CVE-2024-29048,Microsoft,High,CVSS:3.1/AV:N/AC:L/PR:N/UI:R/S:U/C:H/I:H/A:H,No,04/09/24 17:15:00,8.8,01/19/26 11:16:42,0,N/A,https://www.vicarius.io/vsociety/vulnerabilities/358561/CVE-2024-29048,Microsoft OLE DB Driver for SQL Server Remote Code Execution Vulnerability,2.8,,,16.0.1000.6,CIPLL15-TECHCAB,*,Claimpower,Microsoft Corporation_Browser for SQL Server 2022_16.0.1000.6_x64_
.NET,CVE-2021-27434,Microsoft,High,CVSS:3.1/AV:N/AC:L/PR:N/UI:N/S:U/C:H/I:N/A:N,No,05/20/21 14:15:00,7.5,01/19/26 09:14:29,5,N/A,https://www.vicarius.io/vsociety/vulnerabilities/277232/CVE-2021-27434,"Products with Unified Automation .NET based OPC UA Client/Server SDK Bundle: Versions V3.0.7 and prior (.NET 4.5, 4.0, and 3.5 Framework versions only) are vulnerable to an uncontrolled recursion, which may allow an attacker to trigger a stack overflow.",3.9,,,4.0,CIPLL14-VAISHAL,*,Claimpower,Microsoft_.NET Framework 4.0 Full_4.0_x64_
SQL Server 2022,CVE-2024-29043,Microsoft,High,CVSS:3.1/AV:N/AC:L/PR:N/UI:R/S:U/C:H/I:H/A:H,No,04/09/24 17:15:00,8.8,01/19/26 11:16:42,0,N/A,https://www.vicarius.io/vsociety/vulnerabilities/358566/CVE-2024-29043,Microsoft ODBC Driver for SQL Server Remote Code Execution Vulnerability,2.8,,,16.0.1000.6,CIPLL15-TECHCAB,*,Claimpower,Microsoft Corporation_Browser for SQL Server 2022_16.0.1000.6_x64_
SQL Server 2022,CVE-2024-28945,Microsoft,High,CVSS:3.1/AV:N/AC:L/PR:N/UI:R/S:U/C:H/I:H/A:H,No,04/09/24 17:15:00,8.8,01/19/26 11:16:42,0,N/A,https://www.vicarius.io/vsociety/vulnerabilities/358567/CVE-2024-28945,Microsoft OLE DB Driver for SQL Server Remote Code Execution Vulnerability,2.8,,,16.0.1000.6,CIPLL15-TECHCAB,*,Claimpower,Microsoft Corporation_Browser for SQL Server 2022_16.0.1000.6_x64_
.NET,CVE-2023-36049,Microsoft,Critical,CVSS:3.1/AV:N/AC:L/PR:N/UI:N/S:U/C:H/I:H/A:H,No,11/14/23 21:15:00,9.8,01/19/26 12:40:57,0,N/A,https://www.vicarius.io/vsociety/vulnerabilities/344796/CVE-2023-36049,".NET, .NET Framework, and Visual Studio Elevation of Privilege Vulnerability",3.9,,,7.0.10,CIPLL20-SHWETA,*,Claimpower,Microsoft Corporation_Microsoft .NET Runtime - 7.0.10 (x64)_56.43.64668_x64_
SQL Server 2019,CVE-2025-49758,Microsoft,High,CVSS:3.1/AV:N/AC:L/PR:L/UI:N/S:U/C:H/I:H/A:H,No,08/12/25 18:15:00,8.8,01/19/26 09:17:05,0,N/A,https://www.vicarius.io/vsociety/vulnerabilities/418521/CVE-2025-49758,Improper neutralization of special elements used in an sql command (sql injection) in SQL Server allows an authorized attacker to elevate privileges over a network.,2.8,,,15.0.4382.1,CIPLL14-VAISHAL,*,Claimpower,Microsoft Corporation_Microsoft SQL Server 2019 LocalDB _15.0.4382.1_x64_
SQL Server 2019,CVE-2024-21308,Microsoft,High,CVSS:3.1/AV:N/AC:L/PR:N/UI:R/S:U/C:H/I:H/A:H,No,07/09/24 17:15:00,8.8,01/19/26 09:11:47,0,N/A,https://www.vicarius.io/vsociety/vulnerabilities/372560/CVE-2024-21308,SQL Server Native Client OLE DB Provider Remote Code Execution Vulnerability,2.8,,,15.0.2000.5,CIPLL14-VAISHAL,*,Claimpower,Microsoft Corporation_Microsoft System CLR Types for SQL Server 2019_15.0.2000.5_x64_
Asp.net Core,CVE-2023-36558,Microsoft,Medium,CVSS:3.1/AV:L/AC:L/PR:N/UI:N/S:U/C:H/I:N/A:N,No,11/14/23 22:15:00,6.2,01/19/26 12:40:38,0,N/A,https://www.vicarius.io/vsociety/vulnerabilities/344794/CVE-2023-36558,ASP.NET Core Security Feature Bypass Vulnerability,2.5,,,7.0.10,CIPLL20-SHWETA,*,Claimpower,Microsoft Corporation_Microsoft ASP.NET Core 7.0.10 - Shared Framework (x86)_7.0.10.23364_x64_
.NET,CVE-2024-21319,Microsoft,Medium,CVSS:3.1/AV:N/AC:L/PR:H/UI:N/S:C/C:N/I:N/A:H,No,01/09/24 19:15:00,6.8,01/19/26 12:40:57,0,N/A,https://www.vicarius.io/vsociety/vulnerabilities/349346/CVE-2024-21319,Microsoft Identity Denial of service vulnerability,2.3,,,7.0.10,CIPLL20-SHWETA,*,Claimpower,Microsoft Corporation_Microsoft .NET Runtime - 7.0.10 (x64)_56.43.64668_x64_
SQL Server 2019,CVE-2024-21425,Microsoft,High,CVSS:3.1/AV:N/AC:L/PR:N/UI:R/S:U/C:H/I:H/A:H,No,07/09/24 17:15:00,8.8,01/19/26 09:11:47,0,N/A,https://www.vicarius.io/vsociety/vulnerabilities/372549/CVE-2024-21425,SQL Server Native Client OLE DB Provider Remote Code Execution Vulnerability,2.8,,,15.0.2000.5,CIPLL14-VAISHAL,*,Claimpower,Microsoft Corporation_Microsoft System CLR Types for SQL Server 2019_15.0.2000.5_x64_
SQL Server 2019,CVE-2024-21331,Microsoft,High,CVSS:3.1/AV:N/AC:L/PR:N/UI:R/S:U/C:H/I:H/A:H,No,07/09/24 17:15:00,8.8,01/19/26 09:11:47,0,N/A,https://www.vicarius.io/vsociety/vulnerabilities/372558/CVE-2024-21331,SQL Server Native Client OLE DB Provider Remote Code Execution Vulnerability,2.8,,,15.0.2000.5,CIPLL14-VAISHAL,*,Claimpower,Microsoft Corporation_Microsoft System CLR Types for SQL Server 2019_15.0.2000.5_x64_
SQL Server 2019,CVE-2025-49759,Microsoft,High,CVSS:3.1/AV:N/AC:L/PR:L/UI:N/S:U/C:H/I:H/A:H,No,08/12/25 18:15:00,8.8,01/19/26 09:17:05,0,N/A,https://www.vicarius.io/vsociety/vulnerabilities/418520/CVE-2025-49759,Improper neutralization of special elements used in an sql command (sql injection) in SQL Server allows an authorized attacker to elevate privileges over a network.,2.8,,,15.0.4382.1,CIPLL14-VAISHAL,*,Claimpower,Microsoft Corporation_Microsoft SQL Server 2019 LocalDB _15.0.4382.1_x64_
SQL Server 2022,CVE-2025-47997,Microsoft,Medium,CVSS:3.1/AV:N/AC:L/PR:L/UI:N/S:U/C:H/I:N/A:N,No,09/09/25 17:15:00,6.5,01/19/26 11:16:42,0,N/A,https://www.vicarius.io/vsociety/vulnerabilities/422165/CVE-2025-47997,Concurrent execution using shared resource with improper synchronization (race condition) in SQL Server allows an authorized attacker to disclose information over a network.,2.8,,,16.0.1000.6,CIPLL15-TECHCAB,*,Claimpower,Microsoft Corporation_Browser for SQL Server 2022_16.0.1000.6_x64_
SQL Server 2022,CVE-2025-49718,Microsoft,High,CVSS:3.1/AV:N/AC:L/PR:N/UI:N/S:U/C:H/I:N/A:N,No,07/08/25 17:15:00,7.5,01/19/26 11:16:42,0,N/A,https://www.vicarius.io/vsociety/vulnerabilities/414338/CVE-2025-49718,Use of uninitialized resource in SQL Server allows an unauthorized attacker to disclose information over a network.,3.9,,,16.0.1000.6,CIPLL15-TECHCAB,*,Claimpower,Microsoft Corporation_Browser for SQL Server 2022_16.0.1000.6_x64_
SQL Server 2022,CVE-2025-49717,Microsoft,High,CVSS:3.1/AV:N/AC:H/PR:L/UI:N/S:C/C:H/I:H/A:H,No,07/08/25 17:15:00,8.5,01/19/26 11:16:42,0,N/A,https://www.vicarius.io/vsociety/vulnerabilities/414339/CVE-2025-49717,Heap-based buffer overflow in SQL Server allows an authorized attacker to execute code over a network.,1.8,,,16.0.1000.6,CIPLL15-TECHCAB,*,Claimpower,Microsoft Corporation_Browser for SQL Server 2022_16.0.1000.6_x64_
SQL Server 2022,CVE-2025-49719,Microsoft,High,CVSS:3.1/AV:N/AC:L/PR:N/UI:N/S:U/C:H/I:N/A:N,No,07/08/25 17:15:00,7.5,01/19/26 11:16:42,0,N/A,https://www.vicarius.io/vsociety/vulnerabilities/414337/CVE-2025-49719,Improper input validation in SQL Server allows an unauthorized attacker to disclose information over a network.,3.9,,,16.0.1000.6,CIPLL15-TECHCAB,*,Claimpower,Microsoft Corporation_Browser for SQL Server 2022_16.0.1000.6_x64_
SQL Server 2019,CVE-2024-21333,Microsoft,High,CVSS:3.1/AV:N/AC:L/PR:N/UI:R/S:U/C:H/I:H/A:H,No,07/09/24 17:15:00,8.8,01/19/26 09:11:47,0,N/A,https://www.vicarius.io/vsociety/vulnerabilities/372556/CVE-2024-21333,SQL Server Native Client OLE DB Provider Remote Code Execution Vulnerability,2.8,,,15.0.2000.5,CIPLL14-VAISHAL,*,Claimpower,Microsoft Corporation_Microsoft System CLR Types for SQL Server 2019_15.0.2000.5_x64_
SQL Server 2019,CVE-2025-24999,Microsoft,High,CVSS:3.1/AV:N/AC:L/PR:L/UI:N/S:U/C:H/I:H/A:H,No,08/12/25 18:15:00,8.8,01/19/26 09:17:05,0,N/A,https://www.vicarius.io/vsociety/vulnerabilities/418542/CVE-2025-24999,Improper access control in SQL Server allows an authorized attacker to elevate privileges over a network.,2.8,,,15.0.4382.1,CIPLL14-VAISHAL,*,Claimpower,Microsoft Corporation_Microsoft SQL Server 2019 LocalDB _15.0.4382.1_x64_
SQL Server 2019,CVE-2024-21335,Microsoft,High,CVSS:3.1/AV:N/AC:L/PR:N/UI:R/S:U/C:H/I:H/A:H,No,07/09/24 17:15:00,8.8,01/19/26 09:11:47,0,N/A,https://www.vicarius.io/vsociety/vulnerabilities/372555/CVE-2024-21335,SQL Server Native Client OLE DB Provider Remote Code Execution Vulnerability,2.8,,,15.0.2000.5,CIPLL14-VAISHAL,*,Claimpower,Microsoft Corporation_Microsoft System CLR Types for SQL Server 2019_15.0.2000.5_x64_
SQL Server 2022,CVE-2025-49759,Microsoft,High,CVSS:3.1/AV:N/AC:L/PR:L/UI:N/S:U/C:H/I:H/A:H,No,08/12/25 18:15:00,8.8,01/19/26 11:16:42,0,N/A,https://www.vicarius.io/vsociety/vulnerabilities/418520/CVE-2025-49759,Improper neutralization of special elements used in an sql command (sql injection) in SQL Server allows an authorized attacker to elevate privileges over a network.,2.8,,,16.0.1000.6,CIPLL15-TECHCAB,*,Claimpower,Microsoft Corporation_Browser for SQL Server 2022_16.0.1000.6_x64_
SQL Server 2019,CVE-2024-29982,Microsoft,High,CVSS:3.1/AV:N/AC:L/PR:N/UI:R/S:U/C:H/I:H/A:H,No,04/09/24 17:16:00,8.8,01/19/26 09:11:47,0,N/A,https://www.vicarius.io/vsociety/vulnerabilities/358548/CVE-2024-29982,Microsoft OLE DB Driver for SQL Server Remote Code Execution Vulnerability,2.8,,,15.0.2000.5,CIPLL14-VAISHAL,*,Claimpower,Microsoft Corporation_Microsoft System CLR Types for SQL Server 2019_15.0.2000.5_x64_
SQL Server 2022,CVE-2025-49758,Microsoft,High,CVSS:3.1/AV:N/AC:L/PR:L/UI:N/S:U/C:H/I:H/A:H,No,08/12/25 18:15:00,8.8,01/19/26 11:16:42,0,N/A,https://www.vicarius.io/vsociety/vulnerabilities/418521/CVE-2025-49758,Improper neutralization of special elements used in an sql command (sql injection) in SQL Server allows an authorized attacker to elevate privileges over a network.,2.8,,,16.0.1000.6,CIPLL15-TECHCAB,*,Claimpower,Microsoft Corporation_Browser for SQL Server 2022_16.0.1000.6_x64_
SQL Server 2019,CVE-2024-29984,Microsoft,High,CVSS:3.1/AV:N/AC:L/PR:N/UI:R/S:U/C:H/I:H/A:H,No,04/09/24 17:16:00,8.8,01/19/26 09:11:47,0,N/A,https://www.vicarius.io/vsociety/vulnerabilities/358546/CVE-2024-29984,Microsoft OLE DB Driver for SQL Server Remote Code Execution Vulnerability,2.8,,,15.0.2000.5,CIPLL14-VAISHAL,*,Claimpower,Microsoft Corporation_Microsoft System CLR Types for SQL Server 2019_15.0.2000.5_x64_
SQL Server 2019,CVE-2024-29983,Microsoft,High,CVSS:3.1/AV:N/AC:L/PR:N/UI:R/S:U/C:H/I:H/A:H,No,04/09/24 17:16:00,8.8,01/19/26 09:11:47,0,N/A,https://www.vicarius.io/vsociety/vulnerabilities/358547/CVE-2024-29983,Microsoft OLE DB Driver for SQL Server Remote Code Execution Vulnerability,2.8,,,15.0.2000.5,CIPLL14-VAISHAL,*,Claimpower,Microsoft Corporation_Microsoft System CLR Types for SQL Server 2019_15.0.2000.5_x64_
Asp.net Core,CVE-2024-21386,Microsoft,High,CVSS:3.1/AV:N/AC:L/PR:N/UI:N/S:U/C:N/I:N/A:H,No,02/13/24 18:15:00,7.5,01/19/26 12:42:57,0,N/A,https://www.vicarius.io/vsociety/vulnerabilities/352339/CVE-2024-21386,.NET Denial of Service Vulnerability,3.9,,,7.0.10,CIPLL20-SHWETA,*,Claimpower,Microsoft Corporation_Microsoft ASP.NET Core 7.0.10 Shared Framework (x64)_7.0.10.23364_x64_
SQL Server 2019,CVE-2024-29985,Microsoft,High,CVSS:3.1/AV:N/AC:L/PR:N/UI:R/S:U/C:H/I:H/A:H,No,04/09/24 17:16:00,8.8,01/19/26 09:11:47,0,N/A,https://www.vicarius.io/vsociety/vulnerabilities/358545/CVE-2024-29985,Microsoft OLE DB Driver for SQL Server Remote Code Execution Vulnerability,2.8,,,15.0.2000.5,CIPLL14-VAISHAL,*,Claimpower,Microsoft Corporation_Microsoft System CLR Types for SQL Server 2019_15.0.2000.5_x64_
SQL Server 2019,CVE-2025-49717,Microsoft,High,CVSS:3.1/AV:N/AC:H/PR:L/UI:N/S:C/C:H/I:H/A:H,No,07/08/25 17:15:00,8.5,01/19/26 09:17:05,0,N/A,https://www.vicarius.io/vsociety/vulnerabilities/414339/CVE-2025-49717,Heap-based buffer overflow in SQL Server allows an authorized attacker to execute code over a network.,1.8,,,15.0.4382.1,CIPLL14-VAISHAL,*,Claimpower,Microsoft Corporation_Microsoft SQL Server 2019 LocalDB _15.0.4382.1_x64_
SQL Server 2019,CVE-2025-49718,Microsoft,High,CVSS:3.1/AV:N/AC:L/PR:N/UI:N/S:U/C:H/I:N/A:N,No,07/08/25 17:15:00,7.5,01/19/26 09:17:05,0,N/A,https://www.vicarius.io/vsociety/vulnerabilities/414338/CVE-2025-49718,Use of uninitialized resource in SQL Server allows an unauthorized attacker to disclose information over a network.,3.9,,,15.0.4382.1,CIPLL14-VAISHAL,*,Claimpower,Microsoft Corporation_Microsoft SQL Server 2019 LocalDB _15.0.4382.1_x64_
.NET,CVE-2024-0057,Microsoft,Critical,CVSS:3.1/AV:N/AC:L/PR:N/UI:N/S:U/C:H/I:H/A:H,No,01/09/24 18:15:00,9.8,01/19/26 12:40:57,0,N/A,https://www.vicarius.io/vsociety/vulnerabilities/349342/CVE-2024-0057,"NET, .NET Framework, and Visual Studio Security Feature Bypass Vulnerability",3.9,,,7.0.10,CIPLL20-SHWETA,*,Claimpower,Microsoft Corporation_Microsoft .NET Runtime - 7.0.10 (x64)_56.43.64668_x64_
.NET,CVE-2021-27434,Microsoft,High,CVSS:3.1/AV:N/AC:L/PR:N/UI:N/S:U/C:H/I:N/A:N,No,05/20/21 14:15:00,7.5,01/19/26 11:16:18,5,N/A,https://www.vicarius.io/vsociety/vulnerabilities/277232/CVE-2021-27434,"Products with Unified Automation .NET based OPC UA Client/Server SDK Bundle: Versions V3.0.7 and prior (.NET 4.5, 4.0, and 3.5 Framework versions only) are vulnerable to an uncontrolled recursion, which may allow an attacker to trigger a stack overflow.",3.9,,,4.0,CIPLL15-TECHCAB,*,Claimpower,Microsoft_.NET Framework 4.0 Full_4.0_x64_
SQL Server 2019,CVE-2024-21414,Microsoft,High,CVSS:3.1/AV:N/AC:L/PR:N/UI:R/S:U/C:H/I:H/A:H,No,07/09/24 17:15:00,8.8,01/19/26 09:11:47,0,N/A,https://www.vicarius.io/vsociety/vulnerabilities/372552/CVE-2024-21414,SQL Server Native Client OLE DB Provider Remote Code Execution Vulnerability,2.8,,,15.0.2000.5,CIPLL14-VAISHAL,*,Claimpower,Microsoft Corporation_Microsoft System CLR Types for SQL Server 2019_15.0.2000.5_x64_
SQL Server 2019,CVE-2024-21428,Microsoft,High,CVSS:3.1/AV:N/AC:L/PR:N/UI:R/S:U/C:H/I:H/A:H,No,07/09/24 17:15:00,8.8,01/19/26 09:11:47,0,N/A,https://www.vicarius.io/vsociety/vulnerabilities/372548/CVE-2024-21428,SQL Server Native Client OLE DB Provider Remote Code Execution Vulnerability,2.8,,,15.0.2000.5,CIPLL14-VAISHAL,*,Claimpower,Microsoft Corporation_Microsoft System CLR Types for SQL Server 2019_15.0.2000.5_x64_
SQL Server 2022,CVE-2025-59499,Microsoft,High,CVSS:3.1/AV:N/AC:L/PR:L/UI:N/S:U/C:H/I:H/A:H,No,11/11/25 18:15:00,8.8,01/19/26 11:16:42,0,N/A,https://www.vicarius.io/vsociety/vulnerabilities/431418/CVE-2025-59499,Improper neutralization of special elements used in an sql command (sql injection) in SQL Server allows an authorized attacker to elevate privileges over a network.,2.8,,,16.0.1000.6,CIPLL15-TECHCAB,*,Claimpower,Microsoft Corporation_Browser for SQL Server 2022_16.0.1000.6_x64_
SQL Server 2019,CVE-2024-21415,Microsoft,High,CVSS:3.1/AV:N/AC:L/PR:N/UI:R/S:U/C:H/I:H/A:H,No,07/09/24 17:15:00,8.8,01/19/26 09:11:47,0,N/A,https://www.vicarius.io/vsociety/vulnerabilities/372551/CVE-2024-21415,SQL Server Native Client OLE DB Provider Remote Code Execution Vulnerability,2.8,,,15.0.2000.5,CIPLL14-VAISHAL,*,Claimpower,Microsoft Corporation_Microsoft System CLR Types for SQL Server 2019_15.0.2000.5_x64_
SQL Server 2019,CVE-2025-49719,Microsoft,High,CVSS:3.1/AV:N/AC:L/PR:N/UI:N/S:U/C:H/I:N/A:N,No,07/08/25 17:15:00,7.5,01/19/26 09:17:05,0,N/A,https://www.vicarius.io/vsociety/vulnerabilities/414337/CVE-2025-49719,Improper input validation in SQL Server allows an unauthorized attacker to disclose information over a network.,3.9,,,15.0.4382.1,CIPLL14-VAISHAL,*,Claimpower,Microsoft Corporation_Microsoft SQL Server 2019 LocalDB _15.0.4382.1_x64_
.NET,CVE-2024-0056,Microsoft,High,CVSS:3.1/AV:N/AC:H/PR:N/UI:N/S:C/C:H/I:H/A:N,No,01/09/24 18:15:00,8.7,01/19/26 12:40:57,0,N/A,https://www.vicarius.io/vsociety/vulnerabilities/349343/CVE-2024-0056,Microsoft.Data.SqlClient and System.Data.SqlClient SQL Data Provider Security Feature Bypass Vulnerability,2.2,,,7.0.10,CIPLL20-SHWETA,*,Claimpower,Microsoft Corporation_Microsoft .NET Runtime - 7.0.10 (x64)_56.43.64668_x64_
SQL Server 2022,CVE-2025-24999,Microsoft,High,CVSS:3.1/AV:N/AC:L/PR:L/UI:N/S:U/C:H/I:H/A:H,No,08/12/25 18:15:00,8.8,01/19/26 11:16:42,0,N/A,https://www.vicarius.io/vsociety/vulnerabilities/418542/CVE-2025-24999,Improper access control in SQL Server allows an authorized attacker to elevate privileges over a network.,2.8,,,16.0.1000.6,CIPLL15-TECHCAB,*,Claimpower,Microsoft Corporation_Browser for SQL Server 2022_16.0.1000.6_x64_
.NET,CVE-2023-35391,Microsoft,High,CVSS:3.1/AV:N/AC:L/PR:N/UI:N/S:U/C:H/I:N/A:N,No,08/08/23 19:15:00,7.5,01/19/26 12:40:57,0,N/A,https://www.vicarius.io/vsociety/vulnerabilities/336085/CVE-2023-35391,ASP.NET Core SignalR and Visual Studio Information Disclosure Vulnerability,3.9,,,7.0.10,CIPLL20-SHWETA,*,Claimpower,Microsoft Corporation_Microsoft .NET Runtime - 7.0.10 (x64)_56.43.64668_x64_
SQL Server 2019,CVE-2024-21317,Microsoft,High,CVSS:3.1/AV:N/AC:L/PR:N/UI:R/S:U/C:H/I:H/A:H,No,07/09/24 17:15:00,8.8,01/19/26 09:11:47,0,N/A,https://www.vicarius.io/vsociety/vulnerabilities/372559/CVE-2024-21317,SQL Server Native Client OLE DB Provider Remote Code Execution Vulnerability,2.8,,,15.0.2000.5,CIPLL14-VAISHAL,*,Claimpower,Microsoft Corporation_Microsoft System CLR Types for SQL Server 2019_15.0.2000.5_x64_
SQL Server 2019,CVE-2024-21332,Microsoft,High,CVSS:3.1/AV:N/AC:L/PR:N/UI:R/S:U/C:H/I:H/A:H,No,07/09/24 17:15:00,8.8,01/19/26 09:11:47,0,N/A,https://www.vicarius.io/vsociety/vulnerabilities/372557/CVE-2024-21332,SQL Server Native Client OLE DB Provider Remote Code Execution Vulnerability,2.8,,,15.0.2000.5,CIPLL14-VAISHAL,*,Claimpower,Microsoft Corporation_Microsoft System CLR Types for SQL Server 2019_15.0.2000.5_x64_
Asp.net Core,CVE-2025-24070,Microsoft,High,CVSS:3.1/AV:N/AC:H/PR:N/UI:N/S:U/C:L/I:L/A:H,No,03/11/25 17:16:00,7,01/19/26 09:11:47,0,N/A,https://www.vicarius.io/vsociety/vulnerabilities/397848/CVE-2025-24070,Weak authentication in ASP.NET Core &amp. Visual Studio allows an unauthorized attacker to elevate privileges over a network.,2.2,,,8.0.6,CIPLL14-VAISHAL,*,Claimpower,Microsoft Corporation_Microsoft ASP.NET Core 8.0.6 Targeting Pack (x64)_8.0.6.24269_x64_
SQL Server 2019,CVE-2024-21373,Microsoft,High,CVSS:3.1/AV:N/AC:L/PR:N/UI:R/S:U/C:H/I:H/A:H,No,07/09/24 17:15:00,8.8,01/19/26 09:11:47,0,N/A,https://www.vicarius.io/vsociety/vulnerabilities/372554/CVE-2024-21373,SQL Server Native Client OLE DB Provider Remote Code Execution Vulnerability,2.8,,,15.0.2000.5,CIPLL14-VAISHAL,*,Claimpower,Microsoft Corporation_Microsoft System CLR Types for SQL Server 2019_15.0.2000.5_x64_
SQL Server 2019,CVE-2024-21398,Microsoft,High,CVSS:3.1/AV:N/AC:L/PR:N/UI:R/S:U/C:H/I:H/A:H,No,07/09/24 17:15:00,8.8,01/19/26 09:11:47,0,N/A,https://www.vicarius.io/vsociety/vulnerabilities/372553/CVE-2024-21398,SQL Server Native Client OLE DB Provider Remote Code Execution Vulnerability,2.8,,,15.0.2000.5,CIPLL14-VAISHAL,*,Claimpower,Microsoft Corporation_Microsoft System CLR Types for SQL Server 2019_15.0.2000.5_x64_
SQL Server 2022,CVE-2025-55227,Microsoft,High,CVSS:3.1/AV:N/AC:L/PR:L/UI:N/S:U/C:H/I:H/A:H,No,09/09/25 17:16:00,8.8,01/19/26 11:16:42,0,N/A,https://www.vicarius.io/vsociety/vulnerabilities/422076/CVE-2025-55227,Improper neutralization of special elements used in a command (command injection) in SQL Server allows an authorized attacker to elevate privileges over a network.,2.8,,,16.0.1000.6,CIPLL15-TECHCAB,*,Claimpower,Microsoft Corporation_Browser for SQL Server 2022_16.0.1000.6_x64_
SQL Server 2019,CVE-2024-28927,Microsoft,High,CVSS:3.1/AV:N/AC:L/PR:N/UI:R/S:U/C:H/I:H/A:H,No,04/09/24 17:15:00,8.8,01/19/26 09:11:47,0,N/A,https://www.vicarius.io/vsociety/vulnerabilities/358584/CVE-2024-28927,Microsoft OLE DB Driver for SQL Server Remote Code Execution Vulnerability,2.8,,,15.0.2000.5,CIPLL14-VAISHAL,*,Claimpower,Microsoft Corporation_Microsoft System CLR Types for SQL Server 2019_15.0.2000.5_x64_
SQL Server 2019,CVE-2024-28926,Microsoft,High,CVSS:3.1/AV:N/AC:L/PR:N/UI:R/S:U/C:H/I:H/A:H,No,04/09/24 17:15:00,8.8,01/19/26 09:11:47,0,N/A,https://www.vicarius.io/vsociety/vulnerabilities/358585/CVE-2024-28926,Microsoft OLE DB Driver for SQL Server Remote Code Execution Vulnerability,2.8,,,15.0.2000.5,CIPLL14-VAISHAL,*,Claimpower,Microsoft Corporation_Microsoft System CLR Types for SQL Server 2019_15.0.2000.5_x64_
SQL Server 2019,CVE-2024-28928,Microsoft,High,CVSS:3.1/AV:N/AC:L/PR:N/UI:R/S:U/C:H/I:H/A:H,No,07/09/24 17:15:00,8.8,01/19/26 09:11:47,0,N/A,https://www.vicarius.io/vsociety/vulnerabilities/370865/CVE-2024-28928,SQL Server Native Client OLE DB Provider Remote Code Execution Vulnerability,2.8,,,15.0.2000.5,CIPLL14-VAISHAL,*,Claimpower,Microsoft Corporation_Microsoft System CLR Types for SQL Server 2019_15.0.2000.5_x64_
SQL Server 2022,CVE-2024-21332,Microsoft,High,CVSS:3.1/AV:N/AC:L/PR:N/UI:R/S:U/C:H/I:H/A:H,No,07/09/24 17:15:00,8.8,01/19/26 08:49:21,0,N/A,https://www.vicarius.io/vsociety/vulnerabilities/372557/CVE-2024-21332,SQL Server Native Client OLE DB Provider Remote Code Execution Vulnerability,2.8,,,16.0.1000.6,CIPLL23-SWAPNIL,*,Claimpower,Microsoft Corporation_Browser for SQL Server 2022_16.0.1000.6_x64_
SQL Server 2022,CVE-2024-21373,Microsoft,High,CVSS:3.1/AV:N/AC:L/PR:N/UI:R/S:U/C:H/I:H/A:H,No,07/09/24 17:15:00,8.8,01/19/26 08:49:21,0,N/A,https://www.vicarius.io/vsociety/vulnerabilities/372554/CVE-2024-21373,SQL Server Native Client OLE DB Provider Remote Code Execution Vulnerability,2.8,,,16.0.1000.6,CIPLL23-SWAPNIL,*,Claimpower,Microsoft Corporation_Browser for SQL Server 2022_16.0.1000.6_x64_
SQL Server 2022,CVE-2024-21398,Microsoft,High,CVSS:3.1/AV:N/AC:L/PR:N/UI:R/S:U/C:H/I:H/A:H,No,07/09/24 17:15:00,8.8,01/19/26 08:49:21,0,N/A,https://www.vicarius.io/vsociety/vulnerabilities/372553/CVE-2024-21398,SQL Server Native Client OLE DB Provider Remote Code Execution Vulnerability,2.8,,,16.0.1000.6,CIPLL23-SWAPNIL,*,Claimpower,Microsoft Corporation_Browser for SQL Server 2022_16.0.1000.6_x64_
SQL Server 2022,CVE-2024-21317,Microsoft,High,CVSS:3.1/AV:N/AC:L/PR:N/UI:R/S:U/C:H/I:H/A:H,No,07/09/24 17:15:00,8.8,01/19/26 08:49:21,0,N/A,https://www.vicarius.io/vsociety/vulnerabilities/372559/CVE-2024-21317,SQL Server Native Client OLE DB Provider Remote Code Execution Vulnerability,2.8,,,16.0.1000.6,CIPLL23-SWAPNIL,*,Claimpower,Microsoft Corporation_Browser for SQL Server 2022_16.0.1000.6_x64_
SQL Server 2022,CVE-2025-49759,Microsoft,High,CVSS:3.1/AV:N/AC:L/PR:L/UI:N/S:U/C:H/I:H/A:H,No,08/12/25 18:15:00,8.8,01/19/26 08:49:21,0,N/A,https://www.vicarius.io/vsociety/vulnerabilities/418520/CVE-2025-49759,Improper neutralization of special elements used in an sql command (sql injection) in SQL Server allows an authorized attacker to elevate privileges over a network.,2.8,,,16.0.1000.6,CIPLL23-SWAPNIL,*,Claimpower,Microsoft Corporation_Browser for SQL Server 2022_16.0.1000.6_x64_
SQL Server 2022,CVE-2025-49758,Microsoft,High,CVSS:3.1/AV:N/AC:L/PR:L/UI:N/S:U/C:H/I:H/A:H,No,08/12/25 18:15:00,8.8,01/19/26 08:49:21,0,N/A,https://www.vicarius.io/vsociety/vulnerabilities/418521/CVE-2025-49758,Improper neutralization of special elements used in an sql command (sql injection) in SQL Server allows an authorized attacker to elevate privileges over a network.,2.8,,,16.0.1000.6,CIPLL23-SWAPNIL,*,Claimpower,Microsoft Corporation_Browser for SQL Server 2022_16.0.1000.6_x64_
SQL Server 2022,CVE-2024-28945,Microsoft,High,CVSS:3.1/AV:N/AC:L/PR:N/UI:R/S:U/C:H/I:H/A:H,No,04/09/24 17:15:00,8.8,01/19/26 08:49:21,0,N/A,https://www.vicarius.io/vsociety/vulnerabilities/358567/CVE-2024-28945,Microsoft OLE DB Driver for SQL Server Remote Code Execution Vulnerability,2.8,,,16.0.1000.6,CIPLL23-SWAPNIL,*,Claimpower,Microsoft Corporation_Browser for SQL Server 2022_16.0.1000.6_x64_
SQL Server 2022,CVE-2025-47954,Microsoft,High,CVSS:3.1/AV:N/AC:L/PR:L/UI:N/S:U/C:H/I:H/A:H,No,08/12/25 18:15:00,8.8,01/19/26 08:49:21,0,N/A,https://www.vicarius.io/vsociety/vulnerabilities/418537/CVE-2025-47954,Improper neutralization of special elements used in an sql command (sql injection) in SQL Server allows an authorized attacker to elevate privileges over a network.,2.8,,,16.0.1000.6,CIPLL23-SWAPNIL,*,Claimpower,Microsoft Corporation_Browser for SQL Server 2022_16.0.1000.6_x64_
SQL Server 2022,CVE-2025-24999,Microsoft,High,CVSS:3.1/AV:N/AC:L/PR:L/UI:N/S:U/C:H/I:H/A:H,No,08/12/25 18:15:00,8.8,01/19/26 08:49:21,0,N/A,https://www.vicarius.io/vsociety/vulnerabilities/418542/CVE-2025-24999,Improper access control in SQL Server allows an authorized attacker to elevate privileges over a network.,2.8,,,16.0.1000.6,CIPLL23-SWAPNIL,*,Claimpower,Microsoft Corporation_Browser for SQL Server 2022_16.0.1000.6_x64_
SQL Server 2022,CVE-2024-21425,Microsoft,High,CVSS:3.1/AV:N/AC:L/PR:N/UI:R/S:U/C:H/I:H/A:H,No,07/09/24 17:15:00,8.8,01/19/26 08:49:21,0,N/A,https://www.vicarius.io/vsociety/vulnerabilities/372549/CVE-2024-21425,SQL Server Native Client OLE DB Provider Remote Code Execution Vulnerability,2.8,,,16.0.1000.6,CIPLL23-SWAPNIL,*,Claimpower,Microsoft Corporation_Browser for SQL Server 2022_16.0.1000.6_x64_
SQL Server 2022,CVE-2024-37965,Microsoft,High,CVSS:3.1/AV:N/AC:L/PR:L/UI:N/S:U/C:H/I:H/A:H,No,09/10/24 17:15:00,8.8,01/19/26 08:49:21,0,N/A,https://www.vicarius.io/vsociety/vulnerabilities/376417/CVE-2024-37965,Microsoft SQL Server Elevation of Privilege Vulnerability,2.8,,,16.0.1000.6,CIPLL23-SWAPNIL,*,Claimpower,Microsoft Corporation_Browser for SQL Server 2022_16.0.1000.6_x64_
SQL Server 2022,CVE-2024-21331,Microsoft,High,CVSS:3.1/AV:N/AC:L/PR:N/UI:R/S:U/C:H/I:H/A:H,No,07/09/24 17:15:00,8.8,01/19/26 08:49:21,0,N/A,https://www.vicarius.io/vsociety/vulnerabilities/372558/CVE-2024-21331,SQL Server Native Client OLE DB Provider Remote Code Execution Vulnerability,2.8,,,16.0.1000.6,CIPLL23-SWAPNIL,*,Claimpower,Microsoft Corporation_Browser for SQL Server 2022_16.0.1000.6_x64_
SQL Server 2022,CVE-2024-37966,Microsoft,High,CVSS:3.1/AV:N/AC:L/PR:L/UI:N/S:U/C:H/I:N/A:L,No,09/10/24 17:15:00,7.1,01/19/26 08:49:21,0,N/A,https://www.vicarius.io/vsociety/vulnerabilities/376416/CVE-2024-37966,Microsoft SQL Server Native Scoring Information Disclosure Vulnerability,2.8,,,16.0.1000.6,CIPLL23-SWAPNIL,*,Claimpower,Microsoft Corporation_Browser for SQL Server 2022_16.0.1000.6_x64_
SQL Server 2022,CVE-2024-21308,Microsoft,High,CVSS:3.1/AV:N/AC:L/PR:N/UI:R/S:U/C:H/I:H/A:H,No,07/09/24 17:15:00,8.8,01/19/26 08:49:21,0,N/A,https://www.vicarius.io/vsociety/vulnerabilities/372560/CVE-2024-21308,SQL Server Native Client OLE DB Provider Remote Code Execution Vulnerability,2.8,,,16.0.1000.6,CIPLL23-SWAPNIL,*,Claimpower,Microsoft Corporation_Browser for SQL Server 2022_16.0.1000.6_x64_
SQL Server 2022,CVE-2024-21333,Microsoft,High,CVSS:3.1/AV:N/AC:L/PR:N/UI:R/S:U/C:H/I:H/A:H,No,07/09/24 17:15:00,8.8,01/19/26 08:49:21,0,N/A,https://www.vicarius.io/vsociety/vulnerabilities/372556/CVE-2024-21333,SQL Server Native Client OLE DB Provider Remote Code Execution Vulnerability,2.8,,,16.0.1000.6,CIPLL23-SWAPNIL,*,Claimpower,Microsoft Corporation_Browser for SQL Server 2022_16.0.1000.6_x64_
SQL Server 2022,CVE-2024-28928,Microsoft,High,CVSS:3.1/AV:N/AC:L/PR:N/UI:R/S:U/C:H/I:H/A:H,No,07/09/24 17:15:00,8.8,01/19/26 08:49:21,0,N/A,https://www.vicarius.io/vsociety/vulnerabilities/370865/CVE-2024-28928,SQL Server Native Client OLE DB Provider Remote Code Execution Vulnerability,2.8,,,16.0.1000.6,CIPLL23-SWAPNIL,*,Claimpower,Microsoft Corporation_Browser for SQL Server 2022_16.0.1000.6_x64_
SQL Server 2022,CVE-2025-59499,Microsoft,High,CVSS:3.1/AV:N/AC:L/PR:L/UI:N/S:U/C:H/I:H/A:H,No,11/11/25 18:15:00,8.8,01/19/26 08:48:08,0,N/A,https://www.vicarius.io/vsociety/vulnerabilities/431418/CVE-2025-59499,Improper neutralization of special elements used in an sql command (sql injection) in SQL Server allows an authorized attacker to elevate privileges over a network.,2.8,,,16.0.1000.6,CIPLL23-SWAPNIL,*,Claimpower,Microsoft Corporation_SQL Server 2022 Common Files_16.0.1000.6_x64_
SQL Server 2022,CVE-2024-21335,Microsoft,High,CVSS:3.1/AV:N/AC:L/PR:N/UI:R/S:U/C:H/I:H/A:H,No,07/09/24 17:15:00,8.8,01/19/26 08:49:21,0,N/A,https://www.vicarius.io/vsociety/vulnerabilities/372555/CVE-2024-21335,SQL Server Native Client OLE DB Provider Remote Code Execution Vulnerability,2.8,,,16.0.1000.6,CIPLL23-SWAPNIL,*,Claimpower,Microsoft Corporation_Browser for SQL Server 2022_16.0.1000.6_x64_
SQL Server 2022,CVE-2024-28926,Microsoft,High,CVSS:3.1/AV:N/AC:L/PR:N/UI:R/S:U/C:H/I:H/A:H,No,04/09/24 17:15:00,8.8,01/19/26 08:49:21,0,N/A,https://www.vicarius.io/vsociety/vulnerabilities/358585/CVE-2024-28926,Microsoft OLE DB Driver for SQL Server Remote Code Execution Vulnerability,2.8,,,16.0.1000.6,CIPLL23-SWAPNIL,*,Claimpower,Microsoft Corporation_Browser for SQL Server 2022_16.0.1000.6_x64_
SQL Server 2022,CVE-2024-28940,Microsoft,High,CVSS:3.1/AV:N/AC:L/PR:N/UI:R/S:U/C:H/I:H/A:H,No,04/09/24 17:15:00,8.8,01/19/26 08:49:21,0,N/A,https://www.vicarius.io/vsociety/vulnerabilities/358572/CVE-2024-28940,Microsoft OLE DB Driver for SQL Server Remote Code Execution Vulnerability,2.8,,,16.0.1000.6,CIPLL23-SWAPNIL,*,Claimpower,Microsoft Corporation_Browser for SQL Server 2022_16.0.1000.6_x64_
SQL Server 2022,CVE-2024-28927,Microsoft,High,CVSS:3.1/AV:N/AC:L/PR:N/UI:R/S:U/C:H/I:H/A:H,No,04/09/24 17:15:00,8.8,01/19/26 08:49:21,0,N/A,https://www.vicarius.io/vsociety/vulnerabilities/358584/CVE-2024-28927,Microsoft OLE DB Driver for SQL Server Remote Code Execution Vulnerability,2.8,,,16.0.1000.6,CIPLL23-SWAPNIL,*,Claimpower,Microsoft Corporation_Browser for SQL Server 2022_16.0.1000.6_x64_
Asp.net Core,CVE-2025-55315,Microsoft,Critical,CVSS:3.1/AV:N/AC:L/PR:L/UI:N/S:C/C:H/I:H/A:L,No,10/14/25 17:15:00,9.9,01/19/26 08:48:18,0,N/A,https://www.vicarius.io/vsociety/vulnerabilities/427498/CVE-2025-55315,Inconsistent interpretation of http requests (http request/response smuggling) in ASP.NET Core allows an authorized attacker to bypass a security feature over a network.,3.1,,,8.0.6,CIPLL23-SWAPNIL,*,Claimpower,Microsoft Corporation_Microsoft ASP.NET Core 8.0.6 Targeting Pack (x64)_8.0.6.24269_x64_
SQL Server 2022,CVE-2024-28939,Microsoft,High,CVSS:3.1/AV:N/AC:L/PR:N/UI:R/S:U/C:H/I:H/A:H,No,04/09/24 17:15:00,8.8,01/19/26 08:49:21,0,N/A,https://www.vicarius.io/vsociety/vulnerabilities/358573/CVE-2024-28939,Microsoft OLE DB Driver for SQL Server Remote Code Execution Vulnerability,2.8,,,16.0.1000.6,CIPLL23-SWAPNIL,*,Claimpower,Microsoft Corporation_Browser for SQL Server 2022_16.0.1000.6_x64_
SQL Server 2022,CVE-2025-47997,Microsoft,Medium,CVSS:3.1/AV:N/AC:L/PR:L/UI:N/S:U/C:H/I:N/A:N,No,09/09/25 17:15:00,6.5,01/19/26 08:49:21,0,N/A,https://www.vicarius.io/vsociety/vulnerabilities/422165/CVE-2025-47997,Concurrent execution using shared resource with improper synchronization (race condition) in SQL Server allows an authorized attacker to disclose information over a network.,2.8,,,16.0.1000.6,CIPLL23-SWAPNIL,*,Claimpower,Microsoft Corporation_Browser for SQL Server 2022_16.0.1000.6_x64_
SQL Server 2022,CVE-2025-55227,Microsoft,High,CVSS:3.1/AV:N/AC:L/PR:L/UI:N/S:U/C:H/I:H/A:H,No,09/09/25 17:16:00,8.8,01/19/26 08:49:21,0,N/A,https://www.vicarius.io/vsociety/vulnerabilities/422076/CVE-2025-55227,Improper neutralization of special elements used in a command (command injection) in SQL Server allows an authorized attacker to elevate privileges over a network.,2.8,,,16.0.1000.6,CIPLL23-SWAPNIL,*,Claimpower,Microsoft Corporation_Browser for SQL Server 2022_16.0.1000.6_x64_
SQL Server 2022,CVE-2025-49719,Microsoft,High,CVSS:3.1/AV:N/AC:L/PR:N/UI:N/S:U/C:H/I:N/A:N,No,07/08/25 17:15:00,7.5,01/19/26 08:49:21,0,N/A,https://www.vicarius.io/vsociety/vulnerabilities/414337/CVE-2025-49719,Improper input validation in SQL Server allows an unauthorized attacker to disclose information over a network.,3.9,,,16.0.1000.6,CIPLL23-SWAPNIL,*,Claimpower,Microsoft Corporation_Browser for SQL Server 2022_16.0.1000.6_x64_
Asp.net Core,CVE-2025-24070,Microsoft,High,CVSS:3.1/AV:N/AC:H/PR:N/UI:N/S:U/C:L/I:L/A:H,No,03/11/25 17:16:00,7,01/19/26 08:48:18,0,N/A,https://www.vicarius.io/vsociety/vulnerabilities/397848/CVE-2025-24070,Weak authentication in ASP.NET Core &amp. Visual Studio allows an unauthorized attacker to elevate privileges over a network.,2.2,,,8.0.6,CIPLL23-SWAPNIL,*,Claimpower,Microsoft Corporation_Microsoft ASP.NET Core 8.0.6 Targeting Pack (x64)_8.0.6.24269_x64_
SQL Server 2022,CVE-2024-28944,Microsoft,High,CVSS:3.1/AV:N/AC:L/PR:N/UI:R/S:U/C:H/I:H/A:H,No,04/09/24 17:15:00,8.8,01/19/26 08:49:21,0,N/A,https://www.vicarius.io/vsociety/vulnerabilities/358568/CVE-2024-28944,Microsoft OLE DB Driver for SQL Server Remote Code Execution Vulnerability,2.8,,,16.0.1000.6,CIPLL23-SWAPNIL,*,Claimpower,Microsoft Corporation_Browser for SQL Server 2022_16.0.1000.6_x64_
SQL Server 2022,CVE-2025-53727,Microsoft,High,CVSS:3.1/AV:N/AC:L/PR:L/UI:N/S:U/C:H/I:H/A:H,No,08/12/25 18:15:00,8.8,01/19/26 08:49:21,0,N/A,https://www.vicarius.io/vsociety/vulnerabilities/418461/CVE-2025-53727,Improper neutralization of special elements used in an sql command (sql injection) in SQL Server allows an authorized attacker to elevate privileges over a network.,2.8,,,16.0.1000.6,CIPLL23-SWAPNIL,*,Claimpower,Microsoft Corporation_Browser for SQL Server 2022_16.0.1000.6_x64_
SQL Server 2022,CVE-2024-28942,Microsoft,High,CVSS:3.1/AV:N/AC:L/PR:N/UI:R/S:U/C:H/I:H/A:H,No,04/09/24 17:15:00,8.8,01/19/26 08:49:21,0,N/A,https://www.vicarius.io/vsociety/vulnerabilities/358570/CVE-2024-28942,Microsoft OLE DB Driver for SQL Server Remote Code Execution Vulnerability,2.8,,,16.0.1000.6,CIPLL23-SWAPNIL,*,Claimpower,Microsoft Corporation_Browser for SQL Server 2022_16.0.1000.6_x64_
SQL Server 2022,CVE-2024-28943,Microsoft,High,CVSS:3.1/AV:N/AC:L/PR:N/UI:R/S:U/C:H/I:H/A:H,No,04/09/24 17:15:00,8.8,01/19/26 08:49:21,0,N/A,https://www.vicarius.io/vsociety/vulnerabilities/358569/CVE-2024-28943,Microsoft ODBC Driver for SQL Server Remote Code Execution Vulnerability,2.8,,,16.0.1000.6,CIPLL23-SWAPNIL,*,Claimpower,Microsoft Corporation_Browser for SQL Server 2022_16.0.1000.6_x64_
SQL Server 2022,CVE-2025-49717,Microsoft,High,CVSS:3.1/AV:N/AC:H/PR:L/UI:N/S:C/C:H/I:H/A:H,No,07/08/25 17:15:00,8.5,01/19/26 08:49:21,0,N/A,https://www.vicarius.io/vsociety/vulnerabilities/414339/CVE-2025-49717,Heap-based buffer overflow in SQL Server allows an authorized attacker to execute code over a network.,1.8,,,16.0.1000.6,CIPLL23-SWAPNIL,*,Claimpower,Microsoft Corporation_Browser for SQL Server 2022_16.0.1000.6_x64_
SQL Server 2022,CVE-2024-21414,Microsoft,High,CVSS:3.1/AV:N/AC:L/PR:N/UI:R/S:U/C:H/I:H/A:H,No,07/09/24 17:15:00,8.8,01/19/26 08:49:21,0,N/A,https://www.vicarius.io/vsociety/vulnerabilities/372552/CVE-2024-21414,SQL Server Native Client OLE DB Provider Remote Code Execution Vulnerability,2.8,,,16.0.1000.6,CIPLL23-SWAPNIL,*,Claimpower,Microsoft Corporation_Browser for SQL Server 2022_16.0.1000.6_x64_
SQL Server 2022,CVE-2025-49718,Microsoft,High,CVSS:3.1/AV:N/AC:L/PR:N/UI:N/S:U/C:H/I:N/A:N,No,07/08/25 17:15:00,7.5,01/19/26 08:49:21,0,N/A,https://www.vicarius.io/vsociety/vulnerabilities/414338/CVE-2025-49718,Use of uninitialized resource in SQL Server allows an unauthorized attacker to disclose information over a network.,3.9,,,16.0.1000.6,CIPLL23-SWAPNIL,*,Claimpower,Microsoft Corporation_Browser for SQL Server 2022_16.0.1000.6_x64_
Asp.net Core,CVE-2025-26682,Microsoft,High,CVSS:3.1/AV:N/AC:L/PR:N/UI:N/S:U/C:N/I:N/A:H,No,04/08/25 18:15:00,7.5,01/19/26 08:48:18,0,N/A,https://www.vicarius.io/vsociety/vulnerabilities/402445/CVE-2025-26682,Allocation of resources without limits or throttling in ASP.NET Core allows an unauthorized attacker to deny service over a network.,3.9,,,8.0.6,CIPLL23-SWAPNIL,*,Claimpower,Microsoft Corporation_Microsoft ASP.NET Core 8.0.6 Targeting Pack (x64)_8.0.6.24269_x64_
SQL Server 2022,CVE-2024-21428,Microsoft,High,CVSS:3.1/AV:N/AC:L/PR:N/UI:R/S:U/C:H/I:H/A:H,No,07/09/24 17:15:00,8.8,01/19/26 08:49:21,0,N/A,https://www.vicarius.io/vsociety/vulnerabilities/372548/CVE-2024-21428,SQL Server Native Client OLE DB Provider Remote Code Execution Vulnerability,2.8,,,16.0.1000.6,CIPLL23-SWAPNIL,*,Claimpower,Microsoft Corporation_Browser for SQL Server 2022_16.0.1000.6_x64_
SQL Server 2022,CVE-2024-21415,Microsoft,High,CVSS:3.1/AV:N/AC:L/PR:N/UI:R/S:U/C:H/I:H/A:H,No,07/09/24 17:15:00,8.8,01/19/26 08:49:21,0,N/A,https://www.vicarius.io/vsociety/vulnerabilities/372551/CVE-2024-21415,SQL Server Native Client OLE DB Provider Remote Code Execution Vulnerability,2.8,,,16.0.1000.6,CIPLL23-SWAPNIL,*,Claimpower,Microsoft Corporation_Browser for SQL Server 2022_16.0.1000.6_x64_
SQL Server 2022,CVE-2024-21425,Microsoft,High,CVSS:3.1/AV:N/AC:L/PR:N/UI:R/S:U/C:H/I:H/A:H,No,07/09/24 17:15:00,8.8,01/19/26 07:10:10,0,N/A,https://www.vicarius.io/vsociety/vulnerabilities/372549/CVE-2024-21425,SQL Server Native Client OLE DB Provider Remote Code Execution Vulnerability,2.8,,,16.0.1000.6,CIPLL15-TECHCAB,*,Claimpower,Microsoft Corporation_Browser for SQL Server 2022_16.0.1000.6_x64_
SQL Server 2022,CVE-2024-21331,Microsoft,High,CVSS:3.1/AV:N/AC:L/PR:N/UI:R/S:U/C:H/I:H/A:H,No,07/09/24 17:15:00,8.8,01/19/26 07:10:10,0,N/A,https://www.vicarius.io/vsociety/vulnerabilities/372558/CVE-2024-21331,SQL Server Native Client OLE DB Provider Remote Code Execution Vulnerability,2.8,,,16.0.1000.6,CIPLL15-TECHCAB,*,Claimpower,Microsoft Corporation_Browser for SQL Server 2022_16.0.1000.6_x64_
SQL Server 2022,CVE-2024-21335,Microsoft,High,CVSS:3.1/AV:N/AC:L/PR:N/UI:R/S:U/C:H/I:H/A:H,No,07/09/24 17:15:00,8.8,01/19/26 07:10:10,0,N/A,https://www.vicarius.io/vsociety/vulnerabilities/372555/CVE-2024-21335,SQL Server Native Client OLE DB Provider Remote Code Execution Vulnerability,2.8,,,16.0.1000.6,CIPLL15-TECHCAB,*,Claimpower,Microsoft Corporation_Browser for SQL Server 2022_16.0.1000.6_x64_
SQL Server 2019,CVE-2025-49717,Microsoft,High,CVSS:3.1/AV:N/AC:H/PR:L/UI:N/S:C/C:H/I:H/A:H,No,07/08/25 17:15:00,8.5,01/19/26 07:07:44,0,N/A,https://www.vicarius.io/vsociety/vulnerabilities/414339/CVE-2025-49717,Heap-based buffer overflow in SQL Server allows an authorized attacker to execute code over a network.,1.8,,,15.0.4382.1,CIPLL15-TECHCAB,*,Claimpower,Microsoft Corporation_Microsoft SQL Server 2019 LocalDB _15.0.4382.1_x64_
SQL Server 2022,CVE-2024-21308,Microsoft,High,CVSS:3.1/AV:N/AC:L/PR:N/UI:R/S:U/C:H/I:H/A:H,No,07/09/24 17:15:00,8.8,01/19/26 07:10:10,0,N/A,https://www.vicarius.io/vsociety/vulnerabilities/372560/CVE-2024-21308,SQL Server Native Client OLE DB Provider Remote Code Execution Vulnerability,2.8,,,16.0.1000.6,CIPLL15-TECHCAB,*,Claimpower,Microsoft Corporation_Browser for SQL Server 2022_16.0.1000.6_x64_
SQL Server 2022,CVE-2024-21333,Microsoft,High,CVSS:3.1/AV:N/AC:L/PR:N/UI:R/S:U/C:H/I:H/A:H,No,07/09/24 17:15:00,8.8,01/19/26 07:10:10,0,N/A,https://www.vicarius.io/vsociety/vulnerabilities/372556/CVE-2024-21333,SQL Server Native Client OLE DB Provider Remote Code Execution Vulnerability,2.8,,,16.0.1000.6,CIPLL15-TECHCAB,*,Claimpower,Microsoft Corporation_Browser for SQL Server 2022_16.0.1000.6_x64_
.NET,CVE-2021-27434,Microsoft,High,CVSS:3.1/AV:N/AC:L/PR:N/UI:N/S:U/C:H/I:N/A:N,No,05/20/21 14:15:00,7.5,01/19/26 07:11:32,5,N/A,https://www.vicarius.io/vsociety/vulnerabilities/277232/CVE-2021-27434,"Products with Unified Automation .NET based OPC UA Client/Server SDK Bundle: Versions V3.0.7 and prior (.NET 4.5, 4.0, and 3.5 Framework versions only) are vulnerable to an uncontrolled recursion, which may allow an attacker to trigger a stack overflow.",3.9,,,4.0,CIPLL08-SACHIN,*,Claimpower,Microsoft_.NET Framework 4.0 Full_4.0_x64_
SQL Server 2019,CVE-2025-59499,Microsoft,High,CVSS:3.1/AV:N/AC:L/PR:L/UI:N/S:U/C:H/I:H/A:H,No,11/11/25 18:15:00,8.8,01/19/26 07:30:09,0,N/A,https://www.vicarius.io/vsociety/vulnerabilities/431418/CVE-2025-59499,Improper neutralization of special elements used in an sql command (sql injection) in SQL Server allows an authorized attacker to elevate privileges over a network.,2.8,,,15.0.4382.1,CIPLL21-OFFICE,*,Claimpower,Microsoft Corporation_Microsoft SQL Server 2019 LocalDB _15.0.4382.1_x64_
SQL Server 2019,CVE-2024-28928,Microsoft,High,CVSS:3.1/AV:N/AC:L/PR:N/UI:R/S:U/C:H/I:H/A:H,No,07/09/24 17:15:00,8.8,01/19/26 07:30:33,0,N/A,https://www.vicarius.io/vsociety/vulnerabilities/370865/CVE-2024-28928,SQL Server Native Client OLE DB Provider Remote Code Execution Vulnerability,2.8,,,15.0.2000.5,CIPLL21-OFFICE,*,Claimpower,Microsoft Corporation_Microsoft System CLR Types for SQL Server 2019_15.0.2000.5_x64_
SQL Server 2019,CVE-2025-47997,Microsoft,Medium,CVSS:3.1/AV:N/AC:L/PR:L/UI:N/S:U/C:H/I:N/A:N,No,09/09/25 17:15:00,6.5,01/19/26 07:07:44,0,N/A,https://www.vicarius.io/vsociety/vulnerabilities/422165/CVE-2025-47997,Concurrent execution using shared resource with improper synchronization (race condition) in SQL Server allows an authorized attacker to disclose information over a network.,2.8,,,15.0.4382.1,CIPLL15-TECHCAB,*,Claimpower,Microsoft Corporation_Microsoft SQL Server 2019 LocalDB _15.0.4382.1_x64_
SQL Server 2019,CVE-2025-49719,Microsoft,High,CVSS:3.1/AV:N/AC:L/PR:N/UI:N/S:U/C:H/I:N/A:N,No,07/08/25 17:15:00,7.5,01/19/26 07:07:44,0,N/A,https://www.vicarius.io/vsociety/vulnerabilities/414337/CVE-2025-49719,Improper input validation in SQL Server allows an unauthorized attacker to disclose information over a network.,3.9,,,15.0.4382.1,CIPLL15-TECHCAB,*,Claimpower,Microsoft Corporation_Microsoft SQL Server 2019 LocalDB _15.0.4382.1_x64_
SQL Server 2019,CVE-2025-49718,Microsoft,High,CVSS:3.1/AV:N/AC:L/PR:N/UI:N/S:U/C:H/I:N/A:N,No,07/08/25 17:15:00,7.5,01/19/26 07:07:44,0,N/A,https://www.vicarius.io/vsociety/vulnerabilities/414338/CVE-2025-49718,Use of uninitialized resource in SQL Server allows an unauthorized attacker to disclose information over a network.,3.9,,,15.0.4382.1,CIPLL15-TECHCAB,*,Claimpower,Microsoft Corporation_Microsoft SQL Server 2019 LocalDB _15.0.4382.1_x64_
SQL Server 2019,CVE-2024-37966,Microsoft,High,CVSS:3.1/AV:N/AC:L/PR:L/UI:N/S:U/C:H/I:N/A:L,No,09/10/24 17:15:00,7.1,01/19/26 07:30:09,0,N/A,https://www.vicarius.io/vsociety/vulnerabilities/376416/CVE-2024-37966,Microsoft SQL Server Native Scoring Information Disclosure Vulnerability,2.8,,,15.0.4382.1,CIPLL21-OFFICE,*,Claimpower,Microsoft Corporation_Microsoft SQL Server 2019 LocalDB _15.0.4382.1_x64_
SQL Server 2019,CVE-2024-21428,Microsoft,High,CVSS:3.1/AV:N/AC:L/PR:N/UI:R/S:U/C:H/I:H/A:H,No,07/09/24 17:15:00,8.8,01/19/26 07:30:33,0,N/A,https://www.vicarius.io/vsociety/vulnerabilities/372548/CVE-2024-21428,SQL Server Native Client OLE DB Provider Remote Code Execution Vulnerability,2.8,,,15.0.2000.5,CIPLL21-OFFICE,*,Claimpower,Microsoft Corporation_Microsoft System CLR Types for SQL Server 2019_15.0.2000.5_x64_
SQL Server 2019,CVE-2024-21414,Microsoft,High,CVSS:3.1/AV:N/AC:L/PR:N/UI:R/S:U/C:H/I:H/A:H,No,07/09/24 17:15:00,8.8,01/19/26 07:30:33,0,N/A,https://www.vicarius.io/vsociety/vulnerabilities/372552/CVE-2024-21414,SQL Server Native Client OLE DB Provider Remote Code Execution Vulnerability,2.8,,,15.0.2000.5,CIPLL21-OFFICE,*,Claimpower,Microsoft Corporation_Microsoft System CLR Types for SQL Server 2019_15.0.2000.5_x64_
SQL Server 2019,CVE-2024-37965,Microsoft,High,CVSS:3.1/AV:N/AC:L/PR:L/UI:N/S:U/C:H/I:H/A:H,No,09/10/24 17:15:00,8.8,01/19/26 07:30:09,0,N/A,https://www.vicarius.io/vsociety/vulnerabilities/376417/CVE-2024-37965,Microsoft SQL Server Elevation of Privilege Vulnerability,2.8,,,15.0.4382.1,CIPLL21-OFFICE,*,Claimpower,Microsoft Corporation_Microsoft SQL Server 2019 LocalDB _15.0.4382.1_x64_
SQL Server 2019,CVE-2024-21415,Microsoft,High,CVSS:3.1/AV:N/AC:L/PR:N/UI:R/S:U/C:H/I:H/A:H,No,07/09/24 17:15:00,8.8,01/19/26 07:30:33,0,N/A,https://www.vicarius.io/vsociety/vulnerabilities/372551/CVE-2024-21415,SQL Server Native Client OLE DB Provider Remote Code Execution Vulnerability,2.8,,,15.0.2000.5,CIPLL21-OFFICE,*,Claimpower,Microsoft Corporation_Microsoft System CLR Types for SQL Server 2019_15.0.2000.5_x64_
.NET,CVE-2021-27434,Microsoft,High,CVSS:3.1/AV:N/AC:L/PR:N/UI:N/S:U/C:H/I:N/A:N,No,05/20/21 14:15:00,7.5,01/19/26 08:26:45,5,N/A,https://www.vicarius.io/vsociety/vulnerabilities/277232/CVE-2021-27434,"Products with Unified Automation .NET based OPC UA Client/Server SDK Bundle: Versions V3.0.7 and prior (.NET 4.5, 4.0, and 3.5 Framework versions only) are vulnerable to an uncontrolled recursion, which may allow an attacker to trigger a stack overflow.",3.9,,,4.0,CIPLL13-DEEPAK,*,Claimpower,Microsoft_.NET Framework 4.0 Full_4.0_x64_
SQL Server 2019,CVE-2024-21317,Microsoft,High,CVSS:3.1/AV:N/AC:L/PR:N/UI:R/S:U/C:H/I:H/A:H,No,07/09/24 17:15:00,8.8,01/19/26 07:30:33,0,N/A,https://www.vicarius.io/vsociety/vulnerabilities/372559/CVE-2024-21317,SQL Server Native Client OLE DB Provider Remote Code Execution Vulnerability,2.8,,,15.0.2000.5,CIPLL21-OFFICE,*,Claimpower,Microsoft Corporation_Microsoft System CLR Types for SQL Server 2019_15.0.2000.5_x64_
SQL Server 2019,CVE-2024-21332,Microsoft,High,CVSS:3.1/AV:N/AC:L/PR:N/UI:R/S:U/C:H/I:H/A:H,No,07/09/24 17:15:00,8.8,01/19/26 07:30:33,0,N/A,https://www.vicarius.io/vsociety/vulnerabilities/372557/CVE-2024-21332,SQL Server Native Client OLE DB Provider Remote Code Execution Vulnerability,2.8,,,15.0.2000.5,CIPLL21-OFFICE,*,Claimpower,Microsoft Corporation_Microsoft System CLR Types for SQL Server 2019_15.0.2000.5_x64_
SQL Server 2019,CVE-2024-21398,Microsoft,High,CVSS:3.1/AV:N/AC:L/PR:N/UI:R/S:U/C:H/I:H/A:H,No,07/09/24 17:15:00,8.8,01/19/26 07:30:33,0,N/A,https://www.vicarius.io/vsociety/vulnerabilities/372553/CVE-2024-21398,SQL Server Native Client OLE DB Provider Remote Code Execution Vulnerability,2.8,,,15.0.2000.5,CIPLL21-OFFICE,*,Claimpower,Microsoft Corporation_Microsoft System CLR Types for SQL Server 2019_15.0.2000.5_x64_
SQL Server 2019,CVE-2024-21373,Microsoft,High,CVSS:3.1/AV:N/AC:L/PR:N/UI:R/S:U/C:H/I:H/A:H,No,07/09/24 17:15:00,8.8,01/19/26 07:30:33,0,N/A,https://www.vicarius.io/vsociety/vulnerabilities/372554/CVE-2024-21373,SQL Server Native Client OLE DB Provider Remote Code Execution Vulnerability,2.8,,,15.0.2000.5,CIPLL21-OFFICE,*,Claimpower,Microsoft Corporation_Microsoft System CLR Types for SQL Server 2019_15.0.2000.5_x64_
SQL Server 2019,CVE-2025-49758,Microsoft,High,CVSS:3.1/AV:N/AC:L/PR:L/UI:N/S:U/C:H/I:H/A:H,No,08/12/25 18:15:00,8.8,01/19/26 07:07:44,0,N/A,https://www.vicarius.io/vsociety/vulnerabilities/418521/CVE-2025-49758,Improper neutralization of special elements used in an sql command (sql injection) in SQL Server allows an authorized attacker to elevate privileges over a network.,2.8,,,15.0.4382.1,CIPLL15-TECHCAB,*,Claimpower,Microsoft Corporation_Microsoft SQL Server 2019 LocalDB _15.0.4382.1_x64_
SQL Server 2019,CVE-2025-49759,Microsoft,High,CVSS:3.1/AV:N/AC:L/PR:L/UI:N/S:U/C:H/I:H/A:H,No,08/12/25 18:15:00,8.8,01/19/26 07:07:44,0,N/A,https://www.vicarius.io/vsociety/vulnerabilities/418520/CVE-2025-49759,Improper neutralization of special elements used in an sql command (sql injection) in SQL Server allows an authorized attacker to elevate privileges over a network.,2.8,,,15.0.4382.1,CIPLL15-TECHCAB,*,Claimpower,Microsoft Corporation_Microsoft SQL Server 2019 LocalDB _15.0.4382.1_x64_
SQL Server 2019,CVE-2025-24999,Microsoft,High,CVSS:3.1/AV:N/AC:L/PR:L/UI:N/S:U/C:H/I:H/A:H,No,08/12/25 18:15:00,8.8,01/19/26 07:07:44,0,N/A,https://www.vicarius.io/vsociety/vulnerabilities/418542/CVE-2025-24999,Improper access control in SQL Server allows an authorized attacker to elevate privileges over a network.,2.8,,,15.0.4382.1,CIPLL15-TECHCAB,*,Claimpower,Microsoft Corporation_Microsoft SQL Server 2019 LocalDB _15.0.4382.1_x64_
Asp.net Core,CVE-2025-24070,Microsoft,High,CVSS:3.1/AV:N/AC:H/PR:N/UI:N/S:U/C:L/I:L/A:H,No,03/11/25 17:16:00,7,01/19/26 07:29:06,0,N/A,https://www.vicarius.io/vsociety/vulnerabilities/397848/CVE-2025-24070,Weak authentication in ASP.NET Core &amp. Visual Studio allows an unauthorized attacker to elevate privileges over a network.,2.2,,,8.0.6,CIPLL03-OFFICE,*,Claimpower,Microsoft Corporation_Microsoft ASP.NET Core 8.0.6 Targeting Pack (x64)_8.0.6.24269_x64_
SQL Server 2019,CVE-2024-21308,Microsoft,High,CVSS:3.1/AV:N/AC:L/PR:N/UI:R/S:U/C:H/I:H/A:H,No,07/09/24 17:15:00,8.8,01/19/26 07:30:33,0,N/A,https://www.vicarius.io/vsociety/vulnerabilities/372560/CVE-2024-21308,SQL Server Native Client OLE DB Provider Remote Code Execution Vulnerability,2.8,,,15.0.2000.5,CIPLL21-OFFICE,*,Claimpower,Microsoft Corporation_Microsoft System CLR Types for SQL Server 2019_15.0.2000.5_x64_
SQL Server 2019,CVE-2024-21331,Microsoft,High,CVSS:3.1/AV:N/AC:L/PR:N/UI:R/S:U/C:H/I:H/A:H,No,07/09/24 17:15:00,8.8,01/19/26 07:30:33,0,N/A,https://www.vicarius.io/vsociety/vulnerabilities/372558/CVE-2024-21331,SQL Server Native Client OLE DB Provider Remote Code Execution Vulnerability,2.8,,,15.0.2000.5,CIPLL21-OFFICE,*,Claimpower,Microsoft Corporation_Microsoft System CLR Types for SQL Server 2019_15.0.2000.5_x64_
SQL Server 2019,CVE-2024-21425,Microsoft,High,CVSS:3.1/AV:N/AC:L/PR:N/UI:R/S:U/C:H/I:H/A:H,No,07/09/24 17:15:00,8.8,01/19/26 07:30:33,0,N/A,https://www.vicarius.io/vsociety/vulnerabilities/372549/CVE-2024-21425,SQL Server Native Client OLE DB Provider Remote Code Execution Vulnerability,2.8,,,15.0.2000.5,CIPLL21-OFFICE,*,Claimpower,Microsoft Corporation_Microsoft System CLR Types for SQL Server 2019_15.0.2000.5_x64_
SQL Server 2022,CVE-2024-29048,Microsoft,High,CVSS:3.1/AV:N/AC:L/PR:N/UI:R/S:U/C:H/I:H/A:H,No,04/09/24 17:15:00,8.8,01/19/26 08:49:21,0,N/A,https://www.vicarius.io/vsociety/vulnerabilities/358561/CVE-2024-29048,Microsoft OLE DB Driver for SQL Server Remote Code Execution Vulnerability,2.8,,,16.0.1000.6,CIPLL23-SWAPNIL,*,Claimpower,Microsoft Corporation_Browser for SQL Server 2022_16.0.1000.6_x64_
SQL Server 2022,CVE-2024-29046,Microsoft,High,CVSS:3.1/AV:N/AC:L/PR:N/UI:R/S:U/C:H/I:H/A:H,No,04/09/24 17:15:00,8.8,01/19/26 08:49:21,0,N/A,https://www.vicarius.io/vsociety/vulnerabilities/358563/CVE-2024-29046,Microsoft OLE DB Driver for SQL Server Remote Code Execution Vulnerability,2.8,,,16.0.1000.6,CIPLL23-SWAPNIL,*,Claimpower,Microsoft Corporation_Browser for SQL Server 2022_16.0.1000.6_x64_
SQL Server 2022,CVE-2024-29044,Microsoft,High,CVSS:3.1/AV:N/AC:L/PR:N/UI:R/S:U/C:H/I:H/A:H,No,04/09/24 17:15:00,8.8,01/19/26 08:49:21,0,N/A,https://www.vicarius.io/vsociety/vulnerabilities/358565/CVE-2024-29044,Microsoft OLE DB Driver for SQL Server Remote Code Execution Vulnerability,2.8,,,16.0.1000.6,CIPLL23-SWAPNIL,*,Claimpower,Microsoft Corporation_Browser for SQL Server 2022_16.0.1000.6_x64_
SQL Server 2022,CVE-2024-29045,Microsoft,High,CVSS:3.1/AV:N/AC:H/PR:N/UI:R/S:U/C:H/I:H/A:H,No,04/09/24 17:15:00,7.5,01/19/26 08:49:21,0,N/A,https://www.vicarius.io/vsociety/vulnerabilities/358564/CVE-2024-29045,Microsoft OLE DB Driver for SQL Server Remote Code Execution Vulnerability,1.6,,,16.0.1000.6,CIPLL23-SWAPNIL,*,Claimpower,Microsoft Corporation_Browser for SQL Server 2022_16.0.1000.6_x64_
SQL Server 2019,CVE-2024-21333,Microsoft,High,CVSS:3.1/AV:N/AC:L/PR:N/UI:R/S:U/C:H/I:H/A:H,No,07/09/24 17:15:00,8.8,01/19/26 07:30:33,0,N/A,https://www.vicarius.io/vsociety/vulnerabilities/372556/CVE-2024-21333,SQL Server Native Client OLE DB Provider Remote Code Execution Vulnerability,2.8,,,15.0.2000.5,CIPLL21-OFFICE,*,Claimpower,Microsoft Corporation_Microsoft System CLR Types for SQL Server 2019_15.0.2000.5_x64_
Asp.net Core,CVE-2025-24070,Microsoft,High,CVSS:3.1/AV:N/AC:H/PR:N/UI:N/S:U/C:L/I:L/A:H,No,03/11/25 17:16:00,7,01/19/26 07:26:37,0,N/A,https://www.vicarius.io/vsociety/vulnerabilities/397848/CVE-2025-24070,Weak authentication in ASP.NET Core &amp. Visual Studio allows an unauthorized attacker to elevate privileges over a network.,2.2,,,8.0.6,CIPLMD14,*,Claimpower,Microsoft Corporation_Microsoft ASP.NET Core 8.0.6 Targeting Pack (x64)_8.0.6.24269_x64_
SQL Server 2019,CVE-2024-28945,Microsoft,High,CVSS:3.1/AV:N/AC:L/PR:N/UI:R/S:U/C:H/I:H/A:H,No,04/09/24 17:15:00,8.8,01/19/26 08:48:18,0,N/A,https://www.vicarius.io/vsociety/vulnerabilities/358567/CVE-2024-28945,Microsoft OLE DB Driver for SQL Server Remote Code Execution Vulnerability,2.8,,,15.0.2000.5,CIPLL23-SWAPNIL,*,Claimpower,Microsoft Corporation_Microsoft SQL Server 2019 T-SQL Language Service _15.0.2000.5_x64_
Asp.net Core,CVE-2021-34532,Microsoft,Medium,CVSS:3.1/AV:L/AC:L/PR:L/UI:N/S:U/C:H/I:N/A:N,No,08/12/21 18:15:00,5.5,01/19/26 08:51:40,2.1,N/A,https://www.vicarius.io/vsociety/vulnerabilities/282200/CVE-2021-34532,ASP.NET Core and Visual Studio Information Disclosure Vulnerability,1.8,,,3.1.10,CIPLL23-SWAPNIL,*,Claimpower,Microsoft Corporation_Microsoft ASP.NET Core 3.1.10 Targeting Pack (x64)_3.1.10.20520_x64_
SQL Server 2019,CVE-2024-21335,Microsoft,High,CVSS:3.1/AV:N/AC:L/PR:N/UI:R/S:U/C:H/I:H/A:H,No,07/09/24 17:15:00,8.8,01/19/26 07:30:33,0,N/A,https://www.vicarius.io/vsociety/vulnerabilities/372555/CVE-2024-21335,SQL Server Native Client OLE DB Provider Remote Code Execution Vulnerability,2.8,,,15.0.2000.5,CIPLL21-OFFICE,*,Claimpower,Microsoft Corporation_Microsoft System CLR Types for SQL Server 2019_15.0.2000.5_x64_
SQL Server 2022,CVE-2024-29043,Microsoft,High,CVSS:3.1/AV:N/AC:L/PR:N/UI:R/S:U/C:H/I:H/A:H,No,04/09/24 17:15:00,8.8,01/19/26 08:49:21,0,N/A,https://www.vicarius.io/vsociety/vulnerabilities/358566/CVE-2024-29043,Microsoft ODBC Driver for SQL Server Remote Code Execution Vulnerability,2.8,,,16.0.1000.6,CIPLL23-SWAPNIL,*,Claimpower,Microsoft Corporation_Browser for SQL Server 2022_16.0.1000.6_x64_
.NET,CVE-2021-27434,Microsoft,High,CVSS:3.1/AV:N/AC:L/PR:N/UI:N/S:U/C:H/I:N/A:N,No,05/20/21 14:15:00,7.5,01/19/26 08:49:21,5,N/A,https://www.vicarius.io/vsociety/vulnerabilities/277232/CVE-2021-27434,"Products with Unified Automation .NET based OPC UA Client/Server SDK Bundle: Versions V3.0.7 and prior (.NET 4.5, 4.0, and 3.5 Framework versions only) are vulnerable to an uncontrolled recursion, which may allow an attacker to trigger a stack overflow.",3.9,,,4.0,CIPLL23-SWAPNIL,*,Claimpower,Microsoft_.NET Framework 4.0 Full_4.0_x64_
SQL Server 2019,CVE-2024-28942,Microsoft,High,CVSS:3.1/AV:N/AC:L/PR:N/UI:R/S:U/C:H/I:H/A:H,No,04/09/24 17:15:00,8.8,01/19/26 07:30:33,0,N/A,https://www.vicarius.io/vsociety/vulnerabilities/358570/CVE-2024-28942,Microsoft OLE DB Driver for SQL Server Remote Code Execution Vulnerability,2.8,,,15.0.2000.5,CIPLL21-OFFICE,*,Claimpower,Microsoft Corporation_Microsoft System CLR Types for SQL Server 2019_15.0.2000.5_x64_
SQL Server 2019,CVE-2024-28943,Microsoft,High,CVSS:3.1/AV:N/AC:L/PR:N/UI:R/S:U/C:H/I:H/A:H,No,04/09/24 17:15:00,8.8,01/19/26 07:30:33,0,N/A,https://www.vicarius.io/vsociety/vulnerabilities/358569/CVE-2024-28943,Microsoft ODBC Driver for SQL Server Remote Code Execution Vulnerability,2.8,,,15.0.2000.5,CIPLL21-OFFICE,*,Claimpower,Microsoft Corporation_Microsoft System CLR Types for SQL Server 2019_15.0.2000.5_x64_
SQL Server 2019,CVE-2024-28944,Microsoft,High,CVSS:3.1/AV:N/AC:L/PR:N/UI:R/S:U/C:H/I:H/A:H,No,04/09/24 17:15:00,8.8,01/19/26 07:30:33,0,N/A,https://www.vicarius.io/vsociety/vulnerabilities/358568/CVE-2024-28944,Microsoft OLE DB Driver for SQL Server Remote Code Execution Vulnerability,2.8,,,15.0.2000.5,CIPLL21-OFFICE,*,Claimpower,Microsoft Corporation_Microsoft System CLR Types for SQL Server 2019_15.0.2000.5_x64_
.NET,CVE-2021-27434,Microsoft,High,CVSS:3.1/AV:N/AC:L/PR:N/UI:N/S:U/C:H/I:N/A:N,No,05/20/21 14:15:00,7.5,01/19/26 07:26:49,5,N/A,https://www.vicarius.io/vsociety/vulnerabilities/277232/CVE-2021-27434,"Products with Unified Automation .NET based OPC UA Client/Server SDK Bundle: Versions V3.0.7 and prior (.NET 4.5, 4.0, and 3.5 Framework versions only) are vulnerable to an uncontrolled recursion, which may allow an attacker to trigger a stack overflow.",3.9,,,4.0,CIPLMD14,*,Claimpower,Microsoft_.NET Framework 4.0 Full_4.0_x64_
.NET,CVE-2021-27434,Microsoft,High,CVSS:3.1/AV:N/AC:L/PR:N/UI:N/S:U/C:H/I:N/A:N,No,05/20/21 14:15:00,7.5,01/19/26 07:07:57,5,N/A,https://www.vicarius.io/vsociety/vulnerabilities/277232/CVE-2021-27434,"Products with Unified Automation .NET based OPC UA Client/Server SDK Bundle: Versions V3.0.7 and prior (.NET 4.5, 4.0, and 3.5 Framework versions only) are vulnerable to an uncontrolled recursion, which may allow an attacker to trigger a stack overflow.",3.9,,,4.0,CIPLLP-MEGHNA,*,Claimpower,Microsoft_.NET Framework 4.0 Full_4.0_x64_
Asp.net Core,CVE-2025-55315,Microsoft,Critical,CVSS:3.1/AV:N/AC:L/PR:L/UI:N/S:C/C:H/I:H/A:L,No,10/14/25 17:15:00,9.9,01/19/26 07:24:38,0,N/A,https://www.vicarius.io/vsociety/vulnerabilities/427498/CVE-2025-55315,Inconsistent interpretation of http requests (http request/response smuggling) in ASP.NET Core allows an authorized attacker to bypass a security feature over a network.,3.1,,,8.0.6,CIPLMD34,*,Claimpower,Microsoft Corporation_Microsoft ASP.NET Core 8.0.6 Targeting Pack (x64)_8.0.6.24269_x64_
SQL Server 2019,CVE-2025-55227,Microsoft,High,CVSS:3.1/AV:N/AC:L/PR:L/UI:N/S:U/C:H/I:H/A:H,No,09/09/25 17:16:00,8.8,01/19/26 07:07:44,0,N/A,https://www.vicarius.io/vsociety/vulnerabilities/422076/CVE-2025-55227,Improper neutralization of special elements used in a command (command injection) in SQL Server allows an authorized attacker to elevate privileges over a network.,2.8,,,15.0.4382.1,CIPLL15-TECHCAB,*,Claimpower,Microsoft Corporation_Microsoft SQL Server 2019 LocalDB _15.0.4382.1_x64_
SQL Server 2019,CVE-2024-28939,Microsoft,High,CVSS:3.1/AV:N/AC:L/PR:N/UI:R/S:U/C:H/I:H/A:H,No,04/09/24 17:15:00,8.8,01/19/26 07:30:33,0,N/A,https://www.vicarius.io/vsociety/vulnerabilities/358573/CVE-2024-28939,Microsoft OLE DB Driver for SQL Server Remote Code Execution Vulnerability,2.8,,,15.0.2000.5,CIPLL21-OFFICE,*,Claimpower,Microsoft Corporation_Microsoft System CLR Types for SQL Server 2019_15.0.2000.5_x64_
SQL Server 2019,CVE-2024-28940,Microsoft,High,CVSS:3.1/AV:N/AC:L/PR:N/UI:R/S:U/C:H/I:H/A:H,No,04/09/24 17:15:00,8.8,01/19/26 07:30:33,0,N/A,https://www.vicarius.io/vsociety/vulnerabilities/358572/CVE-2024-28940,Microsoft OLE DB Driver for SQL Server Remote Code Execution Vulnerability,2.8,,,15.0.2000.5,CIPLL21-OFFICE,*,Claimpower,Microsoft Corporation_Microsoft System CLR Types for SQL Server 2019_15.0.2000.5_x64_
Asp.net Core,CVE-2025-24070,Microsoft,High,CVSS:3.1/AV:N/AC:H/PR:N/UI:N/S:U/C:L/I:L/A:H,No,03/11/25 17:16:00,7,01/19/26 07:10:50,0,N/A,https://www.vicarius.io/vsociety/vulnerabilities/397848/CVE-2025-24070,Weak authentication in ASP.NET Core &amp. Visual Studio allows an unauthorized attacker to elevate privileges over a network.,2.2,,,8.0.6,CIPLL08-SACHIN,*,Claimpower,Microsoft Corporation_Microsoft ASP.NET Core 8.0.6 Targeting Pack (x64)_8.0.6.24269_x64_
SQL Server 2022,CVE-2024-21414,Microsoft,High,CVSS:3.1/AV:N/AC:L/PR:N/UI:R/S:U/C:H/I:H/A:H,No,07/09/24 17:15:00,8.8,01/19/26 07:10:10,0,N/A,https://www.vicarius.io/vsociety/vulnerabilities/372552/CVE-2024-21414,SQL Server Native Client OLE DB Provider Remote Code Execution Vulnerability,2.8,,,16.0.1000.6,CIPLL15-TECHCAB,*,Claimpower,Microsoft Corporation_Browser for SQL Server 2022_16.0.1000.6_x64_
SQL Server 2019,CVE-2025-55227,Microsoft,High,CVSS:3.1/AV:N/AC:L/PR:L/UI:N/S:U/C:H/I:H/A:H,No,09/09/25 17:16:00,8.8,01/19/26 07:30:09,0,N/A,https://www.vicarius.io/vsociety/vulnerabilities/422076/CVE-2025-55227,Improper neutralization of special elements used in a command (command injection) in SQL Server allows an authorized attacker to elevate privileges over a network.,2.8,,,15.0.4382.1,CIPLL21-OFFICE,*,Claimpower,Microsoft Corporation_Microsoft SQL Server 2019 LocalDB _15.0.4382.1_x64_
SQL Server 2022,CVE-2024-21398,Microsoft,High,CVSS:3.1/AV:N/AC:L/PR:N/UI:R/S:U/C:H/I:H/A:H,No,07/09/24 17:15:00,8.8,01/19/26 07:10:10,0,N/A,https://www.vicarius.io/vsociety/vulnerabilities/372553/CVE-2024-21398,SQL Server Native Client OLE DB Provider Remote Code Execution Vulnerability,2.8,,,16.0.1000.6,CIPLL15-TECHCAB,*,Claimpower,Microsoft Corporation_Browser for SQL Server 2022_16.0.1000.6_x64_
SQL Server 2019,CVE-2024-37966,Microsoft,High,CVSS:3.1/AV:N/AC:L/PR:L/UI:N/S:U/C:H/I:N/A:L,No,09/10/24 17:15:00,7.1,01/19/26 07:07:44,0,N/A,https://www.vicarius.io/vsociety/vulnerabilities/376416/CVE-2024-37966,Microsoft SQL Server Native Scoring Information Disclosure Vulnerability,2.8,,,15.0.4382.1,CIPLL15-TECHCAB,*,Claimpower,Microsoft Corporation_Microsoft SQL Server 2019 LocalDB _15.0.4382.1_x64_
SQL Server 2022,CVE-2024-21415,Microsoft,High,CVSS:3.1/AV:N/AC:L/PR:N/UI:R/S:U/C:H/I:H/A:H,No,07/09/24 17:15:00,8.8,01/19/26 07:10:10,0,N/A,https://www.vicarius.io/vsociety/vulnerabilities/372551/CVE-2024-21415,SQL Server Native Client OLE DB Provider Remote Code Execution Vulnerability,2.8,,,16.0.1000.6,CIPLL15-TECHCAB,*,Claimpower,Microsoft Corporation_Browser for SQL Server 2022_16.0.1000.6_x64_
SQL Server 2019,CVE-2024-37965,Microsoft,High,CVSS:3.1/AV:N/AC:L/PR:L/UI:N/S:U/C:H/I:H/A:H,No,09/10/24 17:15:00,8.8,01/19/26 07:07:44,0,N/A,https://www.vicarius.io/vsociety/vulnerabilities/376417/CVE-2024-37965,Microsoft SQL Server Elevation of Privilege Vulnerability,2.8,,,15.0.4382.1,CIPLL15-TECHCAB,*,Claimpower,Microsoft Corporation_Microsoft SQL Server 2019 LocalDB _15.0.4382.1_x64_
SQL Server 2022,CVE-2024-21317,Microsoft,High,CVSS:3.1/AV:N/AC:L/PR:N/UI:R/S:U/C:H/I:H/A:H,No,07/09/24 17:15:00,8.8,01/19/26 07:10:10,0,N/A,https://www.vicarius.io/vsociety/vulnerabilities/372559/CVE-2024-21317,SQL Server Native Client OLE DB Provider Remote Code Execution Vulnerability,2.8,,,16.0.1000.6,CIPLL15-TECHCAB,*,Claimpower,Microsoft Corporation_Browser for SQL Server 2022_16.0.1000.6_x64_
SQL Server 2022,CVE-2024-21373,Microsoft,High,CVSS:3.1/AV:N/AC:L/PR:N/UI:R/S:U/C:H/I:H/A:H,No,07/09/24 17:15:00,8.8,01/19/26 07:10:10,0,N/A,https://www.vicarius.io/vsociety/vulnerabilities/372554/CVE-2024-21373,SQL Server Native Client OLE DB Provider Remote Code Execution Vulnerability,2.8,,,16.0.1000.6,CIPLL15-TECHCAB,*,Claimpower,Microsoft Corporation_Browser for SQL Server 2022_16.0.1000.6_x64_
SQL Server 2022,CVE-2024-21332,Microsoft,High,CVSS:3.1/AV:N/AC:L/PR:N/UI:R/S:U/C:H/I:H/A:H,No,07/09/24 17:15:00,8.8,01/19/26 07:10:10,0,N/A,https://www.vicarius.io/vsociety/vulnerabilities/372557/CVE-2024-21332,SQL Server Native Client OLE DB Provider Remote Code Execution Vulnerability,2.8,,,16.0.1000.6,CIPLL15-TECHCAB,*,Claimpower,Microsoft Corporation_Browser for SQL Server 2022_16.0.1000.6_x64_
Asp.net Core,CVE-2025-26682,Microsoft,High,CVSS:3.1/AV:N/AC:L/PR:N/UI:N/S:U/C:N/I:N/A:H,No,04/08/25 18:15:00,7.5,01/19/26 07:24:38,0,N/A,https://www.vicarius.io/vsociety/vulnerabilities/402445/CVE-2025-26682,Allocation of resources without limits or throttling in ASP.NET Core allows an unauthorized attacker to deny service over a network.,3.9,,,8.0.6,CIPLMD34,*,Claimpower,Microsoft Corporation_Microsoft ASP.NET Core 8.0.6 Targeting Pack (x64)_8.0.6.24269_x64_
7-ZIP,CVE-2025-0411,7-ZIP,High,CVSS:3.1/AV:L/AC:H/PR:N/UI:R/S:U/C:H/I:H/A:H,Yes,01/25/25 05:15:00,7,01/19/26 08:24:02,0,N/A,https://www.vicarius.io/vsociety/vulnerabilities/392082/CVE-2025-0411,"7-Zip Mark-of-the-Web Bypass Vulnerability. This vulnerability allows remote attackers to bypass the Mark-of-the-Web protection mechanism on affected installations of 7-Zip. User interaction is required to exploit this vulnerability in that the target must visit a malicious page or open a malicious file.

The specific flaw exists within the handling of archived files. When extracting files from a crafted archive that bears the Mark-of-the-Web, 7-Zip does not propagate the Mark-of-the-Web to the extracted files. An attacker can leverage this vulnerability to execute arbitrary code in the context of the current user. Was ZDI-CAN-25456.",1,,,23.01,CIPLL13-DEEPAK,*,Claimpower,Igor Pavlov_7-Zip 23.01 (x64 edition)_23.01.00.0_x64_
SQL Server 2019,CVE-2024-28945,Microsoft,High,CVSS:3.1/AV:N/AC:L/PR:N/UI:R/S:U/C:H/I:H/A:H,No,04/09/24 17:15:00,8.8,01/19/26 07:30:33,0,N/A,https://www.vicarius.io/vsociety/vulnerabilities/358567/CVE-2024-28945,Microsoft OLE DB Driver for SQL Server Remote Code Execution Vulnerability,2.8,,,15.0.2000.5,CIPLL21-OFFICE,*,Claimpower,Microsoft Corporation_Microsoft System CLR Types for SQL Server 2019_15.0.2000.5_x64_
Asp.net Core,CVE-2021-1723,Microsoft,High,CVSS:3.1/AV:N/AC:L/PR:N/UI:N/S:U/C:N/I:N/A:H,No,01/12/21 20:15:00,7.5,01/19/26 08:51:40,5,N/A,https://www.vicarius.io/vsociety/vulnerabilities/269899/CVE-2021-1723,ASP.NET Core and Visual Studio Denial of Service Vulnerability,3.9,,,3.1.10,CIPLL23-SWAPNIL,*,Claimpower,Microsoft Corporation_Microsoft ASP.NET Core 3.1.10 Targeting Pack (x64)_3.1.10.20520_x64_
SQL Server 2019,CVE-2024-29043,Microsoft,High,CVSS:3.1/AV:N/AC:L/PR:N/UI:R/S:U/C:H/I:H/A:H,No,04/09/24 17:15:00,8.8,01/19/26 07:30:33,0,N/A,https://www.vicarius.io/vsociety/vulnerabilities/358566/CVE-2024-29043,Microsoft ODBC Driver for SQL Server Remote Code Execution Vulnerability,2.8,,,15.0.2000.5,CIPLL21-OFFICE,*,Claimpower,Microsoft Corporation_Microsoft System CLR Types for SQL Server 2019_15.0.2000.5_x64_
7-ZIP,CVE-2025-55188,7-ZIP,Low,CVSS:3.1/AV:L/AC:L/PR:N/UI:R/S:C/C:N/I:L/A:N,No,08/08/25 21:15:00,3.6,01/19/26 08:24:02,0,N/A,https://www.vicarius.io/vsociety/vulnerabilities/418091/CVE-2025-55188,7-Zip before 25.01 does not always properly handle symbolic links during extraction.,1.8,,,23.01,CIPLL13-DEEPAK,*,Claimpower,Igor Pavlov_7-Zip 23.01 (x64 edition)_23.01.00.0_x64_
SQL Server 2019,CVE-2024-29044,Microsoft,High,CVSS:3.1/AV:N/AC:L/PR:N/UI:R/S:U/C:H/I:H/A:H,No,04/09/24 17:15:00,8.8,01/19/26 07:30:33,0,N/A,https://www.vicarius.io/vsociety/vulnerabilities/358565/CVE-2024-29044,Microsoft OLE DB Driver for SQL Server Remote Code Execution Vulnerability,2.8,,,15.0.2000.5,CIPLL21-OFFICE,*,Claimpower,Microsoft Corporation_Microsoft System CLR Types for SQL Server 2019_15.0.2000.5_x64_
SQL Server 2019,CVE-2024-29045,Microsoft,High,CVSS:3.1/AV:N/AC:H/PR:N/UI:R/S:U/C:H/I:H/A:H,No,04/09/24 17:15:00,7.5,01/19/26 07:30:33,0,N/A,https://www.vicarius.io/vsociety/vulnerabilities/358564/CVE-2024-29045,Microsoft OLE DB Driver for SQL Server Remote Code Execution Vulnerability,1.6,,,15.0.2000.5,CIPLL21-OFFICE,*,Claimpower,Microsoft Corporation_Microsoft System CLR Types for SQL Server 2019_15.0.2000.5_x64_
SQL Server 2019,CVE-2024-29046,Microsoft,High,CVSS:3.1/AV:N/AC:L/PR:N/UI:R/S:U/C:H/I:H/A:H,No,04/09/24 17:15:00,8.8,01/19/26 07:30:33,0,N/A,https://www.vicarius.io/vsociety/vulnerabilities/358563/CVE-2024-29046,Microsoft OLE DB Driver for SQL Server Remote Code Execution Vulnerability,2.8,,,15.0.2000.5,CIPLL21-OFFICE,*,Claimpower,Microsoft Corporation_Microsoft System CLR Types for SQL Server 2019_15.0.2000.5_x64_
SQL Server 2019,CVE-2024-29048,Microsoft,High,CVSS:3.1/AV:N/AC:L/PR:N/UI:R/S:U/C:H/I:H/A:H,No,04/09/24 17:15:00,8.8,01/19/26 07:30:33,0,N/A,https://www.vicarius.io/vsociety/vulnerabilities/358561/CVE-2024-29048,Microsoft OLE DB Driver for SQL Server Remote Code Execution Vulnerability,2.8,,,15.0.2000.5,CIPLL21-OFFICE,*,Claimpower,Microsoft Corporation_Microsoft System CLR Types for SQL Server 2019_15.0.2000.5_x64_
SQL Server 2022,CVE-2026-20803,Microsoft,High,CVSS:3.1/AV:N/AC:L/PR:H/UI:N/S:U/C:H/I:H/A:H,No,01/13/26 18:16:00,7.2,01/19/26 07:10:10,0,N/A,https://www.vicarius.io/vsociety/vulnerabilities/441079/CVE-2026-20803,Missing authentication for critical function in SQL Server allows an authorized attacker to elevate privileges over a network.,1.2,,,16.0.1000.6,CIPLL15-TECHCAB,*,Claimpower,Microsoft Corporation_Browser for SQL Server 2022_16.0.1000.6_x64_
7-ZIP,CVE-2025-53817,7-ZIP,High,CVSS:3.1/AV:N/AC:L/PR:N/UI:N/S:U/C:N/I:N/A:H,No,07/17/25 19:15:00,7.5,01/19/26 08:24:02,0,N/A,https://www.vicarius.io/vsociety/vulnerabilities/415639/CVE-2025-53817,"7-Zip is a file archiver with a high compression ratio. 7-Zip supports extracting from Compound Documents. Prior to version 25.0.0, a null pointer dereference in the Compound handler may lead to denial of service. Version 25.0.0 contains a fix cor the issue.",3.9,,,23.01,CIPLL13-DEEPAK,*,Claimpower,Igor Pavlov_7-Zip 23.01 (x64 edition)_23.01.00.0_x64_
SQL Server 2019,CVE-2025-49719,Microsoft,High,CVSS:3.1/AV:N/AC:L/PR:N/UI:N/S:U/C:H/I:N/A:N,No,07/08/25 17:15:00,7.5,01/19/26 07:30:09,0,N/A,https://www.vicarius.io/vsociety/vulnerabilities/414337/CVE-2025-49719,Improper input validation in SQL Server allows an unauthorized attacker to disclose information over a network.,3.9,,,15.0.4382.1,CIPLL21-OFFICE,*,Claimpower,Microsoft Corporation_Microsoft SQL Server 2019 LocalDB _15.0.4382.1_x64_
Asp.net Core,CVE-2025-24070,Microsoft,High,CVSS:3.1/AV:N/AC:H/PR:N/UI:N/S:U/C:L/I:L/A:H,No,03/11/25 17:16:00,7,01/19/26 07:24:38,0,N/A,https://www.vicarius.io/vsociety/vulnerabilities/397848/CVE-2025-24070,Weak authentication in ASP.NET Core &amp. Visual Studio allows an unauthorized attacker to elevate privileges over a network.,2.2,,,8.0.6,CIPLMD34,*,Claimpower,Microsoft Corporation_Microsoft ASP.NET Core 8.0.6 Targeting Pack (x64)_8.0.6.24269_x64_
SQL Server 2019,CVE-2025-24999,Microsoft,High,CVSS:3.1/AV:N/AC:L/PR:L/UI:N/S:U/C:H/I:H/A:H,No,08/12/25 18:15:00,8.8,01/19/26 07:30:09,0,N/A,https://www.vicarius.io/vsociety/vulnerabilities/418542/CVE-2025-24999,Improper access control in SQL Server allows an authorized attacker to elevate privileges over a network.,2.8,,,15.0.4382.1,CIPLL21-OFFICE,*,Claimpower,Microsoft Corporation_Microsoft SQL Server 2019 LocalDB _15.0.4382.1_x64_
Asp.net Core,CVE-2025-55315,Microsoft,Critical,CVSS:3.1/AV:N/AC:L/PR:L/UI:N/S:C/C:H/I:H/A:L,No,10/14/25 17:15:00,9.9,01/19/26 07:26:37,0,N/A,https://www.vicarius.io/vsociety/vulnerabilities/427498/CVE-2025-55315,Inconsistent interpretation of http requests (http request/response smuggling) in ASP.NET Core allows an authorized attacker to bypass a security feature over a network.,3.1,,,8.0.6,CIPLMD14,*,Claimpower,Microsoft Corporation_Microsoft ASP.NET Core 8.0.6 Targeting Pack (x64)_8.0.6.24269_x64_
SQL Server 2019,CVE-2025-59499,Microsoft,High,CVSS:3.1/AV:N/AC:L/PR:L/UI:N/S:U/C:H/I:H/A:H,No,11/11/25 18:15:00,8.8,01/19/26 07:07:44,0,N/A,https://www.vicarius.io/vsociety/vulnerabilities/431418/CVE-2025-59499,Improper neutralization of special elements used in an sql command (sql injection) in SQL Server allows an authorized attacker to elevate privileges over a network.,2.8,,,15.0.4382.1,CIPLL15-TECHCAB,*,Claimpower,Microsoft Corporation_Microsoft SQL Server 2019 LocalDB _15.0.4382.1_x64_
7-ZIP,CVE-2025-53816,7-ZIP,High,CVSS:3.1/AV:N/AC:L/PR:N/UI:N/S:U/C:N/I:N/A:H,No,07/17/25 19:15:00,7.5,01/19/26 08:24:02,0,N/A,https://www.vicarius.io/vsociety/vulnerabilities/415640/CVE-2025-53816,7-Zip is a file archiver with a high compression ratio. Zeroes written outside heap buffer in RAR5 handler may lead to memory corruption and denial of service in versions of 7-Zip prior to 25.0.0. Version 25.0.0 contains a fix for the issue.,3.9,,,23.01,CIPLL13-DEEPAK,*,Claimpower,Igor Pavlov_7-Zip 23.01 (x64 edition)_23.01.00.0_x64_
SQL Server 2019,CVE-2025-49759,Microsoft,High,CVSS:3.1/AV:N/AC:L/PR:L/UI:N/S:U/C:H/I:H/A:H,No,08/12/25 18:15:00,8.8,01/19/26 07:30:09,0,N/A,https://www.vicarius.io/vsociety/vulnerabilities/418520/CVE-2025-49759,Improper neutralization of special elements used in an sql command (sql injection) in SQL Server allows an authorized attacker to elevate privileges over a network.,2.8,,,15.0.4382.1,CIPLL21-OFFICE,*,Claimpower,Microsoft Corporation_Microsoft SQL Server 2019 LocalDB _15.0.4382.1_x64_
Asp.net Core,CVE-2025-26682,Microsoft,High,CVSS:3.1/AV:N/AC:L/PR:N/UI:N/S:U/C:N/I:N/A:H,No,04/08/25 18:15:00,7.5,01/19/26 07:10:50,0,N/A,https://www.vicarius.io/vsociety/vulnerabilities/402445/CVE-2025-26682,Allocation of resources without limits or throttling in ASP.NET Core allows an unauthorized attacker to deny service over a network.,3.9,,,8.0.6,CIPLL08-SACHIN,*,Claimpower,Microsoft Corporation_Microsoft ASP.NET Core 8.0.6 Targeting Pack (x64)_8.0.6.24269_x64_
SQL Server 2019,CVE-2025-49758,Microsoft,High,CVSS:3.1/AV:N/AC:L/PR:L/UI:N/S:U/C:H/I:H/A:H,No,08/12/25 18:15:00,8.8,01/19/26 07:30:09,0,N/A,https://www.vicarius.io/vsociety/vulnerabilities/418521/CVE-2025-49758,Improper neutralization of special elements used in an sql command (sql injection) in SQL Server allows an authorized attacker to elevate privileges over a network.,2.8,,,15.0.4382.1,CIPLL21-OFFICE,*,Claimpower,Microsoft Corporation_Microsoft SQL Server 2019 LocalDB _15.0.4382.1_x64_
Asp.net Core,CVE-2025-55315,Microsoft,Critical,CVSS:3.1/AV:N/AC:L/PR:L/UI:N/S:C/C:H/I:H/A:L,No,10/14/25 17:15:00,9.9,01/19/26 07:08:41,0,N/A,https://www.vicarius.io/vsociety/vulnerabilities/427498/CVE-2025-55315,Inconsistent interpretation of http requests (http request/response smuggling) in ASP.NET Core allows an authorized attacker to bypass a security feature over a network.,3.1,,,8.0.6,CIPLLP-MEGHNA,*,Claimpower,Microsoft Corporation_Microsoft ASP.NET Core 8.0.6 Targeting Pack (x64)_8.0.6.24269_x64_
SQL Server 2022,CVE-2024-29985,Microsoft,High,CVSS:3.1/AV:N/AC:L/PR:N/UI:R/S:U/C:H/I:H/A:H,No,04/09/24 17:16:00,8.8,01/19/26 08:49:21,0,N/A,https://www.vicarius.io/vsociety/vulnerabilities/358545/CVE-2024-29985,Microsoft OLE DB Driver for SQL Server Remote Code Execution Vulnerability,2.8,,,16.0.1000.6,CIPLL23-SWAPNIL,*,Claimpower,Microsoft Corporation_Browser for SQL Server 2022_16.0.1000.6_x64_
Asp.net Core,CVE-2025-26682,Microsoft,High,CVSS:3.1/AV:N/AC:L/PR:N/UI:N/S:U/C:N/I:N/A:H,No,04/08/25 18:15:00,7.5,01/19/26 07:08:41,0,N/A,https://www.vicarius.io/vsociety/vulnerabilities/402445/CVE-2025-26682,Allocation of resources without limits or throttling in ASP.NET Core allows an unauthorized attacker to deny service over a network.,3.9,,,8.0.6,CIPLLP-MEGHNA,*,Claimpower,Microsoft Corporation_Microsoft ASP.NET Core 8.0.6 Targeting Pack (x64)_8.0.6.24269_x64_
SQL Server 2022,CVE-2024-29983,Microsoft,High,CVSS:3.1/AV:N/AC:L/PR:N/UI:R/S:U/C:H/I:H/A:H,No,04/09/24 17:16:00,8.8,01/19/26 08:49:21,0,N/A,https://www.vicarius.io/vsociety/vulnerabilities/358547/CVE-2024-29983,Microsoft OLE DB Driver for SQL Server Remote Code Execution Vulnerability,2.8,,,16.0.1000.6,CIPLL23-SWAPNIL,*,Claimpower,Microsoft Corporation_Browser for SQL Server 2022_16.0.1000.6_x64_
SQL Server 2022,CVE-2024-29984,Microsoft,High,CVSS:3.1/AV:N/AC:L/PR:N/UI:R/S:U/C:H/I:H/A:H,No,04/09/24 17:16:00,8.8,01/19/26 08:49:21,0,N/A,https://www.vicarius.io/vsociety/vulnerabilities/358546/CVE-2024-29984,Microsoft OLE DB Driver for SQL Server Remote Code Execution Vulnerability,2.8,,,16.0.1000.6,CIPLL23-SWAPNIL,*,Claimpower,Microsoft Corporation_Browser for SQL Server 2022_16.0.1000.6_x64_
SQL Server 2022,CVE-2024-29982,Microsoft,High,CVSS:3.1/AV:N/AC:L/PR:N/UI:R/S:U/C:H/I:H/A:H,No,04/09/24 17:16:00,8.8,01/19/26 08:49:21,0,N/A,https://www.vicarius.io/vsociety/vulnerabilities/358548/CVE-2024-29982,Microsoft OLE DB Driver for SQL Server Remote Code Execution Vulnerability,2.8,,,16.0.1000.6,CIPLL23-SWAPNIL,*,Claimpower,Microsoft Corporation_Browser for SQL Server 2022_16.0.1000.6_x64_
Asp.net Core,CVE-2025-26682,Microsoft,High,CVSS:3.1/AV:N/AC:L/PR:N/UI:N/S:U/C:N/I:N/A:H,No,04/08/25 18:15:00,7.5,01/19/26 07:26:37,0,N/A,https://www.vicarius.io/vsociety/vulnerabilities/402445/CVE-2025-26682,Allocation of resources without limits or throttling in ASP.NET Core allows an unauthorized attacker to deny service over a network.,3.9,,,8.0.6,CIPLMD14,*,Claimpower,Microsoft Corporation_Microsoft ASP.NET Core 8.0.6 Targeting Pack (x64)_8.0.6.24269_x64_
.NET,CVE-2021-27434,Microsoft,High,CVSS:3.1/AV:N/AC:L/PR:N/UI:N/S:U/C:H/I:N/A:N,No,05/20/21 14:15:00,7.5,01/19/26 07:20:34,5,N/A,https://www.vicarius.io/vsociety/vulnerabilities/277232/CVE-2021-27434,"Products with Unified Automation .NET based OPC UA Client/Server SDK Bundle: Versions V3.0.7 and prior (.NET 4.5, 4.0, and 3.5 Framework versions only) are vulnerable to an uncontrolled recursion, which may allow an attacker to trigger a stack overflow.",3.9,,,4.0,CIPLMD34,*,Claimpower,Microsoft_.NET Framework 4.0 Full_4.0_x64_
SQL Server 2019,CVE-2025-49718,Microsoft,High,CVSS:3.1/AV:N/AC:L/PR:N/UI:N/S:U/C:H/I:N/A:N,No,07/08/25 17:15:00,7.5,01/19/26 07:30:09,0,N/A,https://www.vicarius.io/vsociety/vulnerabilities/414338/CVE-2025-49718,Use of uninitialized resource in SQL Server allows an unauthorized attacker to disclose information over a network.,3.9,,,15.0.4382.1,CIPLL21-OFFICE,*,Claimpower,Microsoft Corporation_Microsoft SQL Server 2019 LocalDB _15.0.4382.1_x64_
SQL Server 2019,CVE-2024-28926,Microsoft,High,CVSS:3.1/AV:N/AC:L/PR:N/UI:R/S:U/C:H/I:H/A:H,No,04/09/24 17:15:00,8.8,01/19/26 07:30:33,0,N/A,https://www.vicarius.io/vsociety/vulnerabilities/358585/CVE-2024-28926,Microsoft OLE DB Driver for SQL Server Remote Code Execution Vulnerability,2.8,,,15.0.2000.5,CIPLL21-OFFICE,*,Claimpower,Microsoft Corporation_Microsoft System CLR Types for SQL Server 2019_15.0.2000.5_x64_
SQL Server 2019,CVE-2025-49717,Microsoft,High,CVSS:3.1/AV:N/AC:H/PR:L/UI:N/S:C/C:H/I:H/A:H,No,07/08/25 17:15:00,8.5,01/19/26 07:30:09,0,N/A,https://www.vicarius.io/vsociety/vulnerabilities/414339/CVE-2025-49717,Heap-based buffer overflow in SQL Server allows an authorized attacker to execute code over a network.,1.8,,,15.0.4382.1,CIPLL21-OFFICE,*,Claimpower,Microsoft Corporation_Microsoft SQL Server 2019 LocalDB _15.0.4382.1_x64_
SQL Server 2019,CVE-2024-28927,Microsoft,High,CVSS:3.1/AV:N/AC:L/PR:N/UI:R/S:U/C:H/I:H/A:H,No,04/09/24 17:15:00,8.8,01/19/26 07:30:33,0,N/A,https://www.vicarius.io/vsociety/vulnerabilities/358584/CVE-2024-28927,Microsoft OLE DB Driver for SQL Server Remote Code Execution Vulnerability,2.8,,,15.0.2000.5,CIPLL21-OFFICE,*,Claimpower,Microsoft Corporation_Microsoft System CLR Types for SQL Server 2019_15.0.2000.5_x64_
SQL Server 2019,CVE-2025-47997,Microsoft,Medium,CVSS:3.1/AV:N/AC:L/PR:L/UI:N/S:U/C:H/I:N/A:N,No,09/09/25 17:15:00,6.5,01/19/26 07:30:09,0,N/A,https://www.vicarius.io/vsociety/vulnerabilities/422165/CVE-2025-47997,Concurrent execution using shared resource with improper synchronization (race condition) in SQL Server allows an authorized attacker to disclose information over a network.,2.8,,,15.0.4382.1,CIPLL21-OFFICE,*,Claimpower,Microsoft Corporation_Microsoft SQL Server 2019 LocalDB _15.0.4382.1_x64_
Asp.net Core,CVE-2025-55315,Microsoft,Critical,CVSS:3.1/AV:N/AC:L/PR:L/UI:N/S:C/C:H/I:H/A:L,No,10/14/25 17:15:00,9.9,01/19/26 08:24:02,0,N/A,https://www.vicarius.io/vsociety/vulnerabilities/427498/CVE-2025-55315,Inconsistent interpretation of http requests (http request/response smuggling) in ASP.NET Core allows an authorized attacker to bypass a security feature over a network.,3.1,,,8.0.6,CIPLL13-DEEPAK,*,Claimpower,Microsoft Corporation_Microsoft ASP.NET Core 8.0.6 Targeting Pack (x64)_8.0.6.24269_x64_
SQL Server 2019,CVE-2025-53727,Microsoft,High,CVSS:3.1/AV:N/AC:L/PR:L/UI:N/S:U/C:H/I:H/A:H,No,08/12/25 18:15:00,8.8,01/19/26 07:30:09,0,N/A,https://www.vicarius.io/vsociety/vulnerabilities/418461/CVE-2025-53727,Improper neutralization of special elements used in an sql command (sql injection) in SQL Server allows an authorized attacker to elevate privileges over a network.,2.8,,,15.0.4382.1,CIPLL21-OFFICE,*,Claimpower,Microsoft Corporation_Microsoft SQL Server 2019 LocalDB _15.0.4382.1_x64_
Asp.net Core,CVE-2025-26682,Microsoft,High,CVSS:3.1/AV:N/AC:L/PR:N/UI:N/S:U/C:N/I:N/A:H,No,04/08/25 18:15:00,7.5,01/19/26 08:24:02,0,N/A,https://www.vicarius.io/vsociety/vulnerabilities/402445/CVE-2025-26682,Allocation of resources without limits or throttling in ASP.NET Core allows an unauthorized attacker to deny service over a network.,3.9,,,8.0.6,CIPLL13-DEEPAK,*,Claimpower,Microsoft Corporation_Microsoft ASP.NET Core 8.0.6 Targeting Pack (x64)_8.0.6.24269_x64_
SQL Server 2019,CVE-2024-29982,Microsoft,High,CVSS:3.1/AV:N/AC:L/PR:N/UI:R/S:U/C:H/I:H/A:H,No,04/09/24 17:16:00,8.8,01/19/26 07:30:33,0,N/A,https://www.vicarius.io/vsociety/vulnerabilities/358548/CVE-2024-29982,Microsoft OLE DB Driver for SQL Server Remote Code Execution Vulnerability,2.8,,,15.0.2000.5,CIPLL21-OFFICE,*,Claimpower,Microsoft Corporation_Microsoft System CLR Types for SQL Server 2019_15.0.2000.5_x64_
SQL Server 2019,CVE-2024-29983,Microsoft,High,CVSS:3.1/AV:N/AC:L/PR:N/UI:R/S:U/C:H/I:H/A:H,No,04/09/24 17:16:00,8.8,01/19/26 07:30:33,0,N/A,https://www.vicarius.io/vsociety/vulnerabilities/358547/CVE-2024-29983,Microsoft OLE DB Driver for SQL Server Remote Code Execution Vulnerability,2.8,,,15.0.2000.5,CIPLL21-OFFICE,*,Claimpower,Microsoft Corporation_Microsoft System CLR Types for SQL Server 2019_15.0.2000.5_x64_
SQL Server 2019,CVE-2024-29984,Microsoft,High,CVSS:3.1/AV:N/AC:L/PR:N/UI:R/S:U/C:H/I:H/A:H,No,04/09/24 17:16:00,8.8,01/19/26 07:30:33,0,N/A,https://www.vicarius.io/vsociety/vulnerabilities/358546/CVE-2024-29984,Microsoft OLE DB Driver for SQL Server Remote Code Execution Vulnerability,2.8,,,15.0.2000.5,CIPLL21-OFFICE,*,Claimpower,Microsoft Corporation_Microsoft System CLR Types for SQL Server 2019_15.0.2000.5_x64_
SQL Server 2019,CVE-2024-29985,Microsoft,High,CVSS:3.1/AV:N/AC:L/PR:N/UI:R/S:U/C:H/I:H/A:H,No,04/09/24 17:16:00,8.8,01/19/26 07:30:33,0,N/A,https://www.vicarius.io/vsociety/vulnerabilities/358545/CVE-2024-29985,Microsoft OLE DB Driver for SQL Server Remote Code Execution Vulnerability,2.8,,,15.0.2000.5,CIPLL21-OFFICE,*,Claimpower,Microsoft Corporation_Microsoft System CLR Types for SQL Server 2019_15.0.2000.5_x64_
Asp.net Core,CVE-2025-55315,Microsoft,Critical,CVSS:3.1/AV:N/AC:L/PR:L/UI:N/S:C/C:H/I:H/A:L,No,10/14/25 17:15:00,9.9,01/19/26 07:10:50,0,N/A,https://www.vicarius.io/vsociety/vulnerabilities/427498/CVE-2025-55315,Inconsistent interpretation of http requests (http request/response smuggling) in ASP.NET Core allows an authorized attacker to bypass a security feature over a network.,3.1,,,8.0.6,CIPLL08-SACHIN,*,Claimpower,Microsoft Corporation_Microsoft ASP.NET Core 8.0.6 Targeting Pack (x64)_8.0.6.24269_x64_
Asp.net Core,CVE-2025-24070,Microsoft,High,CVSS:3.1/AV:N/AC:H/PR:N/UI:N/S:U/C:L/I:L/A:H,No,03/11/25 17:16:00,7,01/19/26 07:08:41,0,N/A,https://www.vicarius.io/vsociety/vulnerabilities/397848/CVE-2025-24070,Weak authentication in ASP.NET Core &amp. Visual Studio allows an unauthorized attacker to elevate privileges over a network.,2.2,,,8.0.6,CIPLLP-MEGHNA,*,Claimpower,Microsoft Corporation_Microsoft ASP.NET Core 8.0.6 Targeting Pack (x64)_8.0.6.24269_x64_
.NET,CVE-2021-27434,Microsoft,High,CVSS:3.1/AV:N/AC:L/PR:N/UI:N/S:U/C:H/I:N/A:N,No,05/20/21 14:15:00,7.5,01/19/26 07:28:14,5,N/A,https://www.vicarius.io/vsociety/vulnerabilities/277232/CVE-2021-27434,"Products with Unified Automation .NET based OPC UA Client/Server SDK Bundle: Versions V3.0.7 and prior (.NET 4.5, 4.0, and 3.5 Framework versions only) are vulnerable to an uncontrolled recursion, which may allow an attacker to trigger a stack overflow.",3.9,,,4.0,CIPLL03-OFFICE,*,Claimpower,Microsoft_.NET Framework 4.0 Full_4.0_x64_
.NET,CVE-2021-27434,Microsoft,High,CVSS:3.1/AV:N/AC:L/PR:N/UI:N/S:U/C:H/I:N/A:N,No,05/20/21 14:15:00,7.5,01/19/26 07:29:21,5,N/A,https://www.vicarius.io/vsociety/vulnerabilities/277232/CVE-2021-27434,"Products with Unified Automation .NET based OPC UA Client/Server SDK Bundle: Versions V3.0.7 and prior (.NET 4.5, 4.0, and 3.5 Framework versions only) are vulnerable to an uncontrolled recursion, which may allow an attacker to trigger a stack overflow.",3.9,,,4.0,CIPLL21-OFFICE,*,Claimpower,Microsoft_.NET Framework 4.0 Full_4.0_x64_
SQL Server 2019,CVE-2025-53727,Microsoft,High,CVSS:3.1/AV:N/AC:L/PR:L/UI:N/S:U/C:H/I:H/A:H,No,08/12/25 18:15:00,8.8,01/19/26 07:07:44,0,N/A,https://www.vicarius.io/vsociety/vulnerabilities/418461/CVE-2025-53727,Improper neutralization of special elements used in an sql command (sql injection) in SQL Server allows an authorized attacker to elevate privileges over a network.,2.8,,,15.0.4382.1,CIPLL15-TECHCAB,*,Claimpower,Microsoft Corporation_Microsoft SQL Server 2019 LocalDB _15.0.4382.1_x64_
Asp.net Core,CVE-2025-55315,Microsoft,Critical,CVSS:3.1/AV:N/AC:L/PR:L/UI:N/S:C/C:H/I:H/A:L,No,10/14/25 17:15:00,9.9,01/19/26 07:29:06,0,N/A,https://www.vicarius.io/vsociety/vulnerabilities/427498/CVE-2025-55315,Inconsistent interpretation of http requests (http request/response smuggling) in ASP.NET Core allows an authorized attacker to bypass a security feature over a network.,3.1,,,8.0.6,CIPLL03-OFFICE,*,Claimpower,Microsoft Corporation_Microsoft ASP.NET Core 8.0.6 Targeting Pack (x64)_8.0.6.24269_x64_
Asp.net Core,CVE-2025-26682,Microsoft,High,CVSS:3.1/AV:N/AC:L/PR:N/UI:N/S:U/C:N/I:N/A:H,No,04/08/25 18:15:00,7.5,01/19/26 07:29:06,0,N/A,https://www.vicarius.io/vsociety/vulnerabilities/402445/CVE-2025-26682,Allocation of resources without limits or throttling in ASP.NET Core allows an unauthorized attacker to deny service over a network.,3.9,,,8.0.6,CIPLL03-OFFICE,*,Claimpower,Microsoft Corporation_Microsoft ASP.NET Core 8.0.6 Targeting Pack (x64)_8.0.6.24269_x64_
SQL Server 2022,CVE-2025-47954,Microsoft,High,CVSS:3.1/AV:N/AC:L/PR:L/UI:N/S:U/C:H/I:H/A:H,No,08/12/25 18:15:00,8.8,01/19/26 07:10:10,0,N/A,https://www.vicarius.io/vsociety/vulnerabilities/418537/CVE-2025-47954,Improper neutralization of special elements used in an sql command (sql injection) in SQL Server allows an authorized attacker to elevate privileges over a network.,2.8,,,16.0.1000.6,CIPLL15-TECHCAB,*,Claimpower,Microsoft Corporation_Browser for SQL Server 2022_16.0.1000.6_x64_
Asp.net Core,CVE-2025-24070,Microsoft,High,CVSS:3.1/AV:N/AC:H/PR:N/UI:N/S:U/C:L/I:L/A:H,No,03/11/25 17:16:00,7,01/19/26 08:24:02,0,N/A,https://www.vicarius.io/vsociety/vulnerabilities/397848/CVE-2025-24070,Weak authentication in ASP.NET Core &amp. Visual Studio allows an unauthorized attacker to elevate privileges over a network.,2.2,,,8.0.6,CIPLL13-DEEPAK,*,Claimpower,Microsoft Corporation_Microsoft ASP.NET Core 8.0.6 Targeting Pack (x64)_8.0.6.24269_x64_
.NET,CVE-2021-27434,Microsoft,High,CVSS:3.1/AV:N/AC:L/PR:N/UI:N/S:U/C:H/I:N/A:N,No,05/20/21 14:15:00,7.5,01/19/26 04:46:34,5,N/A,https://www.vicarius.io/vsociety/vulnerabilities/277232/CVE-2021-27434,"Products with Unified Automation .NET based OPC UA Client/Server SDK Bundle: Versions V3.0.7 and prior (.NET 4.5, 4.0, and 3.5 Framework versions only) are vulnerable to an uncontrolled recursion, which may allow an attacker to trigger a stack overflow.",3.9,,,4.0,CIPLLP-VARSHA,*,Claimpower,Microsoft_.NET Framework 4.0 Full_4.0_x64_
.NET,CVE-2021-27434,Microsoft,High,CVSS:3.1/AV:N/AC:L/PR:N/UI:N/S:U/C:H/I:N/A:N,No,05/20/21 14:15:00,7.5,01/18/26 23:30:37,5,N/A,https://www.vicarius.io/vsociety/vulnerabilities/277232/CVE-2021-27434,"Products with Unified Automation .NET based OPC UA Client/Server SDK Bundle: Versions V3.0.7 and prior (.NET 4.5, 4.0, and 3.5 Framework versions only) are vulnerable to an uncontrolled recursion, which may allow an attacker to trigger a stack overflow.",3.9,,,4.0,CIPLL36-PRABHAK,*,Claimpower,Microsoft_.NET Framework 4.0 Full_4.0_x64_
Asp.net Core,CVE-2025-24070,Microsoft,High,CVSS:3.1/AV:N/AC:H/PR:N/UI:N/S:U/C:L/I:L/A:H,No,03/11/25 17:16:00,7,01/19/26 02:13:39,0,N/A,https://www.vicarius.io/vsociety/vulnerabilities/397848/CVE-2025-24070,Weak authentication in ASP.NET Core &amp. Visual Studio allows an unauthorized attacker to elevate privileges over a network.,2.2,,,8.0.6,CIPLL38-ANKUR,*,Claimpower,Microsoft Corporation_Microsoft ASP.NET Core 8.0.6 Targeting Pack (x64)_8.0.6.24269_x64_
Asp.net Core,CVE-2025-24070,Microsoft,High,CVSS:3.1/AV:N/AC:H/PR:N/UI:N/S:U/C:L/I:L/A:H,No,03/11/25 17:16:00,7,01/18/26 13:21:30,0,N/A,https://www.vicarius.io/vsociety/vulnerabilities/397848/CVE-2025-24070,Weak authentication in ASP.NET Core &amp. Visual Studio allows an unauthorized attacker to elevate privileges over a network.,2.2,,,8.0.6,CIPLL04-RAJI,*,Claimpower,Microsoft Corporation_Microsoft ASP.NET Core 8.0.6 Targeting Pack (x64)_8.0.6.24269_x64_
Windows 11,CVE-2026-20804,Microsoft,High,CVSS:3.1/AV:L/AC:L/PR:N/UI:N/S:U/C:H/I:H/A:N,No,01/13/26 18:16:00,7.7,01/17/26 10:29:42,0,N/A,https://www.vicarius.io/vsociety/vulnerabilities/441078/CVE-2026-20804,Incorrect privilege assignment in Windows Hello allows an unauthorized attacker to perform tampering locally.,2.5,,*,24H2,CIPLMD10,*,Claimpower,Microsoft_Microsoft Windows 11 Pro_24H2_x64_
.NET,CVE-2021-27434,Microsoft,High,CVSS:3.1/AV:N/AC:L/PR:N/UI:N/S:U/C:H/I:N/A:N,No,05/20/21 14:15:00,7.5,01/18/26 13:34:14,5,N/A,https://www.vicarius.io/vsociety/vulnerabilities/277232/CVE-2021-27434,"Products with Unified Automation .NET based OPC UA Client/Server SDK Bundle: Versions V3.0.7 and prior (.NET 4.5, 4.0, and 3.5 Framework versions only) are vulnerable to an uncontrolled recursion, which may allow an attacker to trigger a stack overflow.",3.9,,,4.0,CIPLLP-SMITA,*,Claimpower,Microsoft_.NET Framework 4.0 Full_4.0_x64_
Opera Browser,CVE-2008-7297,Opera,Medium,,No,08/09/11 19:55:00,0,09/16/25 14:50:49,5.8,N/A,https://www.vicarius.io/vsociety/vulnerabilities/136246/CVE-2008-7297,"Opera cannot properly restrict modifications to cookies established in HTTPS sessions, which allows man-in-the-middle attackers to overwrite or delete arbitrary cookies via a Set-Cookie header in an HTTP response, related to lack of the HTTP Strict Transport Security (HSTS) includeSubDomains feature, aka a cookie forcing issue.",0,,,58.0.3135.79,CIPLLP-SHRUTIKA,*,Claimpower,Opera Software_Opera Stable 58.0.3135.79_58.0.3135.79_x64_
Windows 11,CVE-2026-20811,Microsoft,High,CVSS:3.1/AV:L/AC:L/PR:L/UI:N/S:U/C:H/I:H/A:H,No,01/13/26 18:16:00,7.8,01/17/26 10:29:42,0,N/A,https://www.vicarius.io/vsociety/vulnerabilities/441073/CVE-2026-20811,Access of resource using incompatible type (type confusion) in Windows Win32K - ICOMP allows an authorized attacker to elevate privileges locally.,1.8,,*,24H2,CIPLMD10,*,Claimpower,Microsoft_Microsoft Windows 11 Pro_24H2_x64_
Windows 11,CVE-2026-20809,Microsoft,High,CVSS:3.1/AV:L/AC:L/PR:L/UI:N/S:U/C:H/I:H/A:H,No,01/13/26 18:16:00,7.8,01/17/26 10:29:42,0,N/A,https://www.vicarius.io/vsociety/vulnerabilities/441075/CVE-2026-20809,Time-of-check time-of-use (toctou) race condition in Windows Kernel Memory allows an authorized attacker to elevate privileges locally.,1.8,,*,24H2,CIPLMD10,*,Claimpower,Microsoft_Microsoft Windows 11 Pro_24H2_x64_
Windows 11,CVE-2026-20808,Microsoft,High,CVSS:3.1/AV:L/AC:H/PR:L/UI:N/S:U/C:H/I:H/A:H,No,01/13/26 18:16:00,7,01/17/26 10:29:42,0,N/A,https://www.vicarius.io/vsociety/vulnerabilities/441076/CVE-2026-20808,Concurrent execution using shared resource with improper synchronization (race condition) in Printer Association Object allows an authorized attacker to elevate privileges locally.,1,,*,24H2,CIPLMD10,*,Claimpower,Microsoft_Microsoft Windows 11 Pro_24H2_x64_
Windows 11,CVE-2026-20805,Microsoft,Medium,CVSS:3.1/AV:L/AC:L/PR:L/UI:N/S:U/C:H/I:N/A:N,Yes,01/13/26 18:16:00,5.5,01/17/26 10:29:42,0,N/A,https://www.vicarius.io/vsociety/vulnerabilities/441077/CVE-2026-20805,Exposure of sensitive information to an unauthorized actor in Desktop Windows Manager allows an authorized attacker to disclose information locally.,1.8,,*,24H2,CIPLMD10,*,Claimpower,Microsoft_Microsoft Windows 11 Pro_24H2_x64_
Asp.net Core,CVE-2025-55315,Microsoft,Critical,CVSS:3.1/AV:N/AC:L/PR:L/UI:N/S:C/C:H/I:H/A:L,No,10/14/25 17:15:00,9.9,01/18/26 23:29:55,0,N/A,https://www.vicarius.io/vsociety/vulnerabilities/427498/CVE-2025-55315,Inconsistent interpretation of http requests (http request/response smuggling) in ASP.NET Core allows an authorized attacker to bypass a security feature over a network.,3.1,,,8.0.6,CIPLL36-PRABHAK,*,Claimpower,Microsoft Corporation_Microsoft ASP.NET Core 8.0.6 Targeting Pack (x64)_8.0.6.24269_x64_
Windows 11,CVE-2026-20817,Microsoft,High,CVSS:3.1/AV:L/AC:L/PR:L/UI:N/S:U/C:H/I:H/A:H,No,01/13/26 18:16:00,7.8,01/17/26 10:29:42,0,N/A,https://www.vicarius.io/vsociety/vulnerabilities/441068/CVE-2026-20817,Improper handling of insufficient permissions or privileges in Windows Error Reporting allows an authorized attacker to elevate privileges locally.,1.8,,*,24H2,CIPLMD10,*,Claimpower,Microsoft_Microsoft Windows 11 Pro_24H2_x64_
Windows 11,CVE-2026-20816,Microsoft,High,CVSS:3.1/AV:L/AC:L/PR:L/UI:N/S:U/C:H/I:H/A:H,No,01/13/26 18:16:00,7.8,01/17/26 10:29:42,0,N/A,https://www.vicarius.io/vsociety/vulnerabilities/441069/CVE-2026-20816,Time-of-check time-of-use (toctou) race condition in Windows Installer allows an authorized attacker to elevate privileges locally.,1.8,,*,24H2,CIPLMD10,*,Claimpower,Microsoft_Microsoft Windows 11 Pro_24H2_x64_
Windows 11,CVE-2026-20815,Microsoft,High,CVSS:3.1/AV:L/AC:H/PR:L/UI:N/S:U/C:H/I:H/A:H,No,01/13/26 18:16:00,7,01/17/26 10:29:42,0,N/A,https://www.vicarius.io/vsociety/vulnerabilities/441070/CVE-2026-20815,Concurrent execution using shared resource with improper synchronization (race condition) in Capability Access Management Service (camsvc) allows an authorized attacker to elevate privileges locally.,1,,*,24H2,CIPLMD10,*,Claimpower,Microsoft_Microsoft Windows 11 Pro_24H2_x64_
.NET,CVE-2021-27434,Microsoft,High,CVSS:3.1/AV:N/AC:L/PR:N/UI:N/S:U/C:H/I:N/A:N,No,05/20/21 14:15:00,7.5,10/24/25 23:25:29,5,N/A,https://www.vicarius.io/vsociety/vulnerabilities/277232/CVE-2021-27434,"Products with Unified Automation .NET based OPC UA Client/Server SDK Bundle: Versions V3.0.7 and prior (.NET 4.5, 4.0, and 3.5 Framework versions only) are vulnerable to an uncontrolled recursion, which may allow an attacker to trigger a stack overflow.",3.9,,,4.0,CIPLMD01,*,Claimpower,Microsoft_.NET Framework 4.0 Full_4.0_x64_
.NET,CVE-2021-27434,Microsoft,High,CVSS:3.1/AV:N/AC:L/PR:N/UI:N/S:U/C:H/I:N/A:N,No,05/20/21 14:15:00,7.5,01/18/26 17:05:40,5,N/A,https://www.vicarius.io/vsociety/vulnerabilities/277232/CVE-2021-27434,"Products with Unified Automation .NET based OPC UA Client/Server SDK Bundle: Versions V3.0.7 and prior (.NET 4.5, 4.0, and 3.5 Framework versions only) are vulnerable to an uncontrolled recursion, which may allow an attacker to trigger a stack overflow.",3.9,,,4.0,CIPLDV-SHANKAR,*,Claimpower,Microsoft_.NET Framework 4.0 Full_4.0_x64_
Windows 11,CVE-2026-20814,Microsoft,High,CVSS:3.1/AV:L/AC:H/PR:L/UI:N/S:U/C:H/I:H/A:H,No,01/13/26 18:16:00,7,01/17/26 10:29:42,0,N/A,https://www.vicarius.io/vsociety/vulnerabilities/441071/CVE-2026-20814,Concurrent execution using shared resource with improper synchronization (race condition) in Graphics Kernel allows an authorized attacker to elevate privileges locally.,1,,*,24H2,CIPLMD10,*,Claimpower,Microsoft_Microsoft Windows 11 Pro_24H2_x64_
Windows 11,CVE-2026-20812,Microsoft,Medium,CVSS:3.1/AV:N/AC:L/PR:L/UI:N/S:U/C:N/I:H/A:N,No,01/13/26 18:16:00,6.5,01/17/26 10:29:42,0,N/A,https://www.vicarius.io/vsociety/vulnerabilities/441072/CVE-2026-20812,Improper input validation in Windows LDAP - Lightweight Directory Access Protocol allows an authorized attacker to perform tampering over a network.,2.8,,*,24H2,CIPLMD10,*,Claimpower,Microsoft_Microsoft Windows 11 Pro_24H2_x64_
.NET,CVE-2021-27434,Microsoft,High,CVSS:3.1/AV:N/AC:L/PR:N/UI:N/S:U/C:H/I:N/A:N,No,05/20/21 14:15:00,7.5,01/18/26 14:58:15,5,N/A,https://www.vicarius.io/vsociety/vulnerabilities/277232/CVE-2021-27434,"Products with Unified Automation .NET based OPC UA Client/Server SDK Bundle: Versions V3.0.7 and prior (.NET 4.5, 4.0, and 3.5 Framework versions only) are vulnerable to an uncontrolled recursion, which may allow an attacker to trigger a stack overflow.",3.9,,,4.0,CIPLV-GAYATHRI,*,Claimpower,Microsoft_.NET Framework 4.0 Full_4.0_x64_
SQL Server 2019,CVE-2025-24999,Microsoft,High,CVSS:3.1/AV:N/AC:L/PR:L/UI:N/S:U/C:H/I:H/A:H,No,08/12/25 18:15:00,8.8,01/19/26 02:12:59,0,N/A,https://www.vicarius.io/vsociety/vulnerabilities/418542/CVE-2025-24999,Improper access control in SQL Server allows an authorized attacker to elevate privileges over a network.,2.8,,,15.0.4382.1,CIPLL38-ANKUR,*,Claimpower,Microsoft Corporation_Microsoft SQL Server 2019 LocalDB _15.0.4382.1_x64_
SQL Server 2019,CVE-2024-37966,Microsoft,High,CVSS:3.1/AV:N/AC:L/PR:L/UI:N/S:U/C:H/I:N/A:L,No,09/10/24 17:15:00,7.1,01/19/26 02:12:59,0,N/A,https://www.vicarius.io/vsociety/vulnerabilities/376416/CVE-2024-37966,Microsoft SQL Server Native Scoring Information Disclosure Vulnerability,2.8,,,15.0.4382.1,CIPLL38-ANKUR,*,Claimpower,Microsoft Corporation_Microsoft SQL Server 2019 LocalDB _15.0.4382.1_x64_
Asp.net Core,CVE-2023-35391,Microsoft,High,CVSS:3.1/AV:N/AC:L/PR:N/UI:N/S:U/C:H/I:N/A:N,No,08/08/23 19:15:00,7.5,01/19/26 07:09:54,0,N/A,https://www.vicarius.io/vsociety/vulnerabilities/336085/CVE-2023-35391,ASP.NET Core SignalR and Visual Studio Information Disclosure Vulnerability,3.9,,,2.1.30,CIPLL15-TECHCAB,*,Claimpower,Microsoft Corporation_Microsoft ASP.NET Core 2.1.30 Shared Framework (x64)_2.1.30.60071_x64_
Asp.net Core,CVE-2023-38180,Microsoft,High,CVSS:3.1/AV:N/AC:L/PR:N/UI:N/S:U/C:N/I:N/A:H,Yes,08/08/23 19:15:00,7.5,01/19/26 07:09:54,0,N/A,https://www.vicarius.io/vsociety/vulnerabilities/336036/CVE-2023-38180,.NET and Visual Studio Denial of Service Vulnerability,3.9,,,2.1.30,CIPLL15-TECHCAB,*,Claimpower,Microsoft Corporation_Microsoft ASP.NET Core 2.1.30 Shared Framework (x64)_2.1.30.60071_x64_
SQL Server 2019,CVE-2024-37965,Microsoft,High,CVSS:3.1/AV:N/AC:L/PR:L/UI:N/S:U/C:H/I:H/A:H,No,09/10/24 17:15:00,8.8,01/19/26 02:12:59,0,N/A,https://www.vicarius.io/vsociety/vulnerabilities/376417/CVE-2024-37965,Microsoft SQL Server Elevation of Privilege Vulnerability,2.8,,,15.0.4382.1,CIPLL38-ANKUR,*,Claimpower,Microsoft Corporation_Microsoft SQL Server 2019 LocalDB _15.0.4382.1_x64_
SQL Server 2019,CVE-2024-21398,Microsoft,High,CVSS:3.1/AV:N/AC:L/PR:N/UI:R/S:U/C:H/I:H/A:H,No,07/09/24 17:15:00,8.8,01/18/26 23:29:55,0,N/A,https://www.vicarius.io/vsociety/vulnerabilities/372553/CVE-2024-21398,SQL Server Native Client OLE DB Provider Remote Code Execution Vulnerability,2.8,,,15.0.2000.5,CIPLL36-PRABHAK,*,Claimpower,Microsoft Corporation_Microsoft System CLR Types for SQL Server 2019_15.0.2000.5_x64_
Windows 11,CVE-2026-20926,Microsoft,High,CVSS:3.1/AV:N/AC:H/PR:L/UI:N/S:U/C:H/I:H/A:H,No,01/13/26 18:16:00,7.5,01/17/26 10:29:42,0,N/A,https://www.vicarius.io/vsociety/vulnerabilities/441004/CVE-2026-20926,Concurrent execution using shared resource with improper synchronization (race condition) in Windows SMB Server allows an authorized attacker to elevate privileges over a network.,1.6,,*,24H2,CIPLMD10,*,Claimpower,Microsoft_Microsoft Windows 11 Pro_24H2_x64_
SQL Server 2019,CVE-2024-21414,Microsoft,High,CVSS:3.1/AV:N/AC:L/PR:N/UI:R/S:U/C:H/I:H/A:H,No,07/09/24 17:15:00,8.8,01/18/26 23:29:55,0,N/A,https://www.vicarius.io/vsociety/vulnerabilities/372552/CVE-2024-21414,SQL Server Native Client OLE DB Provider Remote Code Execution Vulnerability,2.8,,,15.0.2000.5,CIPLL36-PRABHAK,*,Claimpower,Microsoft Corporation_Microsoft System CLR Types for SQL Server 2019_15.0.2000.5_x64_
Windows 11,CVE-2026-20925,Microsoft,Medium,CVSS:3.1/AV:N/AC:L/PR:N/UI:R/S:U/C:H/I:N/A:N,No,01/13/26 18:16:00,6.5,01/17/26 10:29:42,0,N/A,https://www.vicarius.io/vsociety/vulnerabilities/441005/CVE-2026-20925,External control of file name or path in Windows NTLM allows an unauthorized attacker to perform spoofing over a network.,2.8,,*,24H2,CIPLMD10,*,Claimpower,Microsoft_Microsoft Windows 11 Pro_24H2_x64_
SQL Server 2019,CVE-2024-21428,Microsoft,High,CVSS:3.1/AV:N/AC:L/PR:N/UI:R/S:U/C:H/I:H/A:H,No,07/09/24 17:15:00,8.8,01/18/26 23:29:55,0,N/A,https://www.vicarius.io/vsociety/vulnerabilities/372548/CVE-2024-21428,SQL Server Native Client OLE DB Provider Remote Code Execution Vulnerability,2.8,,,15.0.2000.5,CIPLL36-PRABHAK,*,Claimpower,Microsoft Corporation_Microsoft System CLR Types for SQL Server 2019_15.0.2000.5_x64_
Windows 11,CVE-2026-20924,Microsoft,High,CVSS:3.1/AV:L/AC:H/PR:L/UI:N/S:C/C:H/I:H/A:H,No,01/13/26 18:16:00,7.8,01/17/26 10:29:42,0,N/A,https://www.vicarius.io/vsociety/vulnerabilities/441006/CVE-2026-20924,Use after free in Windows Management Services allows an authorized attacker to elevate privileges locally.,1.1,,*,24H2,CIPLMD10,*,Claimpower,Microsoft_Microsoft Windows 11 Pro_24H2_x64_
SQL Server 2019,CVE-2024-21415,Microsoft,High,CVSS:3.1/AV:N/AC:L/PR:N/UI:R/S:U/C:H/I:H/A:H,No,07/09/24 17:15:00,8.8,01/18/26 23:29:55,0,N/A,https://www.vicarius.io/vsociety/vulnerabilities/372551/CVE-2024-21415,SQL Server Native Client OLE DB Provider Remote Code Execution Vulnerability,2.8,,,15.0.2000.5,CIPLL36-PRABHAK,*,Claimpower,Microsoft Corporation_Microsoft System CLR Types for SQL Server 2019_15.0.2000.5_x64_
Asp.net Core,CVE-2025-55315,Microsoft,Critical,CVSS:3.1/AV:N/AC:L/PR:L/UI:N/S:C/C:H/I:H/A:L,No,10/14/25 17:15:00,9.9,01/19/26 02:13:39,0,N/A,https://www.vicarius.io/vsociety/vulnerabilities/427498/CVE-2025-55315,Inconsistent interpretation of http requests (http request/response smuggling) in ASP.NET Core allows an authorized attacker to bypass a security feature over a network.,3.1,,,8.0.6,CIPLL38-ANKUR,*,Claimpower,Microsoft Corporation_Microsoft ASP.NET Core 8.0.6 Targeting Pack (x64)_8.0.6.24269_x64_
SQL Server 2019,CVE-2024-21317,Microsoft,High,CVSS:3.1/AV:N/AC:L/PR:N/UI:R/S:U/C:H/I:H/A:H,No,07/09/24 17:15:00,8.8,01/18/26 23:29:55,0,N/A,https://www.vicarius.io/vsociety/vulnerabilities/372559/CVE-2024-21317,SQL Server Native Client OLE DB Provider Remote Code Execution Vulnerability,2.8,,,15.0.2000.5,CIPLL36-PRABHAK,*,Claimpower,Microsoft Corporation_Microsoft System CLR Types for SQL Server 2019_15.0.2000.5_x64_
SQL Server 2019,CVE-2024-21332,Microsoft,High,CVSS:3.1/AV:N/AC:L/PR:N/UI:R/S:U/C:H/I:H/A:H,No,07/09/24 17:15:00,8.8,01/18/26 23:29:55,0,N/A,https://www.vicarius.io/vsociety/vulnerabilities/372557/CVE-2024-21332,SQL Server Native Client OLE DB Provider Remote Code Execution Vulnerability,2.8,,,15.0.2000.5,CIPLL36-PRABHAK,*,Claimpower,Microsoft Corporation_Microsoft System CLR Types for SQL Server 2019_15.0.2000.5_x64_
Windows 11,CVE-2026-20941,Microsoft,High,CVSS:3.1/AV:L/AC:L/PR:L/UI:N/S:U/C:H/I:H/A:H,No,01/13/26 18:16:00,7.8,01/17/26 10:29:42,0,N/A,https://www.vicarius.io/vsociety/vulnerabilities/441138/CVE-2026-20941,Improper link resolution before file access (link following) in Host Process for Windows Tasks allows an authorized attacker to elevate privileges locally.,1.8,,*,24H2,CIPLMD10,*,Claimpower,Microsoft_Microsoft Windows 11 Pro_24H2_x64_
SQL Server 2019,CVE-2024-21373,Microsoft,High,CVSS:3.1/AV:N/AC:L/PR:N/UI:R/S:U/C:H/I:H/A:H,No,07/09/24 17:15:00,8.8,01/18/26 23:29:55,0,N/A,https://www.vicarius.io/vsociety/vulnerabilities/372554/CVE-2024-21373,SQL Server Native Client OLE DB Provider Remote Code Execution Vulnerability,2.8,,,15.0.2000.5,CIPLL36-PRABHAK,*,Claimpower,Microsoft Corporation_Microsoft System CLR Types for SQL Server 2019_15.0.2000.5_x64_
SQL Server 2022,CVE-2024-28926,Microsoft,High,CVSS:3.1/AV:N/AC:L/PR:N/UI:R/S:U/C:H/I:H/A:H,No,04/09/24 17:15:00,8.8,01/19/26 07:10:10,0,N/A,https://www.vicarius.io/vsociety/vulnerabilities/358585/CVE-2024-28926,Microsoft OLE DB Driver for SQL Server Remote Code Execution Vulnerability,2.8,,,16.0.1000.6,CIPLL15-TECHCAB,*,Claimpower,Microsoft Corporation_Browser for SQL Server 2022_16.0.1000.6_x64_
SQL Server 2019,CVE-2024-29982,Microsoft,High,CVSS:3.1/AV:N/AC:L/PR:N/UI:R/S:U/C:H/I:H/A:H,No,04/09/24 17:16:00,8.8,01/19/26 02:13:52,0,N/A,https://www.vicarius.io/vsociety/vulnerabilities/358548/CVE-2024-29982,Microsoft OLE DB Driver for SQL Server Remote Code Execution Vulnerability,2.8,,,15.0.2000.5,CIPLL38-ANKUR,*,Claimpower,Microsoft Corporation_Microsoft System CLR Types for SQL Server 2019_15.0.2000.5_x64_
Windows 11,CVE-2026-20935,Microsoft,Medium,CVSS:3.1/AV:L/AC:L/PR:N/UI:N/S:U/C:H/I:N/A:N,No,01/13/26 18:16:00,6.2,01/17/26 10:29:42,0,N/A,https://www.vicarius.io/vsociety/vulnerabilities/440998/CVE-2026-20935,Untrusted pointer dereference in Windows Virtualization-Based Security (VBS) Enclave allows an unauthorized attacker to disclose information locally.,2.5,,*,24H2,CIPLMD10,*,Claimpower,Microsoft_Microsoft Windows 11 Pro_24H2_x64_
SQL Server 2019,CVE-2024-29984,Microsoft,High,CVSS:3.1/AV:N/AC:L/PR:N/UI:R/S:U/C:H/I:H/A:H,No,04/09/24 17:16:00,8.8,01/19/26 02:13:52,0,N/A,https://www.vicarius.io/vsociety/vulnerabilities/358546/CVE-2024-29984,Microsoft OLE DB Driver for SQL Server Remote Code Execution Vulnerability,2.8,,,15.0.2000.5,CIPLL38-ANKUR,*,Claimpower,Microsoft Corporation_Microsoft System CLR Types for SQL Server 2019_15.0.2000.5_x64_
SQL Server 2022,CVE-2024-28927,Microsoft,High,CVSS:3.1/AV:N/AC:L/PR:N/UI:R/S:U/C:H/I:H/A:H,No,04/09/24 17:15:00,8.8,01/19/26 07:10:10,0,N/A,https://www.vicarius.io/vsociety/vulnerabilities/358584/CVE-2024-28927,Microsoft OLE DB Driver for SQL Server Remote Code Execution Vulnerability,2.8,,,16.0.1000.6,CIPLL15-TECHCAB,*,Claimpower,Microsoft Corporation_Browser for SQL Server 2022_16.0.1000.6_x64_
SQL Server 2019,CVE-2024-29983,Microsoft,High,CVSS:3.1/AV:N/AC:L/PR:N/UI:R/S:U/C:H/I:H/A:H,No,04/09/24 17:16:00,8.8,01/19/26 02:13:52,0,N/A,https://www.vicarius.io/vsociety/vulnerabilities/358547/CVE-2024-29983,Microsoft OLE DB Driver for SQL Server Remote Code Execution Vulnerability,2.8,,,15.0.2000.5,CIPLL38-ANKUR,*,Claimpower,Microsoft Corporation_Microsoft System CLR Types for SQL Server 2019_15.0.2000.5_x64_
Windows 11,CVE-2026-20934,Microsoft,High,CVSS:3.1/AV:N/AC:H/PR:L/UI:N/S:U/C:H/I:H/A:H,No,01/13/26 18:16:00,7.5,01/17/26 10:29:42,0,N/A,https://www.vicarius.io/vsociety/vulnerabilities/440999/CVE-2026-20934,Concurrent execution using shared resource with improper synchronization (race condition) in Windows SMB Server allows an authorized attacker to elevate privileges over a network.,1.6,,*,24H2,CIPLMD10,*,Claimpower,Microsoft_Microsoft Windows 11 Pro_24H2_x64_
Windows 11,CVE-2026-20932,Microsoft,Medium,CVSS:3.1/AV:L/AC:L/PR:L/UI:N/S:U/C:H/I:N/A:N,No,01/13/26 18:16:00,5.5,01/17/26 10:29:42,0,N/A,https://www.vicarius.io/vsociety/vulnerabilities/441000/CVE-2026-20932,Exposure of sensitive information to an unauthorized actor in Windows File Explorer allows an authorized attacker to disclose information locally.,1.8,,*,24H2,CIPLMD10,*,Claimpower,Microsoft_Microsoft Windows 11 Pro_24H2_x64_
SQL Server 2019,CVE-2024-29985,Microsoft,High,CVSS:3.1/AV:N/AC:L/PR:N/UI:R/S:U/C:H/I:H/A:H,No,04/09/24 17:16:00,8.8,01/19/26 02:13:52,0,N/A,https://www.vicarius.io/vsociety/vulnerabilities/358545/CVE-2024-29985,Microsoft OLE DB Driver for SQL Server Remote Code Execution Vulnerability,2.8,,,15.0.2000.5,CIPLL38-ANKUR,*,Claimpower,Microsoft Corporation_Microsoft System CLR Types for SQL Server 2019_15.0.2000.5_x64_
Windows 11,CVE-2026-20931,Microsoft,High,CVSS:3.1/AV:A/AC:L/PR:L/UI:N/S:U/C:H/I:H/A:H,No,01/13/26 18:16:00,8,01/17/26 10:29:42,0,N/A,https://www.vicarius.io/vsociety/vulnerabilities/441001/CVE-2026-20931,External control of file name or path in Windows Telephony Service allows an authorized attacker to elevate privileges over an adjacent network.,2.1,,*,24H2,CIPLMD10,*,Claimpower,Microsoft_Microsoft Windows 11 Pro_24H2_x64_
Windows 11,CVE-2026-20927,Microsoft,Medium,CVSS:3.1/AV:N/AC:H/PR:L/UI:N/S:U/C:N/I:N/A:H,No,01/13/26 18:16:00,5.3,01/17/26 10:29:42,0,N/A,https://www.vicarius.io/vsociety/vulnerabilities/441003/CVE-2026-20927,Concurrent execution using shared resource with improper synchronization (race condition) in Windows SMB Server allows an authorized attacker to deny service over a network.,1.6,,*,24H2,CIPLMD10,*,Claimpower,Microsoft_Microsoft Windows 11 Pro_24H2_x64_
SQL Server 2019,CVE-2025-53727,Microsoft,High,CVSS:3.1/AV:N/AC:L/PR:L/UI:N/S:U/C:H/I:H/A:H,No,08/12/25 18:15:00,8.8,01/19/26 02:12:59,0,N/A,https://www.vicarius.io/vsociety/vulnerabilities/418461/CVE-2025-53727,Improper neutralization of special elements used in an sql command (sql injection) in SQL Server allows an authorized attacker to elevate privileges over a network.,2.8,,,15.0.4382.1,CIPLL38-ANKUR,*,Claimpower,Microsoft Corporation_Microsoft SQL Server 2019 LocalDB _15.0.4382.1_x64_
SQL Server 2019,CVE-2024-21425,Microsoft,High,CVSS:3.1/AV:N/AC:L/PR:N/UI:R/S:U/C:H/I:H/A:H,No,07/09/24 17:15:00,8.8,01/18/26 23:29:55,0,N/A,https://www.vicarius.io/vsociety/vulnerabilities/372549/CVE-2024-21425,SQL Server Native Client OLE DB Provider Remote Code Execution Vulnerability,2.8,,,15.0.2000.5,CIPLL36-PRABHAK,*,Claimpower,Microsoft Corporation_Microsoft System CLR Types for SQL Server 2019_15.0.2000.5_x64_
SQL Server 2019,CVE-2024-21331,Microsoft,High,CVSS:3.1/AV:N/AC:L/PR:N/UI:R/S:U/C:H/I:H/A:H,No,07/09/24 17:15:00,8.8,01/18/26 23:29:55,0,N/A,https://www.vicarius.io/vsociety/vulnerabilities/372558/CVE-2024-21331,SQL Server Native Client OLE DB Provider Remote Code Execution Vulnerability,2.8,,,15.0.2000.5,CIPLL36-PRABHAK,*,Claimpower,Microsoft Corporation_Microsoft System CLR Types for SQL Server 2019_15.0.2000.5_x64_
SQL Server 2019,CVE-2024-29984,Microsoft,High,CVSS:3.1/AV:N/AC:L/PR:N/UI:R/S:U/C:H/I:H/A:H,No,04/09/24 17:16:00,8.8,01/18/26 23:29:55,0,N/A,https://www.vicarius.io/vsociety/vulnerabilities/358546/CVE-2024-29984,Microsoft OLE DB Driver for SQL Server Remote Code Execution Vulnerability,2.8,,,15.0.2000.5,CIPLL36-PRABHAK,*,Claimpower,Microsoft Corporation_Microsoft System CLR Types for SQL Server 2019_15.0.2000.5_x64_
SQL Server 2019,CVE-2024-29985,Microsoft,High,CVSS:3.1/AV:N/AC:L/PR:N/UI:R/S:U/C:H/I:H/A:H,No,04/09/24 17:16:00,8.8,01/18/26 23:29:55,0,N/A,https://www.vicarius.io/vsociety/vulnerabilities/358545/CVE-2024-29985,Microsoft OLE DB Driver for SQL Server Remote Code Execution Vulnerability,2.8,,,15.0.2000.5,CIPLL36-PRABHAK,*,Claimpower,Microsoft Corporation_Microsoft System CLR Types for SQL Server 2019_15.0.2000.5_x64_
SQL Server 2019,CVE-2024-21335,Microsoft,High,CVSS:3.1/AV:N/AC:L/PR:N/UI:R/S:U/C:H/I:H/A:H,No,07/09/24 17:15:00,8.8,01/18/26 23:29:55,0,N/A,https://www.vicarius.io/vsociety/vulnerabilities/372555/CVE-2024-21335,SQL Server Native Client OLE DB Provider Remote Code Execution Vulnerability,2.8,,,15.0.2000.5,CIPLL36-PRABHAK,*,Claimpower,Microsoft Corporation_Microsoft System CLR Types for SQL Server 2019_15.0.2000.5_x64_
Windows 11,CVE-2026-20936,Microsoft,Medium,CVSS:3.1/AV:P/AC:L/PR:L/UI:N/S:U/C:H/I:N/A:N,No,01/13/26 18:16:00,4.3,01/17/26 10:29:42,0,N/A,https://www.vicarius.io/vsociety/vulnerabilities/440997/CVE-2026-20936,Out-of-bounds read in Windows NDIS allows an authorized attacker to disclose information with a physical attack.,0.7,,*,24H2,CIPLMD10,*,Claimpower,Microsoft_Microsoft Windows 11 Pro_24H2_x64_
SQL Server 2019,CVE-2024-21308,Microsoft,High,CVSS:3.1/AV:N/AC:L/PR:N/UI:R/S:U/C:H/I:H/A:H,No,07/09/24 17:15:00,8.8,01/18/26 23:29:55,0,N/A,https://www.vicarius.io/vsociety/vulnerabilities/372560/CVE-2024-21308,SQL Server Native Client OLE DB Provider Remote Code Execution Vulnerability,2.8,,,15.0.2000.5,CIPLL36-PRABHAK,*,Claimpower,Microsoft Corporation_Microsoft System CLR Types for SQL Server 2019_15.0.2000.5_x64_
SQL Server 2019,CVE-2024-21333,Microsoft,High,CVSS:3.1/AV:N/AC:L/PR:N/UI:R/S:U/C:H/I:H/A:H,No,07/09/24 17:15:00,8.8,01/18/26 23:29:55,0,N/A,https://www.vicarius.io/vsociety/vulnerabilities/372556/CVE-2024-21333,SQL Server Native Client OLE DB Provider Remote Code Execution Vulnerability,2.8,,,15.0.2000.5,CIPLL36-PRABHAK,*,Claimpower,Microsoft Corporation_Microsoft System CLR Types for SQL Server 2019_15.0.2000.5_x64_
Asp.net Core,CVE-2025-24070,Microsoft,High,CVSS:3.1/AV:N/AC:H/PR:N/UI:N/S:U/C:L/I:L/A:H,No,03/11/25 17:16:00,7,01/24/26 15:24:03,0,N/A,https://www.vicarius.io/vsociety/vulnerabilities/397848/CVE-2025-24070,Weak authentication in ASP.NET Core &amp. Visual Studio allows an unauthorized attacker to elevate privileges over a network.,2.2,,,8.0.6,CIPLL26-RICHARD,*,Claimpower,Microsoft Corporation_Microsoft ASP.NET Core 8.0.6 Targeting Pack (x64)_8.0.6.24269_x64_
Windows 11,CVE-2026-20939,Microsoft,Medium,CVSS:3.1/AV:L/AC:L/PR:L/UI:N/S:U/C:H/I:N/A:N,No,01/13/26 18:16:00,5.5,01/17/26 10:29:42,0,N/A,https://www.vicarius.io/vsociety/vulnerabilities/440994/CVE-2026-20939,Exposure of sensitive information to an unauthorized actor in Windows File Explorer allows an authorized attacker to disclose information locally.,1.8,,*,24H2,CIPLMD10,*,Claimpower,Microsoft_Microsoft Windows 11 Pro_24H2_x64_
Windows 11,CVE-2026-20938,Microsoft,High,CVSS:3.1/AV:L/AC:L/PR:L/UI:N/S:U/C:H/I:H/A:H,No,01/13/26 18:16:00,7.8,01/17/26 10:29:42,0,N/A,https://www.vicarius.io/vsociety/vulnerabilities/440995/CVE-2026-20938,Untrusted pointer dereference in Windows Virtualization-Based Security (VBS) Enclave allows an authorized attacker to elevate privileges locally.,1.8,,*,24H2,CIPLMD10,*,Claimpower,Microsoft_Microsoft Windows 11 Pro_24H2_x64_
Windows 11,CVE-2026-20937,Microsoft,Medium,CVSS:3.1/AV:L/AC:L/PR:L/UI:N/S:U/C:H/I:N/A:N,No,01/13/26 18:16:00,5.5,01/17/26 10:29:42,0,N/A,https://www.vicarius.io/vsociety/vulnerabilities/440996/CVE-2026-20937,Exposure of sensitive information to an unauthorized actor in Windows File Explorer allows an authorized attacker to disclose information locally.,1.8,,*,24H2,CIPLMD10,*,Claimpower,Microsoft_Microsoft Windows 11 Pro_24H2_x64_
SQL Server 2019,CVE-2024-29982,Microsoft,High,CVSS:3.1/AV:N/AC:L/PR:N/UI:R/S:U/C:H/I:H/A:H,No,04/09/24 17:16:00,8.8,01/18/26 23:29:55,0,N/A,https://www.vicarius.io/vsociety/vulnerabilities/358548/CVE-2024-29982,Microsoft OLE DB Driver for SQL Server Remote Code Execution Vulnerability,2.8,,,15.0.2000.5,CIPLL36-PRABHAK,*,Claimpower,Microsoft Corporation_Microsoft System CLR Types for SQL Server 2019_15.0.2000.5_x64_
SQL Server 2019,CVE-2024-29983,Microsoft,High,CVSS:3.1/AV:N/AC:L/PR:N/UI:R/S:U/C:H/I:H/A:H,No,04/09/24 17:16:00,8.8,01/18/26 23:29:55,0,N/A,https://www.vicarius.io/vsociety/vulnerabilities/358547/CVE-2024-29983,Microsoft OLE DB Driver for SQL Server Remote Code Execution Vulnerability,2.8,,,15.0.2000.5,CIPLL36-PRABHAK,*,Claimpower,Microsoft Corporation_Microsoft System CLR Types for SQL Server 2019_15.0.2000.5_x64_
.NET,CVE-2021-27434,Microsoft,High,CVSS:3.1/AV:N/AC:L/PR:N/UI:N/S:U/C:H/I:N/A:N,No,05/20/21 14:15:00,7.5,01/19/26 03:11:04,5,N/A,https://www.vicarius.io/vsociety/vulnerabilities/277232/CVE-2021-27434,"Products with Unified Automation .NET based OPC UA Client/Server SDK Bundle: Versions V3.0.7 and prior (.NET 4.5, 4.0, and 3.5 Framework versions only) are vulnerable to an uncontrolled recursion, which may allow an attacker to trigger a stack overflow.",3.9,,,4.0,CIPLMD82,*,Claimpower,Microsoft_.NET Framework 4.0 Full_4.0_x64_
Asp.net Core,CVE-2025-24070,Microsoft,High,CVSS:3.1/AV:N/AC:H/PR:N/UI:N/S:U/C:L/I:L/A:H,No,03/11/25 17:16:00,7,01/18/26 23:29:55,0,N/A,https://www.vicarius.io/vsociety/vulnerabilities/397848/CVE-2025-24070,Weak authentication in ASP.NET Core &amp. Visual Studio allows an unauthorized attacker to elevate privileges over a network.,2.2,,,8.0.6,CIPLL36-PRABHAK,*,Claimpower,Microsoft Corporation_Microsoft ASP.NET Core 8.0.6 Targeting Pack (x64)_8.0.6.24269_x64_
Asp.net Core,CVE-2025-24070,Microsoft,High,CVSS:3.1/AV:N/AC:H/PR:N/UI:N/S:U/C:L/I:L/A:H,No,03/11/25 17:16:00,7,01/19/26 06:42:38,0,N/A,https://www.vicarius.io/vsociety/vulnerabilities/397848/CVE-2025-24070,Weak authentication in ASP.NET Core &amp. Visual Studio allows an unauthorized attacker to elevate privileges over a network.,2.2,,,8.0.6,CIPLLP-PRANAY,*,Claimpower,Microsoft Corporation_Microsoft ASP.NET Core 8.0.6 Targeting Pack (x64)_8.0.6.24269_x64_
Asp.net Core,CVE-2025-26682,Microsoft,High,CVSS:3.1/AV:N/AC:L/PR:N/UI:N/S:U/C:N/I:N/A:H,No,04/08/25 18:15:00,7.5,01/24/26 15:24:03,0,N/A,https://www.vicarius.io/vsociety/vulnerabilities/402445/CVE-2025-26682,Allocation of resources without limits or throttling in ASP.NET Core allows an unauthorized attacker to deny service over a network.,3.9,,,8.0.6,CIPLL26-RICHARD,*,Claimpower,Microsoft Corporation_Microsoft ASP.NET Core 8.0.6 Targeting Pack (x64)_8.0.6.24269_x64_
Asp.net Core,CVE-2025-26682,Microsoft,High,CVSS:3.1/AV:N/AC:L/PR:N/UI:N/S:U/C:N/I:N/A:H,No,04/08/25 18:15:00,7.5,01/18/26 14:59:46,0,N/A,https://www.vicarius.io/vsociety/vulnerabilities/402445/CVE-2025-26682,Allocation of resources without limits or throttling in ASP.NET Core allows an unauthorized attacker to deny service over a network.,3.9,,,8.0.6,CIPLV-GAYATHRI,*,Claimpower,Microsoft Corporation_Microsoft ASP.NET Core 8.0.6 Targeting Pack (x64)_8.0.6.24269_x64_
Asp.net Core,CVE-2025-24070,Microsoft,High,CVSS:3.1/AV:N/AC:H/PR:N/UI:N/S:U/C:L/I:L/A:H,No,03/11/25 17:16:00,7,01/19/26 04:47:56,0,N/A,https://www.vicarius.io/vsociety/vulnerabilities/397848/CVE-2025-24070,Weak authentication in ASP.NET Core &amp. Visual Studio allows an unauthorized attacker to elevate privileges over a network.,2.2,,,8.0.6,CIPLLP-VARSHA,*,Claimpower,Microsoft Corporation_Microsoft ASP.NET Core 8.0.6 Targeting Pack (x64)_8.0.6.24269_x64_
SQL Server 2022,CVE-2024-28940,Microsoft,High,CVSS:3.1/AV:N/AC:L/PR:N/UI:R/S:U/C:H/I:H/A:H,No,04/09/24 17:15:00,8.8,01/19/26 07:10:10,0,N/A,https://www.vicarius.io/vsociety/vulnerabilities/358572/CVE-2024-28940,Microsoft OLE DB Driver for SQL Server Remote Code Execution Vulnerability,2.8,,,16.0.1000.6,CIPLL15-TECHCAB,*,Claimpower,Microsoft Corporation_Browser for SQL Server 2022_16.0.1000.6_x64_
SQL Server 2022,CVE-2024-28939,Microsoft,High,CVSS:3.1/AV:N/AC:L/PR:N/UI:R/S:U/C:H/I:H/A:H,No,04/09/24 17:15:00,8.8,01/19/26 07:10:10,0,N/A,https://www.vicarius.io/vsociety/vulnerabilities/358573/CVE-2024-28939,Microsoft OLE DB Driver for SQL Server Remote Code Execution Vulnerability,2.8,,,16.0.1000.6,CIPLL15-TECHCAB,*,Claimpower,Microsoft Corporation_Browser for SQL Server 2022_16.0.1000.6_x64_
SQL Server 2022,CVE-2024-28942,Microsoft,High,CVSS:3.1/AV:N/AC:L/PR:N/UI:R/S:U/C:H/I:H/A:H,No,04/09/24 17:15:00,8.8,01/19/26 07:10:10,0,N/A,https://www.vicarius.io/vsociety/vulnerabilities/358570/CVE-2024-28942,Microsoft OLE DB Driver for SQL Server Remote Code Execution Vulnerability,2.8,,,16.0.1000.6,CIPLL15-TECHCAB,*,Claimpower,Microsoft Corporation_Browser for SQL Server 2022_16.0.1000.6_x64_
Windows 11,CVE-2024-55414,Microsoft,Critical,CVSS:3.1/AV:N/AC:L/PR:N/UI:N/S:U/C:H/I:H/A:H,No,01/07/25 18:15:00,9.8,01/17/26 10:29:42,0,N/A,https://www.vicarius.io/vsociety/vulnerabilities/389846/CVE-2024-55414,"A vulnerability exits in driver SmSerl64.sys in Motorola SM56 Modem WDM Driver v6.12.23.0, which allows low-privileged users to mapping physical memory via specially crafted IOCTL requests . This can be exploited for privilege escalation, code execution under high privileges, and information disclosure. These signed drivers can also be used to bypass the Microsoft driver-signing policy to deploy malicious code.",3.9,,*,24H2,CIPLMD10,*,Claimpower,Microsoft_Microsoft Windows 11 Pro_24H2_x64_
SQL Server 2019,CVE-2025-49759,Microsoft,High,CVSS:3.1/AV:N/AC:L/PR:L/UI:N/S:U/C:H/I:H/A:H,No,08/12/25 18:15:00,8.8,01/18/26 23:32:39,0,N/A,https://www.vicarius.io/vsociety/vulnerabilities/418520/CVE-2025-49759,Improper neutralization of special elements used in an sql command (sql injection) in SQL Server allows an authorized attacker to elevate privileges over a network.,2.8,,,15.0.4382.1,CIPLL36-PRABHAK,*,Claimpower,Microsoft Corporation_Microsoft SQL Server 2019 LocalDB _15.0.4382.1_x64_
Asp.net Core,CVE-2025-55315,Microsoft,Critical,CVSS:3.1/AV:N/AC:L/PR:L/UI:N/S:C/C:H/I:H/A:L,No,10/14/25 17:15:00,9.9,01/19/26 02:31:08,0,N/A,https://www.vicarius.io/vsociety/vulnerabilities/427498/CVE-2025-55315,Inconsistent interpretation of http requests (http request/response smuggling) in ASP.NET Core allows an authorized attacker to bypass a security feature over a network.,3.1,,,8.0.6,CIPLMD22,*,Claimpower,Microsoft Corporation_Microsoft ASP.NET Core 8.0.6 Targeting Pack (x64)_8.0.6.24269_x64_
SQL Server 2019,CVE-2025-49758,Microsoft,High,CVSS:3.1/AV:N/AC:L/PR:L/UI:N/S:U/C:H/I:H/A:H,No,08/12/25 18:15:00,8.8,01/18/26 23:32:39,0,N/A,https://www.vicarius.io/vsociety/vulnerabilities/418521/CVE-2025-49758,Improper neutralization of special elements used in an sql command (sql injection) in SQL Server allows an authorized attacker to elevate privileges over a network.,2.8,,,15.0.4382.1,CIPLL36-PRABHAK,*,Claimpower,Microsoft Corporation_Microsoft SQL Server 2019 LocalDB _15.0.4382.1_x64_
SQL Server 2019,CVE-2024-28943,Microsoft,High,CVSS:3.1/AV:N/AC:L/PR:N/UI:R/S:U/C:H/I:H/A:H,No,04/09/24 17:15:00,8.8,01/18/26 23:29:55,0,N/A,https://www.vicarius.io/vsociety/vulnerabilities/358569/CVE-2024-28943,Microsoft ODBC Driver for SQL Server Remote Code Execution Vulnerability,2.8,,,15.0.2000.5,CIPLL36-PRABHAK,*,Claimpower,Microsoft Corporation_Microsoft System CLR Types for SQL Server 2019_15.0.2000.5_x64_
SQL Server 2019,CVE-2024-28944,Microsoft,High,CVSS:3.1/AV:N/AC:L/PR:N/UI:R/S:U/C:H/I:H/A:H,No,04/09/24 17:15:00,8.8,01/18/26 23:29:55,0,N/A,https://www.vicarius.io/vsociety/vulnerabilities/358568/CVE-2024-28944,Microsoft OLE DB Driver for SQL Server Remote Code Execution Vulnerability,2.8,,,15.0.2000.5,CIPLL36-PRABHAK,*,Claimpower,Microsoft Corporation_Microsoft System CLR Types for SQL Server 2019_15.0.2000.5_x64_
SQL Server 2022,CVE-2024-28944,Microsoft,High,CVSS:3.1/AV:N/AC:L/PR:N/UI:R/S:U/C:H/I:H/A:H,No,04/09/24 17:15:00,8.8,01/19/26 07:10:10,0,N/A,https://www.vicarius.io/vsociety/vulnerabilities/358568/CVE-2024-28944,Microsoft OLE DB Driver for SQL Server Remote Code Execution Vulnerability,2.8,,,16.0.1000.6,CIPLL15-TECHCAB,*,Claimpower,Microsoft Corporation_Browser for SQL Server 2022_16.0.1000.6_x64_
SQL Server 2022,CVE-2024-28943,Microsoft,High,CVSS:3.1/AV:N/AC:L/PR:N/UI:R/S:U/C:H/I:H/A:H,No,04/09/24 17:15:00,8.8,01/19/26 07:10:10,0,N/A,https://www.vicarius.io/vsociety/vulnerabilities/358569/CVE-2024-28943,Microsoft ODBC Driver for SQL Server Remote Code Execution Vulnerability,2.8,,,16.0.1000.6,CIPLL15-TECHCAB,*,Claimpower,Microsoft Corporation_Browser for SQL Server 2022_16.0.1000.6_x64_
SQL Server 2019,CVE-2024-28942,Microsoft,High,CVSS:3.1/AV:N/AC:L/PR:N/UI:R/S:U/C:H/I:H/A:H,No,04/09/24 17:15:00,8.8,01/18/26 23:29:55,0,N/A,https://www.vicarius.io/vsociety/vulnerabilities/358570/CVE-2024-28942,Microsoft OLE DB Driver for SQL Server Remote Code Execution Vulnerability,2.8,,,15.0.2000.5,CIPLL36-PRABHAK,*,Claimpower,Microsoft Corporation_Microsoft System CLR Types for SQL Server 2019_15.0.2000.5_x64_
SQL Server 2019,CVE-2024-28939,Microsoft,High,CVSS:3.1/AV:N/AC:L/PR:N/UI:R/S:U/C:H/I:H/A:H,No,04/09/24 17:15:00,8.8,01/18/26 23:29:55,0,N/A,https://www.vicarius.io/vsociety/vulnerabilities/358573/CVE-2024-28939,Microsoft OLE DB Driver for SQL Server Remote Code Execution Vulnerability,2.8,,,15.0.2000.5,CIPLL36-PRABHAK,*,Claimpower,Microsoft Corporation_Microsoft System CLR Types for SQL Server 2019_15.0.2000.5_x64_
SQL Server 2019,CVE-2024-28940,Microsoft,High,CVSS:3.1/AV:N/AC:L/PR:N/UI:R/S:U/C:H/I:H/A:H,No,04/09/24 17:15:00,8.8,01/18/26 23:29:55,0,N/A,https://www.vicarius.io/vsociety/vulnerabilities/358572/CVE-2024-28940,Microsoft OLE DB Driver for SQL Server Remote Code Execution Vulnerability,2.8,,,15.0.2000.5,CIPLL36-PRABHAK,*,Claimpower,Microsoft Corporation_Microsoft System CLR Types for SQL Server 2019_15.0.2000.5_x64_
.NET,CVE-2021-27434,Microsoft,High,CVSS:3.1/AV:N/AC:L/PR:N/UI:N/S:U/C:H/I:N/A:N,No,05/20/21 14:15:00,7.5,01/19/26 02:30:56,5,N/A,https://www.vicarius.io/vsociety/vulnerabilities/277232/CVE-2021-27434,"Products with Unified Automation .NET based OPC UA Client/Server SDK Bundle: Versions V3.0.7 and prior (.NET 4.5, 4.0, and 3.5 Framework versions only) are vulnerable to an uncontrolled recursion, which may allow an attacker to trigger a stack overflow.",3.9,,,4.0,CIPLMD22,*,Claimpower,Microsoft_.NET Framework 4.0 Full_4.0_x64_
Asp.net Core,CVE-2025-26682,Microsoft,High,CVSS:3.1/AV:N/AC:L/PR:N/UI:N/S:U/C:N/I:N/A:H,No,04/08/25 18:15:00,7.5,01/19/26 03:10:44,0,N/A,https://www.vicarius.io/vsociety/vulnerabilities/402445/CVE-2025-26682,Allocation of resources without limits or throttling in ASP.NET Core allows an unauthorized attacker to deny service over a network.,3.9,,,8.0.6,CIPLMD82,*,Claimpower,Microsoft Corporation_Microsoft ASP.NET Core 8.0.6 Targeting Pack (x64)_8.0.6.24269_x64_
SQL Server 2022,CVE-2024-28945,Microsoft,High,CVSS:3.1/AV:N/AC:L/PR:N/UI:R/S:U/C:H/I:H/A:H,No,04/09/24 17:15:00,8.8,01/19/26 07:10:10,0,N/A,https://www.vicarius.io/vsociety/vulnerabilities/358567/CVE-2024-28945,Microsoft OLE DB Driver for SQL Server Remote Code Execution Vulnerability,2.8,,,16.0.1000.6,CIPLL15-TECHCAB,*,Claimpower,Microsoft Corporation_Browser for SQL Server 2022_16.0.1000.6_x64_
SQL Server 2022,CVE-2024-29048,Microsoft,High,CVSS:3.1/AV:N/AC:L/PR:N/UI:R/S:U/C:H/I:H/A:H,No,04/09/24 17:15:00,8.8,01/19/26 07:10:10,0,N/A,https://www.vicarius.io/vsociety/vulnerabilities/358561/CVE-2024-29048,Microsoft OLE DB Driver for SQL Server Remote Code Execution Vulnerability,2.8,,,16.0.1000.6,CIPLL15-TECHCAB,*,Claimpower,Microsoft Corporation_Browser for SQL Server 2022_16.0.1000.6_x64_
SQL Server 2019,CVE-2024-29045,Microsoft,High,CVSS:3.1/AV:N/AC:H/PR:N/UI:R/S:U/C:H/I:H/A:H,No,04/09/24 17:15:00,7.5,01/18/26 23:29:55,0,N/A,https://www.vicarius.io/vsociety/vulnerabilities/358564/CVE-2024-29045,Microsoft OLE DB Driver for SQL Server Remote Code Execution Vulnerability,1.6,,,15.0.2000.5,CIPLL36-PRABHAK,*,Claimpower,Microsoft Corporation_Microsoft System CLR Types for SQL Server 2019_15.0.2000.5_x64_
SQL Server 2019,CVE-2024-29046,Microsoft,High,CVSS:3.1/AV:N/AC:L/PR:N/UI:R/S:U/C:H/I:H/A:H,No,04/09/24 17:15:00,8.8,01/18/26 23:29:55,0,N/A,https://www.vicarius.io/vsociety/vulnerabilities/358563/CVE-2024-29046,Microsoft OLE DB Driver for SQL Server Remote Code Execution Vulnerability,2.8,,,15.0.2000.5,CIPLL36-PRABHAK,*,Claimpower,Microsoft Corporation_Microsoft System CLR Types for SQL Server 2019_15.0.2000.5_x64_
SQL Server 2019,CVE-2024-29043,Microsoft,High,CVSS:3.1/AV:N/AC:L/PR:N/UI:R/S:U/C:H/I:H/A:H,No,04/09/24 17:15:00,8.8,01/18/26 23:29:55,0,N/A,https://www.vicarius.io/vsociety/vulnerabilities/358566/CVE-2024-29043,Microsoft ODBC Driver for SQL Server Remote Code Execution Vulnerability,2.8,,,15.0.2000.5,CIPLL36-PRABHAK,*,Claimpower,Microsoft Corporation_Microsoft System CLR Types for SQL Server 2019_15.0.2000.5_x64_
SQL Server 2019,CVE-2024-29044,Microsoft,High,CVSS:3.1/AV:N/AC:L/PR:N/UI:R/S:U/C:H/I:H/A:H,No,04/09/24 17:15:00,8.8,01/18/26 23:29:55,0,N/A,https://www.vicarius.io/vsociety/vulnerabilities/358565/CVE-2024-29044,Microsoft OLE DB Driver for SQL Server Remote Code Execution Vulnerability,2.8,,,15.0.2000.5,CIPLL36-PRABHAK,*,Claimpower,Microsoft Corporation_Microsoft System CLR Types for SQL Server 2019_15.0.2000.5_x64_
SQL Server 2022,CVE-2024-29044,Microsoft,High,CVSS:3.1/AV:N/AC:L/PR:N/UI:R/S:U/C:H/I:H/A:H,No,04/09/24 17:15:00,8.8,01/19/26 07:10:10,0,N/A,https://www.vicarius.io/vsociety/vulnerabilities/358565/CVE-2024-29044,Microsoft OLE DB Driver for SQL Server Remote Code Execution Vulnerability,2.8,,,16.0.1000.6,CIPLL15-TECHCAB,*,Claimpower,Microsoft Corporation_Browser for SQL Server 2022_16.0.1000.6_x64_
.NET,CVE-2021-27434,Microsoft,High,CVSS:3.1/AV:N/AC:L/PR:N/UI:N/S:U/C:H/I:N/A:N,No,05/20/21 14:15:00,7.5,01/19/26 06:41:00,5,N/A,https://www.vicarius.io/vsociety/vulnerabilities/277232/CVE-2021-27434,"Products with Unified Automation .NET based OPC UA Client/Server SDK Bundle: Versions V3.0.7 and prior (.NET 4.5, 4.0, and 3.5 Framework versions only) are vulnerable to an uncontrolled recursion, which may allow an attacker to trigger a stack overflow.",3.9,,,4.0,CIPLLP-PRANAY,*,Claimpower,Microsoft_.NET Framework 4.0 Full_4.0_x64_
SQL Server 2022,CVE-2024-29043,Microsoft,High,CVSS:3.1/AV:N/AC:L/PR:N/UI:R/S:U/C:H/I:H/A:H,No,04/09/24 17:15:00,8.8,01/19/26 07:10:10,0,N/A,https://www.vicarius.io/vsociety/vulnerabilities/358566/CVE-2024-29043,Microsoft ODBC Driver for SQL Server Remote Code Execution Vulnerability,2.8,,,16.0.1000.6,CIPLL15-TECHCAB,*,Claimpower,Microsoft Corporation_Browser for SQL Server 2022_16.0.1000.6_x64_
SQL Server 2019,CVE-2024-28945,Microsoft,High,CVSS:3.1/AV:N/AC:L/PR:N/UI:R/S:U/C:H/I:H/A:H,No,04/09/24 17:15:00,8.8,01/18/26 23:29:55,0,N/A,https://www.vicarius.io/vsociety/vulnerabilities/358567/CVE-2024-28945,Microsoft OLE DB Driver for SQL Server Remote Code Execution Vulnerability,2.8,,,15.0.2000.5,CIPLL36-PRABHAK,*,Claimpower,Microsoft Corporation_Microsoft System CLR Types for SQL Server 2019_15.0.2000.5_x64_
SQL Server 2022,CVE-2024-29046,Microsoft,High,CVSS:3.1/AV:N/AC:L/PR:N/UI:R/S:U/C:H/I:H/A:H,No,04/09/24 17:15:00,8.8,01/19/26 07:10:10,0,N/A,https://www.vicarius.io/vsociety/vulnerabilities/358563/CVE-2024-29046,Microsoft OLE DB Driver for SQL Server Remote Code Execution Vulnerability,2.8,,,16.0.1000.6,CIPLL15-TECHCAB,*,Claimpower,Microsoft Corporation_Browser for SQL Server 2022_16.0.1000.6_x64_
SQL Server 2022,CVE-2024-29045,Microsoft,High,CVSS:3.1/AV:N/AC:H/PR:N/UI:R/S:U/C:H/I:H/A:H,No,04/09/24 17:15:00,7.5,01/19/26 07:10:10,0,N/A,https://www.vicarius.io/vsociety/vulnerabilities/358564/CVE-2024-29045,Microsoft OLE DB Driver for SQL Server Remote Code Execution Vulnerability,1.6,,,16.0.1000.6,CIPLL15-TECHCAB,*,Claimpower,Microsoft Corporation_Browser for SQL Server 2022_16.0.1000.6_x64_
SQL Server 2019,CVE-2025-55227,Microsoft,High,CVSS:3.1/AV:N/AC:L/PR:L/UI:N/S:U/C:H/I:H/A:H,No,09/09/25 17:16:00,8.8,01/18/26 23:32:39,0,N/A,https://www.vicarius.io/vsociety/vulnerabilities/422076/CVE-2025-55227,Improper neutralization of special elements used in a command (command injection) in SQL Server allows an authorized attacker to elevate privileges over a network.,2.8,,,15.0.4382.1,CIPLL36-PRABHAK,*,Claimpower,Microsoft Corporation_Microsoft SQL Server 2019 LocalDB _15.0.4382.1_x64_
SQL Server 2019,CVE-2024-28927,Microsoft,High,CVSS:3.1/AV:N/AC:L/PR:N/UI:R/S:U/C:H/I:H/A:H,No,04/09/24 17:15:00,8.8,01/19/26 02:13:52,0,N/A,https://www.vicarius.io/vsociety/vulnerabilities/358584/CVE-2024-28927,Microsoft OLE DB Driver for SQL Server Remote Code Execution Vulnerability,2.8,,,15.0.2000.5,CIPLL38-ANKUR,*,Claimpower,Microsoft Corporation_Microsoft System CLR Types for SQL Server 2019_15.0.2000.5_x64_
SQL Server 2019,CVE-2024-28926,Microsoft,High,CVSS:3.1/AV:N/AC:L/PR:N/UI:R/S:U/C:H/I:H/A:H,No,04/09/24 17:15:00,8.8,01/19/26 02:13:52,0,N/A,https://www.vicarius.io/vsociety/vulnerabilities/358585/CVE-2024-28926,Microsoft OLE DB Driver for SQL Server Remote Code Execution Vulnerability,2.8,,,15.0.2000.5,CIPLL38-ANKUR,*,Claimpower,Microsoft Corporation_Microsoft System CLR Types for SQL Server 2019_15.0.2000.5_x64_
SQL Server 2019,CVE-2024-29048,Microsoft,High,CVSS:3.1/AV:N/AC:L/PR:N/UI:R/S:U/C:H/I:H/A:H,No,04/09/24 17:15:00,8.8,01/18/26 23:29:55,0,N/A,https://www.vicarius.io/vsociety/vulnerabilities/358561/CVE-2024-29048,Microsoft OLE DB Driver for SQL Server Remote Code Execution Vulnerability,2.8,,,15.0.2000.5,CIPLL36-PRABHAK,*,Claimpower,Microsoft Corporation_Microsoft System CLR Types for SQL Server 2019_15.0.2000.5_x64_
Asp.net Core,CVE-2025-55315,Microsoft,Critical,CVSS:3.1/AV:N/AC:L/PR:L/UI:N/S:C/C:H/I:H/A:L,No,10/14/25 17:15:00,9.9,01/23/26 16:30:55,0,N/A,https://www.vicarius.io/vsociety/vulnerabilities/427498/CVE-2025-55315,Inconsistent interpretation of http requests (http request/response smuggling) in ASP.NET Core allows an authorized attacker to bypass a security feature over a network.,3.1,,,8.0.6,CIPLLP-ROHAND,*,Claimpower,Microsoft Corporation_Microsoft ASP.NET Core 8.0.6 Targeting Pack (x64)_8.0.6.24269_x64_
.NET,CVE-2021-27434,Microsoft,High,CVSS:3.1/AV:N/AC:L/PR:N/UI:N/S:U/C:H/I:N/A:N,No,05/20/21 14:15:00,7.5,01/19/26 06:57:57,5,N/A,https://www.vicarius.io/vsociety/vulnerabilities/277232/CVE-2021-27434,"Products with Unified Automation .NET based OPC UA Client/Server SDK Bundle: Versions V3.0.7 and prior (.NET 4.5, 4.0, and 3.5 Framework versions only) are vulnerable to an uncontrolled recursion, which may allow an attacker to trigger a stack overflow.",3.9,,,4.0,CIPLDP-SANDESH,*,Claimpower,Microsoft_.NET Framework 4.0 Full_4.0_x64_
Opera Browser,CVE-2009-1599,Opera,High,,No,05/11/09 15:30:00,0,09/16/25 14:50:49,9.3,N/A,https://www.vicarius.io/vsociety/vulnerabilities/137765/CVE-2009-1599,"Opera executes DOM calls in response to a javascript: URI in the target attribute of a submit element within a form contained in an inline PDF file, which might allow remote attackers to bypass intended Adobe Acrobat JavaScript restrictions on accessing the document object, as demonstrated by a web site that permits PDF uploads by untrusted users, and therefore has a shared document.domain between the web site and this javascript: URI.  NOTE: the researcher reports that Adobes position is a PDF file is active content.",0,,,58.0.3135.79,CIPLLP-SHRUTIKA,*,Claimpower,Opera Software_Opera Stable 58.0.3135.79_58.0.3135.79_x64_
Asp.net Core,CVE-2025-26682,Microsoft,High,CVSS:3.1/AV:N/AC:L/PR:N/UI:N/S:U/C:N/I:N/A:H,No,04/08/25 18:15:00,7.5,01/19/26 03:38:22,0,N/A,https://www.vicarius.io/vsociety/vulnerabilities/402445/CVE-2025-26682,Allocation of resources without limits or throttling in ASP.NET Core allows an unauthorized attacker to deny service over a network.,3.9,,,8.0.6,CIPLL09-SERA,*,Claimpower,Microsoft Corporation_Microsoft ASP.NET Core 8.0.6 Targeting Pack (x64)_8.0.6.24269_x64_
Windows 11,CVE-2026-20823,Microsoft,Medium,CVSS:3.1/AV:L/AC:L/PR:L/UI:N/S:U/C:H/I:N/A:N,No,01/13/26 18:16:00,5.5,01/17/26 10:29:42,0,N/A,https://www.vicarius.io/vsociety/vulnerabilities/441062/CVE-2026-20823,Exposure of sensitive information to an unauthorized actor in Windows File Explorer allows an authorized attacker to disclose information locally.,1.8,,*,24H2,CIPLMD10,*,Claimpower,Microsoft_Microsoft Windows 11 Pro_24H2_x64_
Windows 11,CVE-2026-20822,Microsoft,High,CVSS:3.1/AV:L/AC:H/PR:L/UI:N/S:C/C:H/I:H/A:H,No,01/13/26 18:16:00,7.8,01/17/26 10:29:42,0,N/A,https://www.vicarius.io/vsociety/vulnerabilities/441063/CVE-2026-20822,Use after free in Microsoft Graphics Component allows an authorized attacker to elevate privileges locally.,1.1,,*,24H2,CIPLMD10,*,Claimpower,Microsoft_Microsoft Windows 11 Pro_24H2_x64_
Windows 11,CVE-2026-21265,Microsoft,Medium,CVSS:3.1/AV:L/AC:H/PR:H/UI:N/S:U/C:H/I:H/A:H,No,01/13/26 18:16:00,6.4,01/16/26 08:37:29,0,N/A,https://www.vicarius.io/vsociety/vulnerabilities/441115/CVE-2026-21265,"Windows Secure Boot stores Microsoft certificates in the UEFI KEK and DB. These original certificates are approaching expiration, and devices containing affected certificate versions must update them to maintain Secure Boot functionality and avoid compromising security by losing security fixes related to Windows boot manager or Secure Boot.
The operating system’s certificate update protection mechanism relies on firmware components that might contain defects, which can cause certificate trust updates to fail or behave unpredictably. This leads to potential disruption of the Secure Boot trust chain and requires careful validation and deployment to restore intended security guarantees.



Certificate Authority (CA)
Location
Purpose
Expiration Date




Microsoft Corporation KEK CA 2011
KEK
Signs updates to the DB and DBX
06/24/2026


Microsoft Corporation UEFI CA 2011
DB
Signs 3rd party boot loaders, Option ROMs, etc.
06/27/2026


Microsoft Windows Production PCA 2011
DB
Signs the Windows Boot Manager
10/19/2026



For more information see this CVE and Windows Secure Boot certificate expiration and CA updates.",0.5,,*,24H2,CIPLLP-RUSHALI,*,Claimpower,Microsoft_Microsoft Windows 11 Home Single Language_24H2_x64_
Windows 11,CVE-2026-20821,Microsoft,Medium,CVSS:3.1/AV:L/AC:L/PR:N/UI:N/S:U/C:H/I:N/A:N,No,01/13/26 18:16:00,6.2,01/19/26 20:30:49,0,N/A,https://www.vicarius.io/vsociety/vulnerabilities/441064/CVE-2026-20821,Exposure of sensitive information to an unauthorized actor in Windows Remote Procedure Call allows an unauthorized attacker to disclose information locally.,2.5,,*,24H2,CIPLMD10,*,Claimpower,Microsoft_Microsoft Windows 11 Pro_24H2_x64_
Windows 11,CVE-2026-20820,Microsoft,High,CVSS:3.1/AV:L/AC:L/PR:L/UI:N/S:U/C:H/I:H/A:H,No,01/13/26 18:16:00,7.8,01/17/26 10:29:42,0,N/A,https://www.vicarius.io/vsociety/vulnerabilities/441065/CVE-2026-20820,Heap-based buffer overflow in Windows Common Log File System Driver allows an authorized attacker to elevate privileges locally.,1.8,,*,24H2,CIPLMD10,*,Claimpower,Microsoft_Microsoft Windows 11 Pro_24H2_x64_
Windows 11,CVE-2026-20819,Microsoft,Medium,CVSS:3.1/AV:L/AC:L/PR:L/UI:N/S:U/C:H/I:N/A:N,No,01/13/26 18:16:00,5.5,01/17/26 10:29:42,0,N/A,https://www.vicarius.io/vsociety/vulnerabilities/441066/CVE-2026-20819,Untrusted pointer dereference in Windows Virtualization-Based Security (VBS) Enclave allows an authorized attacker to disclose information locally.,1.8,,*,24H2,CIPLMD10,*,Claimpower,Microsoft_Microsoft Windows 11 Pro_24H2_x64_
Windows 11,CVE-2026-21221,Microsoft,High,CVSS:3.1/AV:L/AC:H/PR:L/UI:N/S:U/C:H/I:H/A:H,No,01/13/26 18:16:00,7,01/16/26 08:37:29,0,N/A,https://www.vicarius.io/vsociety/vulnerabilities/441118/CVE-2026-21221,Concurrent execution using shared resource with improper synchronization (race condition) in Capability Access Management Service (camsvc) allows an authorized attacker to elevate privileges locally.,1,,*,24H2,CIPLLP-RUSHALI,*,Claimpower,Microsoft_Microsoft Windows 11 Home Single Language_24H2_x64_
Asp.net Core,CVE-2025-24070,Microsoft,High,CVSS:3.1/AV:N/AC:H/PR:N/UI:N/S:U/C:L/I:L/A:H,No,03/11/25 17:16:00,7,01/18/26 14:59:46,0,N/A,https://www.vicarius.io/vsociety/vulnerabilities/397848/CVE-2025-24070,Weak authentication in ASP.NET Core &amp. Visual Studio allows an unauthorized attacker to elevate privileges over a network.,2.2,,,8.0.6,CIPLV-GAYATHRI,*,Claimpower,Microsoft Corporation_Microsoft ASP.NET Core 8.0.6 Targeting Pack (x64)_8.0.6.24269_x64_
Windows 11,CVE-2026-20827,Microsoft,Medium,CVSS:3.1/AV:L/AC:L/PR:L/UI:N/S:U/C:H/I:N/A:N,No,01/13/26 18:16:00,5.5,01/17/26 10:29:42,0,N/A,https://www.vicarius.io/vsociety/vulnerabilities/441058/CVE-2026-20827,Exposure of sensitive information to an unauthorized actor in Tablet Windows User Interface (TWINUI) Subsystem allows an authorized attacker to disclose information locally.,1.8,,*,24H2,CIPLMD10,*,Claimpower,Microsoft_Microsoft Windows 11 Pro_24H2_x64_
Asp.net Core,CVE-2025-26682,Microsoft,High,CVSS:3.1/AV:N/AC:L/PR:N/UI:N/S:U/C:N/I:N/A:H,No,04/08/25 18:15:00,7.5,01/19/26 04:47:56,0,N/A,https://www.vicarius.io/vsociety/vulnerabilities/402445/CVE-2025-26682,Allocation of resources without limits or throttling in ASP.NET Core allows an unauthorized attacker to deny service over a network.,3.9,,,8.0.6,CIPLLP-VARSHA,*,Claimpower,Microsoft Corporation_Microsoft ASP.NET Core 8.0.6 Targeting Pack (x64)_8.0.6.24269_x64_
Windows 11,CVE-2026-20826,Microsoft,High,CVSS:3.1/AV:L/AC:L/PR:L/UI:N/S:U/C:H/I:H/A:H,No,01/13/26 18:16:00,7.8,01/17/26 10:29:42,0,N/A,https://www.vicarius.io/vsociety/vulnerabilities/441059/CVE-2026-20826,Concurrent execution using shared resource with improper synchronization (race condition) in Tablet Windows User Interface (TWINUI) Subsystem allows an authorized attacker to elevate privileges locally.,1.8,,*,24H2,CIPLMD10,*,Claimpower,Microsoft_Microsoft Windows 11 Pro_24H2_x64_
Windows 11,CVE-2026-20825,Microsoft,Medium,CVSS:3.1/AV:L/AC:L/PR:H/UI:N/S:U/C:H/I:N/A:N,No,01/13/26 18:16:00,4.4,01/17/26 10:29:42,0,N/A,https://www.vicarius.io/vsociety/vulnerabilities/441060/CVE-2026-20825,Improper access control in Windows Hyper-V allows an authorized attacker to disclose information locally.,0.8,,*,24H2,CIPLMD10,*,Claimpower,Microsoft_Microsoft Windows 11 Pro_24H2_x64_
Windows 11,CVE-2026-20824,Microsoft,Medium,CVSS:3.1/AV:L/AC:L/PR:N/UI:R/S:U/C:H/I:N/A:N,No,01/13/26 18:16:00,5.5,01/17/26 10:29:42,0,N/A,https://www.vicarius.io/vsociety/vulnerabilities/441061/CVE-2026-20824,Protection mechanism failure in Windows Remote Assistance allows an unauthorized attacker to bypass a security feature locally.,1.8,,*,24H2,CIPLMD10,*,Claimpower,Microsoft_Microsoft Windows 11 Pro_24H2_x64_
Windows 11,CVE-2023-31096,Microsoft,High,CVSS:3.1/AV:L/AC:L/PR:L/UI:N/S:U/C:H/I:H/A:H,No,10/10/23 19:15:00,7.8,01/17/26 10:29:42,0,N/A,https://www.vicarius.io/vsociety/vulnerabilities/341532/CVE-2023-31096,"An issue was discovered in Broadcom) LSI PCI-SV92EX Soft Modem Kernel Driver through 2.2.100.1 (aka AGRSM64.sys). There is Local Privilege Escalation to SYSTEM via a Stack Overflow in RTLCopyMemory (IOCTL 0x1b2150). An attacker can exploit this to elevate privileges from a medium-integrity process to SYSTEM. This can also be used to bypass kernel-level protections such as AV or PPL, because exploit code runs with high-integrity privileges and can be used in coordinated BYOVD (bring your own vulnerable driver) ransomware campaigns.",1.8,,*,24H2,CIPLMD10,*,Claimpower,Microsoft_Microsoft Windows 11 Pro_24H2_x64_
.NET,CVE-2021-27434,Microsoft,High,CVSS:3.1/AV:N/AC:L/PR:N/UI:N/S:U/C:H/I:N/A:N,No,05/20/21 14:15:00,7.5,01/19/26 07:07:26,5,N/A,https://www.vicarius.io/vsociety/vulnerabilities/277232/CVE-2021-27434,"Products with Unified Automation .NET based OPC UA Client/Server SDK Bundle: Versions V3.0.7 and prior (.NET 4.5, 4.0, and 3.5 Framework versions only) are vulnerable to an uncontrolled recursion, which may allow an attacker to trigger a stack overflow.",3.9,,,4.0,CIPLL15-TECHCAB,*,Claimpower,Microsoft_.NET Framework 4.0 Full_4.0_x64_
Asp.net Core,CVE-2025-24070,Microsoft,High,CVSS:3.1/AV:N/AC:H/PR:N/UI:N/S:U/C:L/I:L/A:H,No,03/11/25 17:16:00,7,01/19/26 03:38:22,0,N/A,https://www.vicarius.io/vsociety/vulnerabilities/397848/CVE-2025-24070,Weak authentication in ASP.NET Core &amp. Visual Studio allows an unauthorized attacker to elevate privileges over a network.,2.2,,,8.0.6,CIPLL09-SERA,*,Claimpower,Microsoft Corporation_Microsoft ASP.NET Core 8.0.6 Targeting Pack (x64)_8.0.6.24269_x64_
Asp.net Core,CVE-2025-26682,Microsoft,High,CVSS:3.1/AV:N/AC:L/PR:N/UI:N/S:U/C:N/I:N/A:H,No,04/08/25 18:15:00,7.5,01/18/26 13:21:30,0,N/A,https://www.vicarius.io/vsociety/vulnerabilities/402445/CVE-2025-26682,Allocation of resources without limits or throttling in ASP.NET Core allows an unauthorized attacker to deny service over a network.,3.9,,,8.0.6,CIPLL04-RAJI,*,Claimpower,Microsoft Corporation_Microsoft ASP.NET Core 8.0.6 Targeting Pack (x64)_8.0.6.24269_x64_
Asp.net Core,CVE-2025-55315,Microsoft,Critical,CVSS:3.1/AV:N/AC:L/PR:L/UI:N/S:C/C:H/I:H/A:L,No,10/14/25 17:15:00,9.9,01/19/26 04:47:10,0,N/A,https://www.vicarius.io/vsociety/vulnerabilities/427498/CVE-2025-55315,Inconsistent interpretation of http requests (http request/response smuggling) in ASP.NET Core allows an authorized attacker to bypass a security feature over a network.,3.1,,,8.0.6,CIPLLP-DAVID,*,Claimpower,Microsoft Corporation_Microsoft ASP.NET Core 8.0.6 Targeting Pack (x64)_8.0.6.24269_x64_
Windows 11,CVE-2026-20962,Microsoft,Medium,CVSS:3.1/AV:L/AC:L/PR:H/UI:N/S:U/C:H/I:N/A:N,No,01/13/26 18:16:00,4.4,01/16/26 08:37:29,0,N/A,https://www.vicarius.io/vsociety/vulnerabilities/441122/CVE-2026-20962,Use of uninitialized resource in Dynamic Root of Trust for Measurement (DRTM) allows an authorized attacker to disclose information locally.,0.8,,*,24H2,CIPLLP-RUSHALI,*,Claimpower,Microsoft_Microsoft Windows 11 Home Single Language_24H2_x64_
Asp.net Core,CVE-2025-26682,Microsoft,High,CVSS:3.1/AV:N/AC:L/PR:N/UI:N/S:U/C:N/I:N/A:H,No,04/08/25 18:15:00,7.5,01/19/26 06:42:38,0,N/A,https://www.vicarius.io/vsociety/vulnerabilities/402445/CVE-2025-26682,Allocation of resources without limits or throttling in ASP.NET Core allows an unauthorized attacker to deny service over a network.,3.9,,,8.0.6,CIPLLP-PRANAY,*,Claimpower,Microsoft Corporation_Microsoft ASP.NET Core 8.0.6 Targeting Pack (x64)_8.0.6.24269_x64_
SQL Server 2022,CVE-2024-21425,Microsoft,High,CVSS:3.1/AV:N/AC:L/PR:N/UI:R/S:U/C:H/I:H/A:H,No,07/09/24 17:15:00,8.8,01/19/26 07:09:52,0,N/A,https://www.vicarius.io/vsociety/vulnerabilities/372549/CVE-2024-21425,SQL Server Native Client OLE DB Provider Remote Code Execution Vulnerability,2.8,,,16.0.1000.6,CIPLL15-TECHCAB,*,Claimpower,Microsoft Corporation_SQL Server 2022 Connection Info_16.0.1000.6_x64_
SQL Server 2019,CVE-2024-29043,Microsoft,High,CVSS:3.1/AV:N/AC:L/PR:N/UI:R/S:U/C:H/I:H/A:H,No,04/09/24 17:15:00,8.8,01/19/26 02:13:52,0,N/A,https://www.vicarius.io/vsociety/vulnerabilities/358566/CVE-2024-29043,Microsoft ODBC Driver for SQL Server Remote Code Execution Vulnerability,2.8,,,15.0.2000.5,CIPLL38-ANKUR,*,Claimpower,Microsoft Corporation_Microsoft System CLR Types for SQL Server 2019_15.0.2000.5_x64_
SQL Server 2019,CVE-2024-28945,Microsoft,High,CVSS:3.1/AV:N/AC:L/PR:N/UI:R/S:U/C:H/I:H/A:H,No,04/09/24 17:15:00,8.8,01/19/26 02:13:52,0,N/A,https://www.vicarius.io/vsociety/vulnerabilities/358567/CVE-2024-28945,Microsoft OLE DB Driver for SQL Server Remote Code Execution Vulnerability,2.8,,,15.0.2000.5,CIPLL38-ANKUR,*,Claimpower,Microsoft Corporation_Microsoft System CLR Types for SQL Server 2019_15.0.2000.5_x64_
Asp.net Core,CVE-2025-55315,Microsoft,Critical,CVSS:3.1/AV:N/AC:L/PR:L/UI:N/S:C/C:H/I:H/A:L,No,10/14/25 17:15:00,9.9,01/18/26 13:34:30,0,N/A,https://www.vicarius.io/vsociety/vulnerabilities/427498/CVE-2025-55315,Inconsistent interpretation of http requests (http request/response smuggling) in ASP.NET Core allows an authorized attacker to bypass a security feature over a network.,3.1,,,8.0.6,CIPLLP-SMITA,*,Claimpower,Microsoft Corporation_Microsoft ASP.NET Core 8.0.6 Targeting Pack (x64)_8.0.6.24269_x64_
SQL Server 2019,CVE-2025-59499,Microsoft,High,CVSS:3.1/AV:N/AC:L/PR:L/UI:N/S:U/C:H/I:H/A:H,No,11/11/25 18:15:00,8.8,01/18/26 23:32:39,0,N/A,https://www.vicarius.io/vsociety/vulnerabilities/431418/CVE-2025-59499,Improper neutralization of special elements used in an sql command (sql injection) in SQL Server allows an authorized attacker to elevate privileges over a network.,2.8,,,15.0.4382.1,CIPLL36-PRABHAK,*,Claimpower,Microsoft Corporation_Microsoft SQL Server 2019 LocalDB _15.0.4382.1_x64_
Asp.net Core,CVE-2025-24070,Microsoft,High,CVSS:3.1/AV:N/AC:H/PR:N/UI:N/S:U/C:L/I:L/A:H,No,03/11/25 17:16:00,7,01/23/26 16:30:55,0,N/A,https://www.vicarius.io/vsociety/vulnerabilities/397848/CVE-2025-24070,Weak authentication in ASP.NET Core &amp. Visual Studio allows an unauthorized attacker to elevate privileges over a network.,2.2,,,8.0.6,CIPLLP-ROHAND,*,Claimpower,Microsoft Corporation_Microsoft ASP.NET Core 8.0.6 Targeting Pack (x64)_8.0.6.24269_x64_
Windows 11,CVE-2026-20838,Microsoft,Medium,CVSS:3.1/AV:L/AC:L/PR:L/UI:N/S:U/C:H/I:N/A:N,No,01/13/26 18:16:00,5.5,01/17/26 10:29:42,0,N/A,https://www.vicarius.io/vsociety/vulnerabilities/441047/CVE-2026-20838,Generation of error message containing sensitive information in Windows Kernel allows an authorized attacker to disclose information locally.,1.8,,*,24H2,CIPLMD10,*,Claimpower,Microsoft_Microsoft Windows 11 Pro_24H2_x64_
SQL Server 2019,CVE-2025-49719,Microsoft,High,CVSS:3.1/AV:N/AC:L/PR:N/UI:N/S:U/C:H/I:N/A:N,No,07/08/25 17:15:00,7.5,01/19/26 02:12:59,0,N/A,https://www.vicarius.io/vsociety/vulnerabilities/414337/CVE-2025-49719,Improper input validation in SQL Server allows an unauthorized attacker to disclose information over a network.,3.9,,,15.0.4382.1,CIPLL38-ANKUR,*,Claimpower,Microsoft Corporation_Microsoft SQL Server 2019 LocalDB _15.0.4382.1_x64_
Windows 11,CVE-2026-20837,Microsoft,High,CVSS:3.1/AV:L/AC:L/PR:N/UI:R/S:U/C:H/I:H/A:H,No,01/13/26 18:16:00,7.8,01/17/26 10:29:42,0,N/A,https://www.vicarius.io/vsociety/vulnerabilities/441048/CVE-2026-20837,Heap-based buffer overflow in Windows Media allows an unauthorized attacker to execute code locally.,1.8,,*,24H2,CIPLMD10,*,Claimpower,Microsoft_Microsoft Windows 11 Pro_24H2_x64_
SQL Server 2019,CVE-2025-49717,Microsoft,High,CVSS:3.1/AV:N/AC:H/PR:L/UI:N/S:C/C:H/I:H/A:H,No,07/08/25 17:15:00,8.5,01/19/26 02:12:59,0,N/A,https://www.vicarius.io/vsociety/vulnerabilities/414339/CVE-2025-49717,Heap-based buffer overflow in SQL Server allows an authorized attacker to execute code over a network.,1.8,,,15.0.4382.1,CIPLL38-ANKUR,*,Claimpower,Microsoft Corporation_Microsoft SQL Server 2019 LocalDB _15.0.4382.1_x64_
SQL Server 2019,CVE-2025-49718,Microsoft,High,CVSS:3.1/AV:N/AC:L/PR:N/UI:N/S:U/C:H/I:N/A:N,No,07/08/25 17:15:00,7.5,01/19/26 02:12:59,0,N/A,https://www.vicarius.io/vsociety/vulnerabilities/414338/CVE-2025-49718,Use of uninitialized resource in SQL Server allows an unauthorized attacker to disclose information over a network.,3.9,,,15.0.4382.1,CIPLL38-ANKUR,*,Claimpower,Microsoft Corporation_Microsoft SQL Server 2019 LocalDB _15.0.4382.1_x64_
SQL Server 2019,CVE-2024-29045,Microsoft,High,CVSS:3.1/AV:N/AC:H/PR:N/UI:R/S:U/C:H/I:H/A:H,No,04/09/24 17:15:00,7.5,01/19/26 02:13:52,0,N/A,https://www.vicarius.io/vsociety/vulnerabilities/358564/CVE-2024-29045,Microsoft OLE DB Driver for SQL Server Remote Code Execution Vulnerability,1.6,,,15.0.2000.5,CIPLL38-ANKUR,*,Claimpower,Microsoft Corporation_Microsoft System CLR Types for SQL Server 2019_15.0.2000.5_x64_
SQL Server 2019,CVE-2024-29044,Microsoft,High,CVSS:3.1/AV:N/AC:L/PR:N/UI:R/S:U/C:H/I:H/A:H,No,04/09/24 17:15:00,8.8,01/19/26 02:13:52,0,N/A,https://www.vicarius.io/vsociety/vulnerabilities/358565/CVE-2024-29044,Microsoft OLE DB Driver for SQL Server Remote Code Execution Vulnerability,2.8,,,15.0.2000.5,CIPLL38-ANKUR,*,Claimpower,Microsoft Corporation_Microsoft System CLR Types for SQL Server 2019_15.0.2000.5_x64_
SQL Server 2019,CVE-2025-47997,Microsoft,Medium,CVSS:3.1/AV:N/AC:L/PR:L/UI:N/S:U/C:H/I:N/A:N,No,09/09/25 17:15:00,6.5,01/19/26 02:12:59,0,N/A,https://www.vicarius.io/vsociety/vulnerabilities/422165/CVE-2025-47997,Concurrent execution using shared resource with improper synchronization (race condition) in SQL Server allows an authorized attacker to disclose information over a network.,2.8,,,15.0.4382.1,CIPLL38-ANKUR,*,Claimpower,Microsoft Corporation_Microsoft SQL Server 2019 LocalDB _15.0.4382.1_x64_
SQL Server 2019,CVE-2024-29046,Microsoft,High,CVSS:3.1/AV:N/AC:L/PR:N/UI:R/S:U/C:H/I:H/A:H,No,04/09/24 17:15:00,8.8,01/19/26 02:13:52,0,N/A,https://www.vicarius.io/vsociety/vulnerabilities/358563/CVE-2024-29046,Microsoft OLE DB Driver for SQL Server Remote Code Execution Vulnerability,2.8,,,15.0.2000.5,CIPLL38-ANKUR,*,Claimpower,Microsoft Corporation_Microsoft System CLR Types for SQL Server 2019_15.0.2000.5_x64_
Windows 11,CVE-2026-20842,Microsoft,High,CVSS:3.1/AV:L/AC:H/PR:L/UI:N/S:U/C:H/I:H/A:H,No,01/13/26 18:16:00,7,01/17/26 10:29:42,0,N/A,https://www.vicarius.io/vsociety/vulnerabilities/441044/CVE-2026-20842,Use after free in Windows DWM allows an authorized attacker to elevate privileges locally.,1,,*,24H2,CIPLMD10,*,Claimpower,Microsoft_Microsoft Windows 11 Pro_24H2_x64_
SQL Server 2019,CVE-2024-29048,Microsoft,High,CVSS:3.1/AV:N/AC:L/PR:N/UI:R/S:U/C:H/I:H/A:H,No,04/09/24 17:15:00,8.8,01/19/26 02:13:52,0,N/A,https://www.vicarius.io/vsociety/vulnerabilities/358561/CVE-2024-29048,Microsoft OLE DB Driver for SQL Server Remote Code Execution Vulnerability,2.8,,,15.0.2000.5,CIPLL38-ANKUR,*,Claimpower,Microsoft Corporation_Microsoft System CLR Types for SQL Server 2019_15.0.2000.5_x64_
Windows 11,CVE-2026-20840,Microsoft,High,CVSS:3.1/AV:L/AC:L/PR:L/UI:N/S:U/C:H/I:H/A:H,No,01/13/26 18:16:00,7.8,01/17/26 10:29:42,0,N/A,https://www.vicarius.io/vsociety/vulnerabilities/441045/CVE-2026-20840,Heap-based buffer overflow in Windows NTFS allows an authorized attacker to execute code locally.,1.8,,*,24H2,CIPLMD10,*,Claimpower,Microsoft_Microsoft Windows 11 Pro_24H2_x64_
Windows 11,CVE-2026-20839,Microsoft,Medium,CVSS:3.1/AV:L/AC:L/PR:L/UI:N/S:U/C:H/I:N/A:N,No,01/13/26 18:16:00,5.5,01/17/26 10:29:42,0,N/A,https://www.vicarius.io/vsociety/vulnerabilities/441046/CVE-2026-20839,Improper access control in Windows Client-Side Caching (CSC) Service allows an authorized attacker to disclose information locally.,1.8,,*,24H2,CIPLMD10,*,Claimpower,Microsoft_Microsoft Windows 11 Pro_24H2_x64_
SQL Server 2019,CVE-2024-28928,Microsoft,High,CVSS:3.1/AV:N/AC:L/PR:N/UI:R/S:U/C:H/I:H/A:H,No,07/09/24 17:15:00,8.8,01/19/26 02:13:52,0,N/A,https://www.vicarius.io/vsociety/vulnerabilities/370865/CVE-2024-28928,SQL Server Native Client OLE DB Provider Remote Code Execution Vulnerability,2.8,,,15.0.2000.5,CIPLL38-ANKUR,*,Claimpower,Microsoft Corporation_Microsoft System CLR Types for SQL Server 2019_15.0.2000.5_x64_
Windows 11,CVE-2026-20851,Microsoft,Medium,CVSS:3.1/AV:L/AC:L/PR:N/UI:N/S:U/C:H/I:N/A:N,No,01/13/26 18:16:00,6.2,01/17/26 10:29:42,0,N/A,https://www.vicarius.io/vsociety/vulnerabilities/441038/CVE-2026-20851,Out-of-bounds read in Capability Access Management Service (camsvc) allows an unauthorized attacker to disclose information locally.,2.5,,*,24H2,CIPLMD10,*,Claimpower,Microsoft_Microsoft Windows 11 Pro_24H2_x64_
Windows 11,CVE-2026-20849,Microsoft,High,CVSS:3.1/AV:N/AC:H/PR:L/UI:N/S:U/C:H/I:H/A:H,No,01/13/26 18:16:00,7.5,01/17/26 10:29:42,0,N/A,https://www.vicarius.io/vsociety/vulnerabilities/441039/CVE-2026-20849,Reliance on untrusted inputs in a security decision in Windows Kerberos allows an authorized attacker to elevate privileges over a network.,1.6,,*,24H2,CIPLMD10,*,Claimpower,Microsoft_Microsoft Windows 11 Pro_24H2_x64_
Windows 11,CVE-2026-20848,Microsoft,High,CVSS:3.1/AV:N/AC:H/PR:L/UI:N/S:U/C:H/I:H/A:H,No,01/13/26 18:16:00,7.5,01/17/26 10:29:42,0,N/A,https://www.vicarius.io/vsociety/vulnerabilities/441040/CVE-2026-20848,Concurrent execution using shared resource with improper synchronization (race condition) in Windows SMB Server allows an authorized attacker to elevate privileges over a network.,1.6,,*,24H2,CIPLMD10,*,Claimpower,Microsoft_Microsoft Windows 11 Pro_24H2_x64_
Windows 11,CVE-2026-20847,Microsoft,Medium,CVSS:3.1/AV:N/AC:L/PR:L/UI:N/S:U/C:H/I:N/A:N,No,01/13/26 18:16:00,6.5,01/17/26 10:29:42,0,N/A,https://www.vicarius.io/vsociety/vulnerabilities/441041/CVE-2026-20847,Exposure of sensitive information to an unauthorized actor in Windows Shell allows an authorized attacker to perform spoofing over a network.,2.8,,*,24H2,CIPLMD10,*,Claimpower,Microsoft_Microsoft Windows 11 Pro_24H2_x64_
Windows 11,CVE-2026-20844,Microsoft,High,CVSS:3.1/AV:L/AC:H/PR:N/UI:N/S:U/C:H/I:H/A:H,No,01/13/26 18:16:00,7.4,01/17/26 10:29:42,0,N/A,https://www.vicarius.io/vsociety/vulnerabilities/441042/CVE-2026-20844,Use after free in Windows Clipboard Server allows an unauthorized attacker to elevate privileges locally.,1.4,,*,24H2,CIPLMD10,*,Claimpower,Microsoft_Microsoft Windows 11 Pro_24H2_x64_
SQL Server 2019,CVE-2025-49759,Microsoft,High,CVSS:3.1/AV:N/AC:L/PR:L/UI:N/S:U/C:H/I:H/A:H,No,08/12/25 18:15:00,8.8,01/19/26 02:12:59,0,N/A,https://www.vicarius.io/vsociety/vulnerabilities/418520/CVE-2025-49759,Improper neutralization of special elements used in an sql command (sql injection) in SQL Server allows an authorized attacker to elevate privileges over a network.,2.8,,,15.0.4382.1,CIPLL38-ANKUR,*,Claimpower,Microsoft Corporation_Microsoft SQL Server 2019 LocalDB _15.0.4382.1_x64_
Windows 11,CVE-2026-20843,Microsoft,High,CVSS:3.1/AV:L/AC:L/PR:L/UI:N/S:U/C:H/I:H/A:H,No,01/13/26 18:16:00,7.8,01/17/26 10:29:42,0,N/A,https://www.vicarius.io/vsociety/vulnerabilities/441043/CVE-2026-20843,Improper access control in Windows Routing and Remote Access Service (RRAS) allows an authorized attacker to elevate privileges locally.,1.8,,*,24H2,CIPLMD10,*,Claimpower,Microsoft_Microsoft Windows 11 Pro_24H2_x64_
SQL Server 2019,CVE-2025-49758,Microsoft,High,CVSS:3.1/AV:N/AC:L/PR:L/UI:N/S:U/C:H/I:H/A:H,No,08/12/25 18:15:00,8.8,01/19/26 02:12:59,0,N/A,https://www.vicarius.io/vsociety/vulnerabilities/418521/CVE-2025-49758,Improper neutralization of special elements used in an sql command (sql injection) in SQL Server allows an authorized attacker to elevate privileges over a network.,2.8,,,15.0.4382.1,CIPLL38-ANKUR,*,Claimpower,Microsoft Corporation_Microsoft SQL Server 2019 LocalDB _15.0.4382.1_x64_
Windows 11,CVE-2026-20854,Microsoft,High,CVSS:3.1/AV:N/AC:H/PR:L/UI:N/S:U/C:H/I:H/A:H,No,01/13/26 18:16:00,7.5,01/17/26 10:29:42,0,N/A,https://www.vicarius.io/vsociety/vulnerabilities/441035/CVE-2026-20854,Use after free in Windows Local Security Authority Subsystem Service (LSASS) allows an authorized attacker to execute code over a network.,1.6,,*,24H2,CIPLMD10,*,Claimpower,Microsoft_Microsoft Windows 11 Pro_24H2_x64_
Windows 11,CVE-2026-20853,Microsoft,High,CVSS:3.1/AV:L/AC:H/PR:N/UI:N/S:U/C:H/I:H/A:H,No,01/13/26 18:16:00,7.4,01/17/26 10:29:42,0,N/A,https://www.vicarius.io/vsociety/vulnerabilities/441036/CVE-2026-20853,Concurrent execution using shared resource with improper synchronization (race condition) in Windows WalletService allows an unauthorized attacker to elevate privileges locally.,1.4,,*,24H2,CIPLMD10,*,Claimpower,Microsoft_Microsoft Windows 11 Pro_24H2_x64_
Windows 11,CVE-2026-20852,Microsoft,High,CVSS:3.1/AV:L/AC:L/PR:N/UI:N/S:U/C:H/I:H/A:N,No,01/13/26 18:16:00,7.7,01/17/26 10:29:42,0,N/A,https://www.vicarius.io/vsociety/vulnerabilities/441037/CVE-2026-20852,Incorrect privilege assignment in Windows Hello allows an unauthorized attacker to perform tampering locally.,2.5,,*,24H2,CIPLMD10,*,Claimpower,Microsoft_Microsoft Windows 11 Pro_24H2_x64_
SQL Server 2019,CVE-2024-21398,Microsoft,High,CVSS:3.1/AV:N/AC:L/PR:N/UI:R/S:U/C:H/I:H/A:H,No,07/09/24 17:15:00,8.8,01/19/26 02:13:52,0,N/A,https://www.vicarius.io/vsociety/vulnerabilities/372553/CVE-2024-21398,SQL Server Native Client OLE DB Provider Remote Code Execution Vulnerability,2.8,,,15.0.2000.5,CIPLL38-ANKUR,*,Claimpower,Microsoft Corporation_Microsoft System CLR Types for SQL Server 2019_15.0.2000.5_x64_
SQL Server 2019,CVE-2024-21373,Microsoft,High,CVSS:3.1/AV:N/AC:L/PR:N/UI:R/S:U/C:H/I:H/A:H,No,07/09/24 17:15:00,8.8,01/19/26 02:13:52,0,N/A,https://www.vicarius.io/vsociety/vulnerabilities/372554/CVE-2024-21373,SQL Server Native Client OLE DB Provider Remote Code Execution Vulnerability,2.8,,,15.0.2000.5,CIPLL38-ANKUR,*,Claimpower,Microsoft Corporation_Microsoft System CLR Types for SQL Server 2019_15.0.2000.5_x64_
SQL Server 2019,CVE-2024-21428,Microsoft,High,CVSS:3.1/AV:N/AC:L/PR:N/UI:R/S:U/C:H/I:H/A:H,No,07/09/24 17:15:00,8.8,01/19/26 02:13:52,0,N/A,https://www.vicarius.io/vsociety/vulnerabilities/372548/CVE-2024-21428,SQL Server Native Client OLE DB Provider Remote Code Execution Vulnerability,2.8,,,15.0.2000.5,CIPLL38-ANKUR,*,Claimpower,Microsoft Corporation_Microsoft System CLR Types for SQL Server 2019_15.0.2000.5_x64_
Asp.net Core,CVE-2025-26682,Microsoft,High,CVSS:3.1/AV:N/AC:L/PR:N/UI:N/S:U/C:N/I:N/A:H,No,04/08/25 18:15:00,7.5,01/19/26 02:13:39,0,N/A,https://www.vicarius.io/vsociety/vulnerabilities/402445/CVE-2025-26682,Allocation of resources without limits or throttling in ASP.NET Core allows an unauthorized attacker to deny service over a network.,3.9,,,8.0.6,CIPLL38-ANKUR,*,Claimpower,Microsoft Corporation_Microsoft ASP.NET Core 8.0.6 Targeting Pack (x64)_8.0.6.24269_x64_
SQL Server 2019,CVE-2024-21414,Microsoft,High,CVSS:3.1/AV:N/AC:L/PR:N/UI:R/S:U/C:H/I:H/A:H,No,07/09/24 17:15:00,8.8,01/19/26 02:13:52,0,N/A,https://www.vicarius.io/vsociety/vulnerabilities/372552/CVE-2024-21414,SQL Server Native Client OLE DB Provider Remote Code Execution Vulnerability,2.8,,,15.0.2000.5,CIPLL38-ANKUR,*,Claimpower,Microsoft Corporation_Microsoft System CLR Types for SQL Server 2019_15.0.2000.5_x64_
SQL Server 2019,CVE-2024-21415,Microsoft,High,CVSS:3.1/AV:N/AC:L/PR:N/UI:R/S:U/C:H/I:H/A:H,No,07/09/24 17:15:00,8.8,01/19/26 02:13:52,0,N/A,https://www.vicarius.io/vsociety/vulnerabilities/372551/CVE-2024-21415,SQL Server Native Client OLE DB Provider Remote Code Execution Vulnerability,2.8,,,15.0.2000.5,CIPLL38-ANKUR,*,Claimpower,Microsoft Corporation_Microsoft System CLR Types for SQL Server 2019_15.0.2000.5_x64_
Opera Browser,CVE-2007-5274,Opera,Low,,No,10/08/07 23:17:00,0,09/16/25 14:50:49,2.6,N/A,https://www.vicarius.io/vsociety/vulnerabilities/127909/CVE-2007-5274,"Sun Java Runtime Environment (JRE) in JDK and JRE 6 Update 2 and earlier, JDK and JRE 5.0 Update 12 and earlier, SDK and JRE 1.4.2_15 and earlier, and SDK and JRE 1.3.1_20 and earlier, when Firefox or Opera is used, allows remote attackers to violate the security model for JavaScript outbound connections via a multi-pin DNS rebinding attack dependent on the LiveConnect API, in which JavaScript download relies on DNS resolution by the browser, but JavaScript socket operations rely on separate DNS resolution by a Java Virtual Machine (JVM), a different issue than CVE-2007-5273.  NOTE: this is similar to CVE-2007-5232.",0,,,58.0.3135.79,CIPLLP-SHRUTIKA,*,Claimpower,Opera Software_Opera Stable 58.0.3135.79_58.0.3135.79_x64_
Windows 11,CVE-2026-20962,Microsoft,Medium,CVSS:3.1/AV:L/AC:L/PR:H/UI:N/S:U/C:H/I:N/A:N,No,01/13/26 18:16:00,4.4,01/17/26 10:29:42,0,N/A,https://www.vicarius.io/vsociety/vulnerabilities/441122/CVE-2026-20962,Use of uninitialized resource in Dynamic Root of Trust for Measurement (DRTM) allows an authorized attacker to disclose information locally.,0.8,,*,24H2,CIPLMD10,*,Claimpower,Microsoft_Microsoft Windows 11 Pro_24H2_x64_
Asp.net Core,CVE-2025-26682,Microsoft,High,CVSS:3.1/AV:N/AC:L/PR:N/UI:N/S:U/C:N/I:N/A:H,No,04/08/25 18:15:00,7.5,01/18/26 23:29:55,0,N/A,https://www.vicarius.io/vsociety/vulnerabilities/402445/CVE-2025-26682,Allocation of resources without limits or throttling in ASP.NET Core allows an unauthorized attacker to deny service over a network.,3.9,,,8.0.6,CIPLL36-PRABHAK,*,Claimpower,Microsoft Corporation_Microsoft ASP.NET Core 8.0.6 Targeting Pack (x64)_8.0.6.24269_x64_
SQL Server 2022,CVE-2024-28928,Microsoft,High,CVSS:3.1/AV:N/AC:L/PR:N/UI:R/S:U/C:H/I:H/A:H,No,07/09/24 17:15:00,8.8,01/19/26 07:10:10,0,N/A,https://www.vicarius.io/vsociety/vulnerabilities/370865/CVE-2024-28928,SQL Server Native Client OLE DB Provider Remote Code Execution Vulnerability,2.8,,,16.0.1000.6,CIPLL15-TECHCAB,*,Claimpower,Microsoft Corporation_Browser for SQL Server 2022_16.0.1000.6_x64_
SQL Server 2019,CVE-2024-37965,Microsoft,High,CVSS:3.1/AV:N/AC:L/PR:L/UI:N/S:U/C:H/I:H/A:H,No,09/10/24 17:15:00,8.8,01/18/26 23:32:39,0,N/A,https://www.vicarius.io/vsociety/vulnerabilities/376417/CVE-2024-37965,Microsoft SQL Server Elevation of Privilege Vulnerability,2.8,,,15.0.4382.1,CIPLL36-PRABHAK,*,Claimpower,Microsoft Corporation_Microsoft SQL Server 2019 LocalDB _15.0.4382.1_x64_
SQL Server 2019,CVE-2024-21317,Microsoft,High,CVSS:3.1/AV:N/AC:L/PR:N/UI:R/S:U/C:H/I:H/A:H,No,07/09/24 17:15:00,8.8,01/19/26 02:13:52,0,N/A,https://www.vicarius.io/vsociety/vulnerabilities/372559/CVE-2024-21317,SQL Server Native Client OLE DB Provider Remote Code Execution Vulnerability,2.8,,,15.0.2000.5,CIPLL38-ANKUR,*,Claimpower,Microsoft Corporation_Microsoft System CLR Types for SQL Server 2019_15.0.2000.5_x64_
SQL Server 2019,CVE-2024-37966,Microsoft,High,CVSS:3.1/AV:N/AC:L/PR:L/UI:N/S:U/C:H/I:N/A:L,No,09/10/24 17:15:00,7.1,01/18/26 23:32:39,0,N/A,https://www.vicarius.io/vsociety/vulnerabilities/376416/CVE-2024-37966,Microsoft SQL Server Native Scoring Information Disclosure Vulnerability,2.8,,,15.0.4382.1,CIPLL36-PRABHAK,*,Claimpower,Microsoft Corporation_Microsoft SQL Server 2019 LocalDB _15.0.4382.1_x64_
SQL Server 2019,CVE-2024-21332,Microsoft,High,CVSS:3.1/AV:N/AC:L/PR:N/UI:R/S:U/C:H/I:H/A:H,No,07/09/24 17:15:00,8.8,01/19/26 02:13:52,0,N/A,https://www.vicarius.io/vsociety/vulnerabilities/372557/CVE-2024-21332,SQL Server Native Client OLE DB Provider Remote Code Execution Vulnerability,2.8,,,15.0.2000.5,CIPLL38-ANKUR,*,Claimpower,Microsoft Corporation_Microsoft System CLR Types for SQL Server 2019_15.0.2000.5_x64_
.NET,CVE-2021-27434,Microsoft,High,CVSS:3.1/AV:N/AC:L/PR:N/UI:N/S:U/C:H/I:N/A:N,No,05/20/21 14:15:00,7.5,01/18/26 16:25:46,5,N/A,https://www.vicarius.io/vsociety/vulnerabilities/277232/CVE-2021-27434,"Products with Unified Automation .NET based OPC UA Client/Server SDK Bundle: Versions V3.0.7 and prior (.NET 4.5, 4.0, and 3.5 Framework versions only) are vulnerable to an uncontrolled recursion, which may allow an attacker to trigger a stack overflow.",3.9,,,4.0,CIPLLP-MAYURI,*,Claimpower,Microsoft_.NET Framework 4.0 Full_4.0_x64_
SQL Server 2019,CVE-2024-28927,Microsoft,High,CVSS:3.1/AV:N/AC:L/PR:N/UI:R/S:U/C:H/I:H/A:H,No,04/09/24 17:15:00,8.8,01/18/26 23:29:55,0,N/A,https://www.vicarius.io/vsociety/vulnerabilities/358584/CVE-2024-28927,Microsoft OLE DB Driver for SQL Server Remote Code Execution Vulnerability,2.8,,,15.0.2000.5,CIPLL36-PRABHAK,*,Claimpower,Microsoft Corporation_Microsoft System CLR Types for SQL Server 2019_15.0.2000.5_x64_
SQL Server 2019,CVE-2024-28926,Microsoft,High,CVSS:3.1/AV:N/AC:L/PR:N/UI:R/S:U/C:H/I:H/A:H,No,04/09/24 17:15:00,8.8,01/18/26 23:29:55,0,N/A,https://www.vicarius.io/vsociety/vulnerabilities/358585/CVE-2024-28926,Microsoft OLE DB Driver for SQL Server Remote Code Execution Vulnerability,2.8,,,15.0.2000.5,CIPLL36-PRABHAK,*,Claimpower,Microsoft Corporation_Microsoft System CLR Types for SQL Server 2019_15.0.2000.5_x64_
SQL Server 2019,CVE-2024-21335,Microsoft,High,CVSS:3.1/AV:N/AC:L/PR:N/UI:R/S:U/C:H/I:H/A:H,No,07/09/24 17:15:00,8.8,01/19/26 02:13:52,0,N/A,https://www.vicarius.io/vsociety/vulnerabilities/372555/CVE-2024-21335,SQL Server Native Client OLE DB Provider Remote Code Execution Vulnerability,2.8,,,15.0.2000.5,CIPLL38-ANKUR,*,Claimpower,Microsoft Corporation_Microsoft System CLR Types for SQL Server 2019_15.0.2000.5_x64_
SQL Server 2019,CVE-2025-53727,Microsoft,High,CVSS:3.1/AV:N/AC:L/PR:L/UI:N/S:U/C:H/I:H/A:H,No,08/12/25 18:15:00,8.8,01/18/26 23:32:39,0,N/A,https://www.vicarius.io/vsociety/vulnerabilities/418461/CVE-2025-53727,Improper neutralization of special elements used in an sql command (sql injection) in SQL Server allows an authorized attacker to elevate privileges over a network.,2.8,,,15.0.4382.1,CIPLL36-PRABHAK,*,Claimpower,Microsoft Corporation_Microsoft SQL Server 2019 LocalDB _15.0.4382.1_x64_
SQL Server 2019,CVE-2024-21308,Microsoft,High,CVSS:3.1/AV:N/AC:L/PR:N/UI:R/S:U/C:H/I:H/A:H,No,07/09/24 17:15:00,8.8,01/19/26 02:13:52,0,N/A,https://www.vicarius.io/vsociety/vulnerabilities/372560/CVE-2024-21308,SQL Server Native Client OLE DB Provider Remote Code Execution Vulnerability,2.8,,,15.0.2000.5,CIPLL38-ANKUR,*,Claimpower,Microsoft Corporation_Microsoft System CLR Types for SQL Server 2019_15.0.2000.5_x64_
Opera Browser,CVE-2010-0653,Opera,Medium,,No,02/18/10 18:00:00,0,09/16/25 14:50:49,4.3,N/A,https://www.vicarius.io/vsociety/vulnerabilities/141720/CVE-2010-0653,"Opera before 10.10 permits cross-origin loading of CSS stylesheets even when the stylesheet download has an incorrect MIME type and the stylesheet document is malformed, which allows remote attackers to obtain sensitive information via a crafted document.",0,,,58.0.3135.79,CIPLLP-SHRUTIKA,*,Claimpower,Opera Software_Opera Stable 58.0.3135.79_58.0.3135.79_x64_
SQL Server 2019,CVE-2024-21331,Microsoft,High,CVSS:3.1/AV:N/AC:L/PR:N/UI:R/S:U/C:H/I:H/A:H,No,07/09/24 17:15:00,8.8,01/19/26 02:13:52,0,N/A,https://www.vicarius.io/vsociety/vulnerabilities/372558/CVE-2024-21331,SQL Server Native Client OLE DB Provider Remote Code Execution Vulnerability,2.8,,,15.0.2000.5,CIPLL38-ANKUR,*,Claimpower,Microsoft Corporation_Microsoft System CLR Types for SQL Server 2019_15.0.2000.5_x64_
SQL Server 2022,CVE-2024-21428,Microsoft,High,CVSS:3.1/AV:N/AC:L/PR:N/UI:R/S:U/C:H/I:H/A:H,No,07/09/24 17:15:00,8.8,01/19/26 07:10:10,0,N/A,https://www.vicarius.io/vsociety/vulnerabilities/372548/CVE-2024-21428,SQL Server Native Client OLE DB Provider Remote Code Execution Vulnerability,2.8,,,16.0.1000.6,CIPLL15-TECHCAB,*,Claimpower,Microsoft Corporation_Browser for SQL Server 2022_16.0.1000.6_x64_
SQL Server 2019,CVE-2024-21425,Microsoft,High,CVSS:3.1/AV:N/AC:L/PR:N/UI:R/S:U/C:H/I:H/A:H,No,07/09/24 17:15:00,8.8,01/19/26 02:13:52,0,N/A,https://www.vicarius.io/vsociety/vulnerabilities/372549/CVE-2024-21425,SQL Server Native Client OLE DB Provider Remote Code Execution Vulnerability,2.8,,,15.0.2000.5,CIPLL38-ANKUR,*,Claimpower,Microsoft Corporation_Microsoft System CLR Types for SQL Server 2019_15.0.2000.5_x64_
SQL Server 2019,CVE-2024-21333,Microsoft,High,CVSS:3.1/AV:N/AC:L/PR:N/UI:R/S:U/C:H/I:H/A:H,No,07/09/24 17:15:00,8.8,01/19/26 02:13:52,0,N/A,https://www.vicarius.io/vsociety/vulnerabilities/372556/CVE-2024-21333,SQL Server Native Client OLE DB Provider Remote Code Execution Vulnerability,2.8,,,15.0.2000.5,CIPLL38-ANKUR,*,Claimpower,Microsoft Corporation_Microsoft System CLR Types for SQL Server 2019_15.0.2000.5_x64_
Windows 11,CVE-2026-20831,Microsoft,High,CVSS:3.1/AV:L/AC:L/PR:L/UI:N/S:U/C:H/I:H/A:H,No,01/13/26 18:16:00,7.8,01/17/26 10:29:42,0,N/A,https://www.vicarius.io/vsociety/vulnerabilities/441054/CVE-2026-20831,Time-of-check time-of-use (toctou) race condition in Windows Ancillary Function Driver for WinSock allows an authorized attacker to elevate privileges locally.,1.8,,*,24H2,CIPLMD10,*,Claimpower,Microsoft_Microsoft Windows 11 Pro_24H2_x64_
SQL Server 2019,CVE-2024-28944,Microsoft,High,CVSS:3.1/AV:N/AC:L/PR:N/UI:R/S:U/C:H/I:H/A:H,No,04/09/24 17:15:00,8.8,01/19/26 02:13:52,0,N/A,https://www.vicarius.io/vsociety/vulnerabilities/358568/CVE-2024-28944,Microsoft OLE DB Driver for SQL Server Remote Code Execution Vulnerability,2.8,,,15.0.2000.5,CIPLL38-ANKUR,*,Claimpower,Microsoft Corporation_Microsoft System CLR Types for SQL Server 2019_15.0.2000.5_x64_
.NET,CVE-2021-27434,Microsoft,High,CVSS:3.1/AV:N/AC:L/PR:N/UI:N/S:U/C:H/I:N/A:N,No,05/20/21 14:15:00,7.5,01/12/26 13:43:49,5,N/A,https://www.vicarius.io/vsociety/vulnerabilities/277232/CVE-2021-27434,"Products with Unified Automation .NET based OPC UA Client/Server SDK Bundle: Versions V3.0.7 and prior (.NET 4.5, 4.0, and 3.5 Framework versions only) are vulnerable to an uncontrolled recursion, which may allow an attacker to trigger a stack overflow.",3.9,,,4.0,CIPLMD25,*,Claimpower,Microsoft_.NET Framework 4.0 Full_4.0_x64_
Windows 11,CVE-2026-20829,Microsoft,Medium,CVSS:3.1/AV:L/AC:L/PR:L/UI:N/S:U/C:H/I:N/A:N,No,01/13/26 18:16:00,5.5,01/17/26 10:29:42,0,N/A,https://www.vicarius.io/vsociety/vulnerabilities/441056/CVE-2026-20829,Out-of-bounds read in Windows TPM allows an authorized attacker to disclose information locally.,1.8,,*,24H2,CIPLMD10,*,Claimpower,Microsoft_Microsoft Windows 11 Pro_24H2_x64_
.NET,CVE-2021-27434,Microsoft,High,CVSS:3.1/AV:N/AC:L/PR:N/UI:N/S:U/C:H/I:N/A:N,No,05/20/21 14:15:00,7.5,10/24/25 23:24:40,5,N/A,https://www.vicarius.io/vsociety/vulnerabilities/277232/CVE-2021-27434,"Products with Unified Automation .NET based OPC UA Client/Server SDK Bundle: Versions V3.0.7 and prior (.NET 4.5, 4.0, and 3.5 Framework versions only) are vulnerable to an uncontrolled recursion, which may allow an attacker to trigger a stack overflow.",3.9,,,4.0,CIPLL26-RICHARD,*,Claimpower,Microsoft_.NET Framework 4.0 Full_4.0_x64_
Windows 11,CVE-2026-20828,Microsoft,Medium,CVSS:3.1/AV:P/AC:L/PR:N/UI:N/S:U/C:H/I:N/A:N,No,01/13/26 18:16:00,4.6,01/17/26 10:29:42,0,N/A,https://www.vicarius.io/vsociety/vulnerabilities/441057/CVE-2026-20828,Out-of-bounds read in Windows Internet Connection Sharing (ICS) allows an unauthorized attacker to disclose information with a physical attack.,0.9,,*,24H2,CIPLMD10,*,Claimpower,Microsoft_Microsoft Windows 11 Pro_24H2_x64_
SQL Server 2022,CVE-2024-29985,Microsoft,High,CVSS:3.1/AV:N/AC:L/PR:N/UI:R/S:U/C:H/I:H/A:H,No,04/09/24 17:16:00,8.8,01/19/26 07:10:10,0,N/A,https://www.vicarius.io/vsociety/vulnerabilities/358545/CVE-2024-29985,Microsoft OLE DB Driver for SQL Server Remote Code Execution Vulnerability,2.8,,,16.0.1000.6,CIPLL15-TECHCAB,*,Claimpower,Microsoft Corporation_Browser for SQL Server 2022_16.0.1000.6_x64_
SQL Server 2022,CVE-2024-29984,Microsoft,High,CVSS:3.1/AV:N/AC:L/PR:N/UI:R/S:U/C:H/I:H/A:H,No,04/09/24 17:16:00,8.8,01/19/26 07:10:10,0,N/A,https://www.vicarius.io/vsociety/vulnerabilities/358546/CVE-2024-29984,Microsoft OLE DB Driver for SQL Server Remote Code Execution Vulnerability,2.8,,,16.0.1000.6,CIPLL15-TECHCAB,*,Claimpower,Microsoft Corporation_Browser for SQL Server 2022_16.0.1000.6_x64_
SQL Server 2019,CVE-2024-28939,Microsoft,High,CVSS:3.1/AV:N/AC:L/PR:N/UI:R/S:U/C:H/I:H/A:H,No,04/09/24 17:15:00,8.8,01/19/26 02:13:52,0,N/A,https://www.vicarius.io/vsociety/vulnerabilities/358573/CVE-2024-28939,Microsoft OLE DB Driver for SQL Server Remote Code Execution Vulnerability,2.8,,,15.0.2000.5,CIPLL38-ANKUR,*,Claimpower,Microsoft Corporation_Microsoft System CLR Types for SQL Server 2019_15.0.2000.5_x64_
Windows 11,CVE-2026-20836,Microsoft,High,CVSS:3.1/AV:L/AC:H/PR:L/UI:N/S:U/C:H/I:H/A:H,No,01/13/26 18:16:00,7,01/17/26 10:29:42,0,N/A,https://www.vicarius.io/vsociety/vulnerabilities/441049/CVE-2026-20836,Concurrent execution using shared resource with improper synchronization (race condition) in Graphics Kernel allows an authorized attacker to elevate privileges locally.,1,,*,24H2,CIPLMD10,*,Claimpower,Microsoft_Microsoft Windows 11 Pro_24H2_x64_
Windows 11,CVE-2026-20835,Microsoft,Medium,CVSS:3.1/AV:L/AC:L/PR:L/UI:N/S:U/C:H/I:N/A:N,No,01/13/26 18:16:00,5.5,01/17/26 10:29:42,0,N/A,https://www.vicarius.io/vsociety/vulnerabilities/441050/CVE-2026-20835,Out-of-bounds read in Capability Access Management Service (camsvc) allows an authorized attacker to disclose information locally.,1.8,,*,24H2,CIPLMD10,*,Claimpower,Microsoft_Microsoft Windows 11 Pro_24H2_x64_
Windows 11,CVE-2026-20834,Microsoft,Medium,CVSS:3.1/AV:P/AC:L/PR:N/UI:N/S:U/C:H/I:N/A:N,No,01/13/26 18:16:00,4.6,01/17/26 10:29:42,0,N/A,https://www.vicarius.io/vsociety/vulnerabilities/441051/CVE-2026-20834,Absolute path traversal in Windows Shell allows an unauthorized attacker to perform spoofing with a physical attack.,0.9,,*,24H2,CIPLMD10,*,Claimpower,Microsoft_Microsoft Windows 11 Pro_24H2_x64_
SQL Server 2019,CVE-2024-28940,Microsoft,High,CVSS:3.1/AV:N/AC:L/PR:N/UI:R/S:U/C:H/I:H/A:H,No,04/09/24 17:15:00,8.8,01/19/26 02:13:52,0,N/A,https://www.vicarius.io/vsociety/vulnerabilities/358572/CVE-2024-28940,Microsoft OLE DB Driver for SQL Server Remote Code Execution Vulnerability,2.8,,,15.0.2000.5,CIPLL38-ANKUR,*,Claimpower,Microsoft Corporation_Microsoft System CLR Types for SQL Server 2019_15.0.2000.5_x64_
SQL Server 2022,CVE-2024-29983,Microsoft,High,CVSS:3.1/AV:N/AC:L/PR:N/UI:R/S:U/C:H/I:H/A:H,No,04/09/24 17:16:00,8.8,01/19/26 07:10:10,0,N/A,https://www.vicarius.io/vsociety/vulnerabilities/358547/CVE-2024-29983,Microsoft OLE DB Driver for SQL Server Remote Code Execution Vulnerability,2.8,,,16.0.1000.6,CIPLL15-TECHCAB,*,Claimpower,Microsoft Corporation_Browser for SQL Server 2022_16.0.1000.6_x64_
SQL Server 2019,CVE-2024-28943,Microsoft,High,CVSS:3.1/AV:N/AC:L/PR:N/UI:R/S:U/C:H/I:H/A:H,No,04/09/24 17:15:00,8.8,01/19/26 02:13:52,0,N/A,https://www.vicarius.io/vsociety/vulnerabilities/358569/CVE-2024-28943,Microsoft ODBC Driver for SQL Server Remote Code Execution Vulnerability,2.8,,,15.0.2000.5,CIPLL38-ANKUR,*,Claimpower,Microsoft Corporation_Microsoft System CLR Types for SQL Server 2019_15.0.2000.5_x64_
SQL Server 2022,CVE-2024-29982,Microsoft,High,CVSS:3.1/AV:N/AC:L/PR:N/UI:R/S:U/C:H/I:H/A:H,No,04/09/24 17:16:00,8.8,01/19/26 07:10:10,0,N/A,https://www.vicarius.io/vsociety/vulnerabilities/358548/CVE-2024-29982,Microsoft OLE DB Driver for SQL Server Remote Code Execution Vulnerability,2.8,,,16.0.1000.6,CIPLL15-TECHCAB,*,Claimpower,Microsoft Corporation_Browser for SQL Server 2022_16.0.1000.6_x64_
Asp.net Core,CVE-2025-24070,Microsoft,High,CVSS:3.1/AV:N/AC:H/PR:N/UI:N/S:U/C:L/I:L/A:H,No,03/11/25 17:16:00,7,01/19/26 03:10:44,0,N/A,https://www.vicarius.io/vsociety/vulnerabilities/397848/CVE-2025-24070,Weak authentication in ASP.NET Core &amp. Visual Studio allows an unauthorized attacker to elevate privileges over a network.,2.2,,,8.0.6,CIPLMD82,*,Claimpower,Microsoft Corporation_Microsoft ASP.NET Core 8.0.6 Targeting Pack (x64)_8.0.6.24269_x64_
SQL Server 2019,CVE-2024-28942,Microsoft,High,CVSS:3.1/AV:N/AC:L/PR:N/UI:R/S:U/C:H/I:H/A:H,No,04/09/24 17:15:00,8.8,01/19/26 02:13:52,0,N/A,https://www.vicarius.io/vsociety/vulnerabilities/358570/CVE-2024-28942,Microsoft OLE DB Driver for SQL Server Remote Code Execution Vulnerability,2.8,,,15.0.2000.5,CIPLL38-ANKUR,*,Claimpower,Microsoft Corporation_Microsoft System CLR Types for SQL Server 2019_15.0.2000.5_x64_
Windows 11,CVE-2026-20832,Microsoft,High,CVSS:3.1/AV:L/AC:L/PR:L/UI:N/S:U/C:H/I:H/A:H,No,01/13/26 18:16:00,7.8,01/17/26 10:29:42,0,N/A,https://www.vicarius.io/vsociety/vulnerabilities/441053/CVE-2026-20832,Windows Remote Procedure Call Interface Definition Language (IDL) Elevation of Privilege Vulnerability,1.8,,*,24H2,CIPLMD10,*,Claimpower,Microsoft_Microsoft Windows 11 Pro_24H2_x64_
Windows 11,CVE-2026-20805,Microsoft,Medium,CVSS:3.1/AV:L/AC:L/PR:L/UI:N/S:U/C:H/I:N/A:N,Yes,01/13/26 18:16:00,5.5,01/16/26 08:37:29,0,N/A,https://www.vicarius.io/vsociety/vulnerabilities/441077/CVE-2026-20805,Exposure of sensitive information to an unauthorized actor in Desktop Windows Manager allows an authorized attacker to disclose information locally.,1.8,,*,24H2,CIPLLP-RUSHALI,*,Claimpower,Microsoft_Microsoft Windows 11 Home Single Language_24H2_x64_
SQL Server 2019,CVE-2025-49717,Microsoft,High,CVSS:3.1/AV:N/AC:H/PR:L/UI:N/S:C/C:H/I:H/A:H,No,07/08/25 17:15:00,8.5,01/18/26 23:32:39,0,N/A,https://www.vicarius.io/vsociety/vulnerabilities/414339/CVE-2025-49717,Heap-based buffer overflow in SQL Server allows an authorized attacker to execute code over a network.,1.8,,,15.0.4382.1,CIPLL36-PRABHAK,*,Claimpower,Microsoft Corporation_Microsoft SQL Server 2019 LocalDB _15.0.4382.1_x64_
SQL Server 2019,CVE-2025-59499,Microsoft,High,CVSS:3.1/AV:N/AC:L/PR:L/UI:N/S:U/C:H/I:H/A:H,No,11/11/25 18:15:00,8.8,01/19/26 02:12:59,0,N/A,https://www.vicarius.io/vsociety/vulnerabilities/431418/CVE-2025-59499,Improper neutralization of special elements used in an sql command (sql injection) in SQL Server allows an authorized attacker to elevate privileges over a network.,2.8,,,15.0.4382.1,CIPLL38-ANKUR,*,Claimpower,Microsoft Corporation_Microsoft SQL Server 2019 LocalDB _15.0.4382.1_x64_
Windows 11,CVE-2026-20808,Microsoft,High,CVSS:3.1/AV:L/AC:H/PR:L/UI:N/S:U/C:H/I:H/A:H,No,01/13/26 18:16:00,7,01/16/26 08:37:29,0,N/A,https://www.vicarius.io/vsociety/vulnerabilities/441076/CVE-2026-20808,Concurrent execution using shared resource with improper synchronization (race condition) in Printer Association Object allows an authorized attacker to elevate privileges locally.,1,,*,24H2,CIPLLP-RUSHALI,*,Claimpower,Microsoft_Microsoft Windows 11 Home Single Language_24H2_x64_
Windows 11,CVE-2026-20809,Microsoft,High,CVSS:3.1/AV:L/AC:L/PR:L/UI:N/S:U/C:H/I:H/A:H,No,01/13/26 18:16:00,7.8,01/16/26 08:37:29,0,N/A,https://www.vicarius.io/vsociety/vulnerabilities/441075/CVE-2026-20809,Time-of-check time-of-use (toctou) race condition in Windows Kernel Memory allows an authorized attacker to elevate privileges locally.,1.8,,*,24H2,CIPLLP-RUSHALI,*,Claimpower,Microsoft_Microsoft Windows 11 Home Single Language_24H2_x64_
Windows 11,CVE-2026-20811,Microsoft,High,CVSS:3.1/AV:L/AC:L/PR:L/UI:N/S:U/C:H/I:H/A:H,No,01/13/26 18:16:00,7.8,01/16/26 08:37:29,0,N/A,https://www.vicarius.io/vsociety/vulnerabilities/441073/CVE-2026-20811,Access of resource using incompatible type (type confusion) in Windows Win32K - ICOMP allows an authorized attacker to elevate privileges locally.,1.8,,*,24H2,CIPLLP-RUSHALI,*,Claimpower,Microsoft_Microsoft Windows 11 Home Single Language_24H2_x64_
Asp.net Core,CVE-2025-55315,Microsoft,Critical,CVSS:3.1/AV:N/AC:L/PR:L/UI:N/S:C/C:H/I:H/A:L,No,10/14/25 17:15:00,9.9,01/18/26 14:59:46,0,N/A,https://www.vicarius.io/vsociety/vulnerabilities/427498/CVE-2025-55315,Inconsistent interpretation of http requests (http request/response smuggling) in ASP.NET Core allows an authorized attacker to bypass a security feature over a network.,3.1,,,8.0.6,CIPLV-GAYATHRI,*,Claimpower,Microsoft Corporation_Microsoft ASP.NET Core 8.0.6 Targeting Pack (x64)_8.0.6.24269_x64_
SQL Server 2019,CVE-2025-49718,Microsoft,High,CVSS:3.1/AV:N/AC:L/PR:N/UI:N/S:U/C:H/I:N/A:N,No,07/08/25 17:15:00,7.5,01/18/26 23:32:39,0,N/A,https://www.vicarius.io/vsociety/vulnerabilities/414338/CVE-2025-49718,Use of uninitialized resource in SQL Server allows an unauthorized attacker to disclose information over a network.,3.9,,,15.0.4382.1,CIPLL36-PRABHAK,*,Claimpower,Microsoft Corporation_Microsoft SQL Server 2019 LocalDB _15.0.4382.1_x64_
SQL Server 2019,CVE-2025-49719,Microsoft,High,CVSS:3.1/AV:N/AC:L/PR:N/UI:N/S:U/C:H/I:N/A:N,No,07/08/25 17:15:00,7.5,01/18/26 23:32:39,0,N/A,https://www.vicarius.io/vsociety/vulnerabilities/414337/CVE-2025-49719,Improper input validation in SQL Server allows an unauthorized attacker to disclose information over a network.,3.9,,,15.0.4382.1,CIPLL36-PRABHAK,*,Claimpower,Microsoft Corporation_Microsoft SQL Server 2019 LocalDB _15.0.4382.1_x64_
Windows 11,CVE-2026-20872,Microsoft,Medium,CVSS:3.1/AV:N/AC:L/PR:N/UI:R/S:U/C:H/I:N/A:N,No,01/13/26 18:16:00,6.5,01/17/26 10:29:42,0,N/A,https://www.vicarius.io/vsociety/vulnerabilities/441018/CVE-2026-20872,External control of file name or path in Windows NTLM allows an unauthorized attacker to perform spoofing over a network.,2.8,,*,24H2,CIPLMD10,*,Claimpower,Microsoft_Microsoft Windows 11 Pro_24H2_x64_
Windows 11,CVE-2026-20918,Microsoft,High,CVSS:3.1/AV:L/AC:H/PR:L/UI:N/S:C/C:H/I:H/A:H,No,01/13/26 18:16:00,7.8,01/17/26 10:29:42,0,N/A,https://www.vicarius.io/vsociety/vulnerabilities/441012/CVE-2026-20918,Concurrent execution using shared resource with improper synchronization (race condition) in Windows Management Services allows an authorized attacker to elevate privileges locally.,1.1,,*,24H2,CIPLMD10,*,Claimpower,Microsoft_Microsoft Windows 11 Pro_24H2_x64_
Windows 11,CVE-2026-20877,Microsoft,High,CVSS:3.1/AV:L/AC:H/PR:L/UI:N/S:C/C:H/I:H/A:H,No,01/13/26 18:16:00,7.8,01/17/26 10:29:42,0,N/A,https://www.vicarius.io/vsociety/vulnerabilities/441013/CVE-2026-20877,Use after free in Windows Management Services allows an authorized attacker to elevate privileges locally.,1.1,,*,24H2,CIPLMD10,*,Claimpower,Microsoft_Microsoft Windows 11 Pro_24H2_x64_
Windows 11,CVE-2026-20876,Microsoft,Medium,CVSS:3.1/AV:L/AC:L/PR:H/UI:N/S:U/C:H/I:H/A:H,No,01/13/26 18:16:00,6.7,01/17/26 10:29:42,0,N/A,https://www.vicarius.io/vsociety/vulnerabilities/441014/CVE-2026-20876,Heap-based buffer overflow in Windows Virtualization-Based Security (VBS) Enclave allows an authorized attacker to elevate privileges locally.,0.8,,*,24H2,CIPLMD10,*,Claimpower,Microsoft_Microsoft Windows 11 Pro_24H2_x64_
Windows 11,CVE-2026-20875,Microsoft,High,CVSS:3.1/AV:N/AC:L/PR:N/UI:N/S:U/C:N/I:N/A:H,No,01/13/26 18:16:00,7.5,01/17/26 10:29:42,0,N/A,https://www.vicarius.io/vsociety/vulnerabilities/441015/CVE-2026-20875,Null pointer dereference in Windows Local Security Authority Subsystem Service (LSASS) allows an unauthorized attacker to deny service over a network.,3.9,,*,24H2,CIPLMD10,*,Claimpower,Microsoft_Microsoft Windows 11 Pro_24H2_x64_
Windows 11,CVE-2026-20874,Microsoft,High,CVSS:3.1/AV:L/AC:H/PR:L/UI:N/S:C/C:H/I:H/A:H,No,01/13/26 18:16:00,7.8,01/17/26 10:29:42,0,N/A,https://www.vicarius.io/vsociety/vulnerabilities/441016/CVE-2026-20874,Concurrent execution using shared resource with improper synchronization (race condition) in Windows Management Services allows an authorized attacker to elevate privileges locally.,1.1,,*,24H2,CIPLMD10,*,Claimpower,Microsoft_Microsoft Windows 11 Pro_24H2_x64_
Windows 11,CVE-2026-20873,Microsoft,High,CVSS:3.1/AV:L/AC:H/PR:L/UI:N/S:C/C:H/I:H/A:H,No,01/13/26 18:16:00,7.8,01/17/26 10:29:42,0,N/A,https://www.vicarius.io/vsociety/vulnerabilities/441017/CVE-2026-20873,Concurrent execution using shared resource with improper synchronization (race condition) in Windows Management Services allows an authorized attacker to elevate privileges locally.,1.1,,*,24H2,CIPLMD10,*,Claimpower,Microsoft_Microsoft Windows 11 Pro_24H2_x64_
SQL Server 2019,CVE-2025-24999,Microsoft,High,CVSS:3.1/AV:N/AC:L/PR:L/UI:N/S:U/C:H/I:H/A:H,No,08/12/25 18:15:00,8.8,01/18/26 23:32:39,0,N/A,https://www.vicarius.io/vsociety/vulnerabilities/418542/CVE-2025-24999,Improper access control in SQL Server allows an authorized attacker to elevate privileges over a network.,2.8,,,15.0.4382.1,CIPLL36-PRABHAK,*,Claimpower,Microsoft Corporation_Microsoft SQL Server 2019 LocalDB _15.0.4382.1_x64_
Windows 11,CVE-2026-20919,Microsoft,High,CVSS:3.1/AV:N/AC:H/PR:L/UI:N/S:U/C:H/I:H/A:H,No,01/13/26 18:16:00,7.5,01/17/26 10:29:42,0,N/A,https://www.vicarius.io/vsociety/vulnerabilities/441011/CVE-2026-20919,Concurrent execution using shared resource with improper synchronization (race condition) in Windows SMB Server allows an authorized attacker to elevate privileges over a network.,1.6,,*,24H2,CIPLMD10,*,Claimpower,Microsoft_Microsoft Windows 11 Pro_24H2_x64_
.NET,CVE-2021-27434,Microsoft,High,CVSS:3.1/AV:N/AC:L/PR:N/UI:N/S:U/C:H/I:N/A:N,No,05/20/21 14:15:00,7.5,01/19/26 09:06:51,5,N/A,https://www.vicarius.io/vsociety/vulnerabilities/277232/CVE-2021-27434,"Products with Unified Automation .NET based OPC UA Client/Server SDK Bundle: Versions V3.0.7 and prior (.NET 4.5, 4.0, and 3.5 Framework versions only) are vulnerable to an uncontrolled recursion, which may allow an attacker to trigger a stack overflow.",3.9,,,4.0,CIPLL22-NISHA,*,Claimpower,Microsoft_.NET Framework 4.0 Full_4.0_x64_
Windows 11,CVE-2026-20921,Microsoft,High,CVSS:3.1/AV:N/AC:H/PR:L/UI:N/S:U/C:H/I:H/A:H,No,01/13/26 18:16:00,7.5,01/17/26 10:29:42,0,N/A,https://www.vicarius.io/vsociety/vulnerabilities/441009/CVE-2026-20921,Concurrent execution using shared resource with improper synchronization (race condition) in Windows SMB Server allows an authorized attacker to elevate privileges over a network.,1.6,,*,24H2,CIPLMD10,*,Claimpower,Microsoft_Microsoft Windows 11 Pro_24H2_x64_
Asp.net Core,CVE-2025-55315,Microsoft,Critical,CVSS:3.1/AV:N/AC:L/PR:L/UI:N/S:C/C:H/I:H/A:L,No,10/14/25 17:15:00,9.9,01/19/26 03:10:44,0,N/A,https://www.vicarius.io/vsociety/vulnerabilities/427498/CVE-2025-55315,Inconsistent interpretation of http requests (http request/response smuggling) in ASP.NET Core allows an authorized attacker to bypass a security feature over a network.,3.1,,,8.0.6,CIPLMD82,*,Claimpower,Microsoft Corporation_Microsoft ASP.NET Core 8.0.6 Targeting Pack (x64)_8.0.6.24269_x64_
Windows 11,CVE-2026-21265,Microsoft,Medium,CVSS:3.1/AV:L/AC:H/PR:H/UI:N/S:U/C:H/I:H/A:H,No,01/13/26 18:16:00,6.4,01/17/26 10:29:42,0,N/A,https://www.vicarius.io/vsociety/vulnerabilities/441115/CVE-2026-21265,"Windows Secure Boot stores Microsoft certificates in the UEFI KEK and DB. These original certificates are approaching expiration, and devices containing affected certificate versions must update them to maintain Secure Boot functionality and avoid compromising security by losing security fixes related to Windows boot manager or Secure Boot.
The operating system’s certificate update protection mechanism relies on firmware components that might contain defects, which can cause certificate trust updates to fail or behave unpredictably. This leads to potential disruption of the Secure Boot trust chain and requires careful validation and deployment to restore intended security guarantees.



Certificate Authority (CA)
Location
Purpose
Expiration Date




Microsoft Corporation KEK CA 2011
KEK
Signs updates to the DB and DBX
06/24/2026


Microsoft Corporation UEFI CA 2011
DB
Signs 3rd party boot loaders, Option ROMs, etc.
06/27/2026


Microsoft Windows Production PCA 2011
DB
Signs the Windows Boot Manager
10/19/2026



For more information see this CVE and Windows Secure Boot certificate expiration and CA updates.",0.5,,*,24H2,CIPLMD10,*,Claimpower,Microsoft_Microsoft Windows 11 Pro_24H2_x64_
SQL Server 2019,CVE-2024-28928,Microsoft,High,CVSS:3.1/AV:N/AC:L/PR:N/UI:R/S:U/C:H/I:H/A:H,No,07/09/24 17:15:00,8.8,01/18/26 23:29:55,0,N/A,https://www.vicarius.io/vsociety/vulnerabilities/370865/CVE-2024-28928,SQL Server Native Client OLE DB Provider Remote Code Execution Vulnerability,2.8,,,15.0.2000.5,CIPLL36-PRABHAK,*,Claimpower,Microsoft Corporation_Microsoft System CLR Types for SQL Server 2019_15.0.2000.5_x64_
Windows 11,CVE-2026-20923,Microsoft,High,CVSS:3.1/AV:L/AC:H/PR:L/UI:N/S:C/C:H/I:H/A:H,No,01/13/26 18:16:00,7.8,01/17/26 10:29:42,0,N/A,https://www.vicarius.io/vsociety/vulnerabilities/441007/CVE-2026-20923,Use after free in Windows Management Services allows an authorized attacker to elevate privileges locally.,1.1,,*,24H2,CIPLMD10,*,Claimpower,Microsoft_Microsoft Windows 11 Pro_24H2_x64_
Windows 11,CVE-2026-21221,Microsoft,High,CVSS:3.1/AV:L/AC:H/PR:L/UI:N/S:U/C:H/I:H/A:H,No,01/13/26 18:16:00,7,01/17/26 10:29:42,0,N/A,https://www.vicarius.io/vsociety/vulnerabilities/441118/CVE-2026-21221,Concurrent execution using shared resource with improper synchronization (race condition) in Capability Access Management Service (camsvc) allows an authorized attacker to elevate privileges locally.,1,,*,24H2,CIPLMD10,*,Claimpower,Microsoft_Microsoft Windows 11 Pro_24H2_x64_
.NET,CVE-2021-27434,Microsoft,High,CVSS:3.1/AV:N/AC:L/PR:N/UI:N/S:U/C:H/I:N/A:N,No,05/20/21 14:15:00,7.5,10/24/25 23:25:28,5,N/A,https://www.vicarius.io/vsociety/vulnerabilities/277232/CVE-2021-27434,"Products with Unified Automation .NET based OPC UA Client/Server SDK Bundle: Versions V3.0.7 and prior (.NET 4.5, 4.0, and 3.5 Framework versions only) are vulnerable to an uncontrolled recursion, which may allow an attacker to trigger a stack overflow.",3.9,,,4.0,CIPLMD49,*,Claimpower,Microsoft_.NET Framework 4.0 Full_4.0_x64_
Windows 11,CVE-2026-20922,Microsoft,High,CVSS:3.1/AV:L/AC:L/PR:L/UI:N/S:U/C:H/I:H/A:H,No,01/13/26 18:16:00,7.8,01/17/26 10:29:42,0,N/A,https://www.vicarius.io/vsociety/vulnerabilities/441008/CVE-2026-20922,Heap-based buffer overflow in Windows NTFS allows an authorized attacker to execute code locally.,1.8,,*,24H2,CIPLMD10,*,Claimpower,Microsoft_Microsoft Windows 11 Pro_24H2_x64_
Asp.net Core,CVE-2025-55315,Microsoft,Critical,CVSS:3.1/AV:N/AC:L/PR:L/UI:N/S:C/C:H/I:H/A:L,No,10/14/25 17:15:00,9.9,01/24/26 15:24:03,0,N/A,https://www.vicarius.io/vsociety/vulnerabilities/427498/CVE-2025-55315,Inconsistent interpretation of http requests (http request/response smuggling) in ASP.NET Core allows an authorized attacker to bypass a security feature over a network.,3.1,,,8.0.6,CIPLL26-RICHARD,*,Claimpower,Microsoft Corporation_Microsoft ASP.NET Core 8.0.6 Targeting Pack (x64)_8.0.6.24269_x64_
Asp.net Core,CVE-2025-24070,Microsoft,High,CVSS:3.1/AV:N/AC:H/PR:N/UI:N/S:U/C:L/I:L/A:H,No,03/11/25 17:16:00,7,01/19/26 04:47:10,0,N/A,https://www.vicarius.io/vsociety/vulnerabilities/397848/CVE-2025-24070,Weak authentication in ASP.NET Core &amp. Visual Studio allows an unauthorized attacker to elevate privileges over a network.,2.2,,,8.0.6,CIPLLP-DAVID,*,Claimpower,Microsoft Corporation_Microsoft ASP.NET Core 8.0.6 Targeting Pack (x64)_8.0.6.24269_x64_
Asp.net Core,CVE-2025-55315,Microsoft,Critical,CVSS:3.1/AV:N/AC:L/PR:L/UI:N/S:C/C:H/I:H/A:L,No,10/14/25 17:15:00,9.9,01/19/26 03:38:22,0,N/A,https://www.vicarius.io/vsociety/vulnerabilities/427498/CVE-2025-55315,Inconsistent interpretation of http requests (http request/response smuggling) in ASP.NET Core allows an authorized attacker to bypass a security feature over a network.,3.1,,,8.0.6,CIPLL09-SERA,*,Claimpower,Microsoft Corporation_Microsoft ASP.NET Core 8.0.6 Targeting Pack (x64)_8.0.6.24269_x64_
Asp.net Core,CVE-2025-26682,Microsoft,High,CVSS:3.1/AV:N/AC:L/PR:N/UI:N/S:U/C:N/I:N/A:H,No,04/08/25 18:15:00,7.5,01/19/26 02:31:08,0,N/A,https://www.vicarius.io/vsociety/vulnerabilities/402445/CVE-2025-26682,Allocation of resources without limits or throttling in ASP.NET Core allows an unauthorized attacker to deny service over a network.,3.9,,,8.0.6,CIPLMD22,*,Claimpower,Microsoft Corporation_Microsoft ASP.NET Core 8.0.6 Targeting Pack (x64)_8.0.6.24269_x64_
Asp.net Core,CVE-2025-24070,Microsoft,High,CVSS:3.1/AV:N/AC:H/PR:N/UI:N/S:U/C:L/I:L/A:H,No,03/11/25 17:16:00,7,01/18/26 13:34:30,0,N/A,https://www.vicarius.io/vsociety/vulnerabilities/397848/CVE-2025-24070,Weak authentication in ASP.NET Core &amp. Visual Studio allows an unauthorized attacker to elevate privileges over a network.,2.2,,,8.0.6,CIPLLP-SMITA,*,Claimpower,Microsoft Corporation_Microsoft ASP.NET Core 8.0.6 Targeting Pack (x64)_8.0.6.24269_x64_
Asp.net Core,CVE-2025-55315,Microsoft,Critical,CVSS:3.1/AV:N/AC:L/PR:L/UI:N/S:C/C:H/I:H/A:L,No,10/14/25 17:15:00,9.9,01/19/26 04:47:56,0,N/A,https://www.vicarius.io/vsociety/vulnerabilities/427498/CVE-2025-55315,Inconsistent interpretation of http requests (http request/response smuggling) in ASP.NET Core allows an authorized attacker to bypass a security feature over a network.,3.1,,,8.0.6,CIPLLP-VARSHA,*,Claimpower,Microsoft Corporation_Microsoft ASP.NET Core 8.0.6 Targeting Pack (x64)_8.0.6.24269_x64_
Asp.net Core,CVE-2025-24070,Microsoft,High,CVSS:3.1/AV:N/AC:H/PR:N/UI:N/S:U/C:L/I:L/A:H,No,03/11/25 17:16:00,7,01/19/26 02:31:08,0,N/A,https://www.vicarius.io/vsociety/vulnerabilities/397848/CVE-2025-24070,Weak authentication in ASP.NET Core &amp. Visual Studio allows an unauthorized attacker to elevate privileges over a network.,2.2,,,8.0.6,CIPLMD22,*,Claimpower,Microsoft Corporation_Microsoft ASP.NET Core 8.0.6 Targeting Pack (x64)_8.0.6.24269_x64_
SQL Server 2019,CVE-2025-55227,Microsoft,High,CVSS:3.1/AV:N/AC:L/PR:L/UI:N/S:U/C:H/I:H/A:H,No,09/09/25 17:16:00,8.8,01/19/26 02:12:59,0,N/A,https://www.vicarius.io/vsociety/vulnerabilities/422076/CVE-2025-55227,Improper neutralization of special elements used in a command (command injection) in SQL Server allows an authorized attacker to elevate privileges over a network.,2.8,,,15.0.4382.1,CIPLL38-ANKUR,*,Claimpower,Microsoft Corporation_Microsoft SQL Server 2019 LocalDB _15.0.4382.1_x64_
Windows 11,CVE-2026-20860,Microsoft,High,CVSS:3.1/AV:L/AC:L/PR:L/UI:N/S:U/C:H/I:H/A:H,No,01/13/26 18:16:00,7.8,01/17/26 10:29:42,0,N/A,https://www.vicarius.io/vsociety/vulnerabilities/441030/CVE-2026-20860,Access of resource using incompatible type (type confusion) in Windows Ancillary Function Driver for WinSock allows an authorized attacker to elevate privileges locally.,1.8,,*,24H2,CIPLMD10,*,Claimpower,Microsoft_Microsoft Windows 11 Pro_24H2_x64_
Windows 11,CVE-2026-20859,Microsoft,High,CVSS:3.1/AV:L/AC:L/PR:L/UI:N/S:U/C:H/I:H/A:H,No,01/13/26 18:16:00,7.8,01/17/26 10:29:42,0,N/A,https://www.vicarius.io/vsociety/vulnerabilities/441031/CVE-2026-20859,Use after free in Windows Kernel-Mode Drivers allows an authorized attacker to elevate privileges locally.,1.8,,*,24H2,CIPLMD10,*,Claimpower,Microsoft_Microsoft Windows 11 Pro_24H2_x64_
.NET,CVE-2021-27434,Microsoft,High,CVSS:3.1/AV:N/AC:L/PR:N/UI:N/S:U/C:H/I:N/A:N,No,05/20/21 14:15:00,7.5,01/19/26 03:38:48,5,N/A,https://www.vicarius.io/vsociety/vulnerabilities/277232/CVE-2021-27434,"Products with Unified Automation .NET based OPC UA Client/Server SDK Bundle: Versions V3.0.7 and prior (.NET 4.5, 4.0, and 3.5 Framework versions only) are vulnerable to an uncontrolled recursion, which may allow an attacker to trigger a stack overflow.",3.9,,,4.0,CIPLL09-SERA,*,Claimpower,Microsoft_.NET Framework 4.0 Full_4.0_x64_
Windows 11,CVE-2026-20858,Microsoft,High,CVSS:3.1/AV:L/AC:H/PR:L/UI:N/S:C/C:H/I:H/A:H,No,01/13/26 18:16:00,7.8,01/17/26 10:29:42,0,N/A,https://www.vicarius.io/vsociety/vulnerabilities/441032/CVE-2026-20858,Use after free in Windows Management Services allows an authorized attacker to elevate privileges locally.,1.1,,*,24H2,CIPLMD10,*,Claimpower,Microsoft_Microsoft Windows 11 Pro_24H2_x64_
Windows 11,CVE-2026-20857,Microsoft,High,CVSS:3.1/AV:L/AC:L/PR:L/UI:N/S:U/C:H/I:H/A:H,No,01/13/26 18:16:00,7.8,01/17/26 10:29:42,0,N/A,https://www.vicarius.io/vsociety/vulnerabilities/441033/CVE-2026-20857,Untrusted pointer dereference in Windows Cloud Files Mini Filter Driver allows an authorized attacker to elevate privileges locally.,1.8,,*,24H2,CIPLMD10,*,Claimpower,Microsoft_Microsoft Windows 11 Pro_24H2_x64_
Windows 11,CVE-2026-20856,Microsoft,High,CVSS:3.1/AV:N/AC:H/PR:N/UI:N/S:U/C:H/I:H/A:H,No,01/13/26 18:16:00,8.1,01/17/26 10:29:42,0,N/A,https://www.vicarius.io/vsociety/vulnerabilities/441034/CVE-2026-20856,Improper input validation in Windows Server Update Service allows an unauthorized attacker to execute code over a network.,2.2,,*,24H2,CIPLMD10,*,Claimpower,Microsoft_Microsoft Windows 11 Pro_24H2_x64_
Asp.net Core,CVE-2025-55315,Microsoft,Critical,CVSS:3.1/AV:N/AC:L/PR:L/UI:N/S:C/C:H/I:H/A:L,No,10/14/25 17:15:00,9.9,01/19/26 06:42:38,0,N/A,https://www.vicarius.io/vsociety/vulnerabilities/427498/CVE-2025-55315,Inconsistent interpretation of http requests (http request/response smuggling) in ASP.NET Core allows an authorized attacker to bypass a security feature over a network.,3.1,,,8.0.6,CIPLLP-PRANAY,*,Claimpower,Microsoft Corporation_Microsoft ASP.NET Core 8.0.6 Targeting Pack (x64)_8.0.6.24269_x64_
Windows 11,CVE-2026-20863,Microsoft,High,CVSS:3.1/AV:L/AC:H/PR:L/UI:N/S:U/C:H/I:H/A:H,No,01/13/26 18:16:00,7,01/17/26 10:29:42,0,N/A,https://www.vicarius.io/vsociety/vulnerabilities/441027/CVE-2026-20863,Double free in Windows Win32K - ICOMP allows an authorized attacker to elevate privileges locally.,1,,*,24H2,CIPLMD10,*,Claimpower,Microsoft_Microsoft Windows 11 Pro_24H2_x64_
Asp.net Core,CVE-2025-55315,Microsoft,Critical,CVSS:3.1/AV:N/AC:L/PR:L/UI:N/S:C/C:H/I:H/A:L,No,10/14/25 17:15:00,9.9,01/18/26 13:21:30,0,N/A,https://www.vicarius.io/vsociety/vulnerabilities/427498/CVE-2025-55315,Inconsistent interpretation of http requests (http request/response smuggling) in ASP.NET Core allows an authorized attacker to bypass a security feature over a network.,3.1,,,8.0.6,CIPLL04-RAJI,*,Claimpower,Microsoft Corporation_Microsoft ASP.NET Core 8.0.6 Targeting Pack (x64)_8.0.6.24269_x64_
Windows 11,CVE-2026-20862,Microsoft,Medium,CVSS:3.1/AV:L/AC:L/PR:L/UI:N/S:U/C:H/I:N/A:N,No,01/13/26 18:16:00,5.5,01/17/26 10:29:42,0,N/A,https://www.vicarius.io/vsociety/vulnerabilities/441028/CVE-2026-20862,Exposure of sensitive information to an unauthorized actor in Windows Management Services allows an authorized attacker to disclose information locally.,1.8,,*,24H2,CIPLMD10,*,Claimpower,Microsoft_Microsoft Windows 11 Pro_24H2_x64_
Asp.net Core,CVE-2025-26682,Microsoft,High,CVSS:3.1/AV:N/AC:L/PR:N/UI:N/S:U/C:N/I:N/A:H,No,04/08/25 18:15:00,7.5,01/23/26 16:30:55,0,N/A,https://www.vicarius.io/vsociety/vulnerabilities/402445/CVE-2025-26682,Allocation of resources without limits or throttling in ASP.NET Core allows an unauthorized attacker to deny service over a network.,3.9,,,8.0.6,CIPLLP-ROHAND,*,Claimpower,Microsoft Corporation_Microsoft ASP.NET Core 8.0.6 Targeting Pack (x64)_8.0.6.24269_x64_
Windows 11,CVE-2026-20861,Microsoft,High,CVSS:3.1/AV:L/AC:H/PR:L/UI:N/S:C/C:H/I:H/A:H,No,01/13/26 18:16:00,7.8,01/17/26 10:29:42,0,N/A,https://www.vicarius.io/vsociety/vulnerabilities/441029/CVE-2026-20861,Concurrent execution using shared resource with improper synchronization (race condition) in Windows Management Services allows an authorized attacker to elevate privileges locally.,1.1,,*,24H2,CIPLMD10,*,Claimpower,Microsoft_Microsoft Windows 11 Pro_24H2_x64_
SQL Server 2019,CVE-2025-47997,Microsoft,Medium,CVSS:3.1/AV:N/AC:L/PR:L/UI:N/S:U/C:H/I:N/A:N,No,09/09/25 17:15:00,6.5,01/18/26 23:32:39,0,N/A,https://www.vicarius.io/vsociety/vulnerabilities/422165/CVE-2025-47997,Concurrent execution using shared resource with improper synchronization (race condition) in SQL Server allows an authorized attacker to disclose information over a network.,2.8,,,15.0.4382.1,CIPLL36-PRABHAK,*,Claimpower,Microsoft Corporation_Microsoft SQL Server 2019 LocalDB _15.0.4382.1_x64_
.NET,CVE-2021-27434,Microsoft,High,CVSS:3.1/AV:N/AC:L/PR:N/UI:N/S:U/C:H/I:N/A:N,No,05/20/21 14:15:00,7.5,01/19/26 04:45:48,5,N/A,https://www.vicarius.io/vsociety/vulnerabilities/277232/CVE-2021-27434,"Products with Unified Automation .NET based OPC UA Client/Server SDK Bundle: Versions V3.0.7 and prior (.NET 4.5, 4.0, and 3.5 Framework versions only) are vulnerable to an uncontrolled recursion, which may allow an attacker to trigger a stack overflow.",3.9,,,4.0,CIPLLP-DAVID,*,Claimpower,Microsoft_.NET Framework 4.0 Full_4.0_x64_
Asp.net Core,CVE-2025-26682,Microsoft,High,CVSS:3.1/AV:N/AC:L/PR:N/UI:N/S:U/C:N/I:N/A:H,No,04/08/25 18:15:00,7.5,01/18/26 13:34:30,0,N/A,https://www.vicarius.io/vsociety/vulnerabilities/402445/CVE-2025-26682,Allocation of resources without limits or throttling in ASP.NET Core allows an unauthorized attacker to deny service over a network.,3.9,,,8.0.6,CIPLLP-SMITA,*,Claimpower,Microsoft Corporation_Microsoft ASP.NET Core 8.0.6 Targeting Pack (x64)_8.0.6.24269_x64_
Windows 11,CVE-2026-20870,Microsoft,High,CVSS:3.1/AV:L/AC:L/PR:L/UI:N/S:U/C:H/I:H/A:H,No,01/13/26 18:16:00,7.8,01/17/26 10:29:42,0,N/A,https://www.vicarius.io/vsociety/vulnerabilities/441020/CVE-2026-20870,Use after free in Windows Win32K - ICOMP allows an authorized attacker to elevate privileges locally.,1.8,,*,24H2,CIPLMD10,*,Claimpower,Microsoft_Microsoft Windows 11 Pro_24H2_x64_
Windows 11,CVE-2026-20869,Microsoft,High,CVSS:3.1/AV:L/AC:H/PR:L/UI:N/S:U/C:H/I:H/A:H,No,01/13/26 18:16:00,7,01/17/26 10:29:42,0,N/A,https://www.vicarius.io/vsociety/vulnerabilities/441021/CVE-2026-20869,Concurrent execution using shared resource with improper synchronization (race condition) in Windows Local Session Manager (LSM) allows an authorized attacker to elevate privileges locally.,1,,*,24H2,CIPLMD10,*,Claimpower,Microsoft_Microsoft Windows 11 Pro_24H2_x64_
Asp.net Core,CVE-2025-26682,Microsoft,High,CVSS:3.1/AV:N/AC:L/PR:N/UI:N/S:U/C:N/I:N/A:H,No,04/08/25 18:15:00,7.5,01/19/26 04:47:10,0,N/A,https://www.vicarius.io/vsociety/vulnerabilities/402445/CVE-2025-26682,Allocation of resources without limits or throttling in ASP.NET Core allows an unauthorized attacker to deny service over a network.,3.9,,,8.0.6,CIPLLP-DAVID,*,Claimpower,Microsoft Corporation_Microsoft ASP.NET Core 8.0.6 Targeting Pack (x64)_8.0.6.24269_x64_
Windows 11,CVE-2026-20868,Microsoft,High,CVSS:3.1/AV:N/AC:L/PR:N/UI:R/S:U/C:H/I:H/A:H,No,01/13/26 18:16:00,8.8,01/17/26 10:29:42,0,N/A,https://www.vicarius.io/vsociety/vulnerabilities/441022/CVE-2026-20868,Heap-based buffer overflow in Windows Routing and Remote Access Service (RRAS) allows an unauthorized attacker to execute code over a network.,2.8,,*,24H2,CIPLMD10,*,Claimpower,Microsoft_Microsoft Windows 11 Pro_24H2_x64_
Windows 11,CVE-2026-20941,Microsoft,High,CVSS:3.1/AV:L/AC:L/PR:L/UI:N/S:U/C:H/I:H/A:H,No,01/13/26 18:16:00,7.8,01/16/26 08:37:29,0,N/A,https://www.vicarius.io/vsociety/vulnerabilities/441138/CVE-2026-20941,Improper link resolution before file access (link following) in Host Process for Windows Tasks allows an authorized attacker to elevate privileges locally.,1.8,,*,24H2,CIPLLP-RUSHALI,*,Claimpower,Microsoft_Microsoft Windows 11 Home Single Language_24H2_x64_
Windows 11,CVE-2026-20867,Microsoft,High,CVSS:3.1/AV:L/AC:H/PR:L/UI:N/S:C/C:H/I:H/A:H,No,01/13/26 18:16:00,7.8,01/17/26 10:29:42,0,N/A,https://www.vicarius.io/vsociety/vulnerabilities/441023/CVE-2026-20867,Concurrent execution using shared resource with improper synchronization (race condition) in Windows Management Services allows an authorized attacker to elevate privileges locally.,1.1,,*,24H2,CIPLMD10,*,Claimpower,Microsoft_Microsoft Windows 11 Pro_24H2_x64_
Windows 11,CVE-2026-20866,Microsoft,High,CVSS:3.1/AV:L/AC:H/PR:L/UI:N/S:C/C:H/I:H/A:H,No,01/13/26 18:16:00,7.8,01/17/26 10:29:42,0,N/A,https://www.vicarius.io/vsociety/vulnerabilities/441024/CVE-2026-20866,Concurrent execution using shared resource with improper synchronization (race condition) in Windows Management Services allows an authorized attacker to elevate privileges locally.,1.1,,*,24H2,CIPLMD10,*,Claimpower,Microsoft_Microsoft Windows 11 Pro_24H2_x64_
Windows 11,CVE-2026-20865,Microsoft,High,CVSS:3.1/AV:L/AC:H/PR:L/UI:N/S:C/C:H/I:H/A:H,No,01/13/26 18:16:00,7.8,01/17/26 10:29:42,0,N/A,https://www.vicarius.io/vsociety/vulnerabilities/441025/CVE-2026-20865,Use after free in Windows Management Services allows an authorized attacker to elevate privileges locally.,1.1,,*,24H2,CIPLMD10,*,Claimpower,Microsoft_Microsoft Windows 11 Pro_24H2_x64_
Windows 11,CVE-2026-20864,Microsoft,High,CVSS:3.1/AV:L/AC:L/PR:L/UI:N/S:U/C:H/I:H/A:H,No,01/13/26 18:16:00,7.8,01/17/26 10:29:42,0,N/A,https://www.vicarius.io/vsociety/vulnerabilities/441026/CVE-2026-20864,Heap-based buffer overflow in Connected Devices Platform Service (Cdpsvc) allows an authorized attacker to elevate privileges locally.,1.8,,*,24H2,CIPLMD10,*,Claimpower,Microsoft_Microsoft Windows 11 Pro_24H2_x64_
.NET,CVE-2021-27434,Microsoft,High,CVSS:3.1/AV:N/AC:L/PR:N/UI:N/S:U/C:H/I:N/A:N,No,05/20/21 14:15:00,7.5,01/19/26 02:12:53,5,N/A,https://www.vicarius.io/vsociety/vulnerabilities/277232/CVE-2021-27434,"Products with Unified Automation .NET based OPC UA Client/Server SDK Bundle: Versions V3.0.7 and prior (.NET 4.5, 4.0, and 3.5 Framework versions only) are vulnerable to an uncontrolled recursion, which may allow an attacker to trigger a stack overflow.",3.9,,,4.0,CIPLL38-ANKUR,*,Claimpower,Microsoft_.NET Framework 4.0 Full_4.0_x64_
.NET,CVE-2021-27434,Microsoft,High,CVSS:3.1/AV:N/AC:L/PR:N/UI:N/S:U/C:H/I:N/A:N,No,05/20/21 14:15:00,7.5,01/18/26 13:18:00,5,N/A,https://www.vicarius.io/vsociety/vulnerabilities/277232/CVE-2021-27434,"Products with Unified Automation .NET based OPC UA Client/Server SDK Bundle: Versions V3.0.7 and prior (.NET 4.5, 4.0, and 3.5 Framework versions only) are vulnerable to an uncontrolled recursion, which may allow an attacker to trigger a stack overflow.",3.9,,,4.0,CIPLL04-RAJI,*,Claimpower,Microsoft_.NET Framework 4.0 Full_4.0_x64_
Windows 11,CVE-2026-20804,Microsoft,High,CVSS:3.1/AV:L/AC:L/PR:N/UI:N/S:U/C:H/I:H/A:N,No,01/13/26 18:16:00,7.7,01/16/26 08:37:29,0,N/A,https://www.vicarius.io/vsociety/vulnerabilities/441078/CVE-2026-20804,Incorrect privilege assignment in Windows Hello allows an unauthorized attacker to perform tampering locally.,2.5,,*,24H2,CIPLLP-RUSHALI,*,Claimpower,Microsoft_Microsoft Windows 11 Home Single Language_24H2_x64_
Windows 11,CVE-2026-20871,Microsoft,High,CVSS:3.1/AV:L/AC:L/PR:L/UI:N/S:U/C:H/I:H/A:H,No,01/13/26 18:16:00,7.8,01/17/26 10:29:42,0,N/A,https://www.vicarius.io/vsociety/vulnerabilities/441019/CVE-2026-20871,Use after free in Desktop Windows Manager allows an authorized attacker to elevate privileges locally.,1.8,,*,24H2,CIPLMD10,*,Claimpower,Microsoft_Microsoft Windows 11 Pro_24H2_x64_
Windows 11,CVE-2025-64673,Microsoft,High,CVSS:3.1/AV:L/AC:L/PR:L/UI:N/S:U/C:H/I:H/A:H,No,12/09/25 18:16:00,7.8,01/16/26 08:37:29,0,N/A,https://www.vicarius.io/vsociety/vulnerabilities/434855/CVE-2025-64673,Improper access control in Storvsp.sys Driver allows an authorized attacker to elevate privileges locally.,1.8,,*,24H2,CIPLLP-RUSHALI,*,Claimpower,Microsoft_Microsoft Windows 11 Home Single Language_24H2_x64_
Windows 11,CVE-2025-62573,Microsoft,High,CVSS:3.1/AV:L/AC:H/PR:L/UI:N/S:U/C:H/I:H/A:H,No,12/09/25 18:16:00,7,01/16/26 08:37:29,0,N/A,https://www.vicarius.io/vsociety/vulnerabilities/434870/CVE-2025-62573,Use after free in Windows DirectX allows an authorized attacker to elevate privileges locally.,1,,*,24H2,CIPLLP-RUSHALI,*,Claimpower,Microsoft_Microsoft Windows 11 Home Single Language_24H2_x64_
Windows 11,CVE-2026-20921,Microsoft,High,CVSS:3.1/AV:N/AC:H/PR:L/UI:N/S:U/C:H/I:H/A:H,No,01/13/26 18:16:00,7.5,01/16/26 08:37:29,0,N/A,https://www.vicarius.io/vsociety/vulnerabilities/441009/CVE-2026-20921,Concurrent execution using shared resource with improper synchronization (race condition) in Windows SMB Server allows an authorized attacker to elevate privileges over a network.,1.6,,*,24H2,CIPLLP-RUSHALI,*,Claimpower,Microsoft_Microsoft Windows 11 Home Single Language_24H2_x64_
.NET,CVE-2021-27434,Microsoft,High,CVSS:3.1/AV:N/AC:L/PR:N/UI:N/S:U/C:H/I:N/A:N,No,05/20/21 14:15:00,7.5,10/24/25 23:21:18,5,N/A,https://www.vicarius.io/vsociety/vulnerabilities/277232/CVE-2021-27434,"Products with Unified Automation .NET based OPC UA Client/Server SDK Bundle: Versions V3.0.7 and prior (.NET 4.5, 4.0, and 3.5 Framework versions only) are vulnerable to an uncontrolled recursion, which may allow an attacker to trigger a stack overflow.",3.9,,,4.0,CIPLL32-IMRAN,*,Claimpower,Microsoft_.NET Framework 4.0 Full_4.0_x64_
Windows 11,CVE-2026-20922,Microsoft,High,CVSS:3.1/AV:L/AC:L/PR:L/UI:N/S:U/C:H/I:H/A:H,No,01/13/26 18:16:00,7.8,01/16/26 08:37:29,0,N/A,https://www.vicarius.io/vsociety/vulnerabilities/441008/CVE-2026-20922,Heap-based buffer overflow in Windows NTFS allows an authorized attacker to execute code locally.,1.8,,*,24H2,CIPLLP-RUSHALI,*,Claimpower,Microsoft_Microsoft Windows 11 Home Single Language_24H2_x64_
Windows 11,CVE-2025-64678,Microsoft,High,CVSS:3.1/AV:N/AC:L/PR:N/UI:R/S:U/C:H/I:H/A:H,No,12/09/25 18:16:00,8.8,01/16/26 08:37:29,0,N/A,https://www.vicarius.io/vsociety/vulnerabilities/434854/CVE-2025-64678,Heap-based buffer overflow in Windows Routing and Remote Access Service (RRAS) allows an unauthorized attacker to execute code over a network.,2.8,,*,24H2,CIPLLP-RUSHALI,*,Claimpower,Microsoft_Microsoft Windows 11 Home Single Language_24H2_x64_
Windows 11,CVE-2025-62567,Microsoft,Medium,CVSS:3.1/AV:N/AC:H/PR:L/UI:N/S:U/C:N/I:N/A:H,No,12/09/25 18:16:00,5.3,01/16/26 08:37:29,0,N/A,https://www.vicarius.io/vsociety/vulnerabilities/434875/CVE-2025-62567,Integer underflow (wrap or wraparound) in Windows Hyper-V allows an authorized attacker to deny service over a network.,1.6,,*,24H2,CIPLLP-RUSHALI,*,Claimpower,Microsoft_Microsoft Windows 11 Home Single Language_24H2_x64_
Windows 11,CVE-2025-62571,Microsoft,High,CVSS:3.1/AV:L/AC:L/PR:L/UI:N/S:U/C:H/I:H/A:H,No,12/09/25 18:16:00,7.8,01/16/26 08:37:29,0,N/A,https://www.vicarius.io/vsociety/vulnerabilities/434872/CVE-2025-62571,Improper input validation in Windows Installer allows an authorized attacker to elevate privileges locally.,1.8,,*,24H2,CIPLLP-RUSHALI,*,Claimpower,Microsoft_Microsoft Windows 11 Home Single Language_24H2_x64_
Windows 11,CVE-2025-62572,Microsoft,High,CVSS:3.1/AV:L/AC:L/PR:L/UI:N/S:U/C:H/I:H/A:H,No,12/09/25 18:16:00,7.8,01/16/26 08:37:29,0,N/A,https://www.vicarius.io/vsociety/vulnerabilities/434871/CVE-2025-62572,Out-of-bounds read in Application Information Services allows an authorized attacker to elevate privileges locally.,1.8,,*,24H2,CIPLLP-RUSHALI,*,Claimpower,Microsoft_Microsoft Windows 11 Home Single Language_24H2_x64_
Windows 11,CVE-2025-62569,Microsoft,High,CVSS:3.1/AV:L/AC:H/PR:L/UI:N/S:U/C:H/I:H/A:H,No,12/09/25 18:16:00,7,01/16/26 08:37:29,0,N/A,https://www.vicarius.io/vsociety/vulnerabilities/434874/CVE-2025-62569,Use after free in Microsoft Brokering File System allows an authorized attacker to elevate privileges locally.,1,,*,24H2,CIPLLP-RUSHALI,*,Claimpower,Microsoft_Microsoft Windows 11 Home Single Language_24H2_x64_
Windows 11,CVE-2025-62570,Microsoft,High,CVSS:3.1/AV:L/AC:L/PR:L/UI:N/S:U/C:H/I:H/A:N,No,12/09/25 18:16:00,7.1,01/16/26 08:37:29,0,N/A,https://www.vicarius.io/vsociety/vulnerabilities/434873/CVE-2025-62570,Improper access control in Windows Camera Frame Server Monitor allows an authorized attacker to disclose information locally.,1.8,,*,24H2,CIPLLP-RUSHALI,*,Claimpower,Microsoft_Microsoft Windows 11 Home Single Language_24H2_x64_
Asp.net Core,CVE-2025-24070,Microsoft,High,CVSS:3.1/AV:N/AC:H/PR:N/UI:N/S:U/C:L/I:L/A:H,No,03/11/25 17:16:00,7,01/19/26 09:27:21,0,N/A,https://www.vicarius.io/vsociety/vulnerabilities/397848/CVE-2025-24070,Weak authentication in ASP.NET Core &amp. Visual Studio allows an unauthorized attacker to elevate privileges over a network.,2.2,,,8.0.6,CIPLL11-VARUN,*,Claimpower,Microsoft Corporation_Microsoft ASP.NET Core 8.0.6 Targeting Pack (x64)_8.0.6.24269_x64_
.NET,CVE-2021-27434,Microsoft,High,CVSS:3.1/AV:N/AC:L/PR:N/UI:N/S:U/C:H/I:N/A:N,No,05/20/21 14:15:00,7.5,10/24/25 23:20:27,5,N/A,https://www.vicarius.io/vsociety/vulnerabilities/277232/CVE-2021-27434,"Products with Unified Automation .NET based OPC UA Client/Server SDK Bundle: Versions V3.0.7 and prior (.NET 4.5, 4.0, and 3.5 Framework versions only) are vulnerable to an uncontrolled recursion, which may allow an attacker to trigger a stack overflow.",3.9,,,4.0,CIPLL27-INAS,*,Claimpower,Microsoft_.NET Framework 4.0 Full_4.0_x64_
Windows 11,CVE-2026-20923,Microsoft,High,CVSS:3.1/AV:L/AC:H/PR:L/UI:N/S:C/C:H/I:H/A:H,No,01/13/26 18:16:00,7.8,01/16/26 08:37:29,0,N/A,https://www.vicarius.io/vsociety/vulnerabilities/441007/CVE-2026-20923,Use after free in Windows Management Services allows an authorized attacker to elevate privileges locally.,1.1,,*,24H2,CIPLLP-RUSHALI,*,Claimpower,Microsoft_Microsoft Windows 11 Home Single Language_24H2_x64_
Windows 11,CVE-2026-20924,Microsoft,High,CVSS:3.1/AV:L/AC:H/PR:L/UI:N/S:C/C:H/I:H/A:H,No,01/13/26 18:16:00,7.8,01/16/26 08:37:29,0,N/A,https://www.vicarius.io/vsociety/vulnerabilities/441006/CVE-2026-20924,Use after free in Windows Management Services allows an authorized attacker to elevate privileges locally.,1.1,,*,24H2,CIPLLP-RUSHALI,*,Claimpower,Microsoft_Microsoft Windows 11 Home Single Language_24H2_x64_
.NET,CVE-2021-27434,Microsoft,High,CVSS:3.1/AV:N/AC:L/PR:N/UI:N/S:U/C:H/I:N/A:N,No,05/20/21 14:15:00,7.5,10/24/25 23:20:30,5,N/A,https://www.vicarius.io/vsociety/vulnerabilities/277232/CVE-2021-27434,"Products with Unified Automation .NET based OPC UA Client/Server SDK Bundle: Versions V3.0.7 and prior (.NET 4.5, 4.0, and 3.5 Framework versions only) are vulnerable to an uncontrolled recursion, which may allow an attacker to trigger a stack overflow.",3.9,,,4.0,CIPLMD09,*,Claimpower,Microsoft_.NET Framework 4.0 Full_4.0_x64_
Windows 11,CVE-2026-20925,Microsoft,Medium,CVSS:3.1/AV:N/AC:L/PR:N/UI:R/S:U/C:H/I:N/A:N,No,01/13/26 18:16:00,6.5,01/16/26 08:37:29,0,N/A,https://www.vicarius.io/vsociety/vulnerabilities/441005/CVE-2026-20925,External control of file name or path in Windows NTLM allows an unauthorized attacker to perform spoofing over a network.,2.8,,*,24H2,CIPLLP-RUSHALI,*,Claimpower,Microsoft_Microsoft Windows 11 Home Single Language_24H2_x64_
Windows 11,CVE-2026-20926,Microsoft,High,CVSS:3.1/AV:N/AC:H/PR:L/UI:N/S:U/C:H/I:H/A:H,No,01/13/26 18:16:00,7.5,01/16/26 08:37:29,0,N/A,https://www.vicarius.io/vsociety/vulnerabilities/441004/CVE-2026-20926,Concurrent execution using shared resource with improper synchronization (race condition) in Windows SMB Server allows an authorized attacker to elevate privileges over a network.,1.6,,*,24H2,CIPLLP-RUSHALI,*,Claimpower,Microsoft_Microsoft Windows 11 Home Single Language_24H2_x64_
.NET,CVE-2021-27434,Microsoft,High,CVSS:3.1/AV:N/AC:L/PR:N/UI:N/S:U/C:H/I:N/A:N,No,05/20/21 14:15:00,7.5,10/24/25 23:24:40,5,N/A,https://www.vicarius.io/vsociety/vulnerabilities/277232/CVE-2021-27434,"Products with Unified Automation .NET based OPC UA Client/Server SDK Bundle: Versions V3.0.7 and prior (.NET 4.5, 4.0, and 3.5 Framework versions only) are vulnerable to an uncontrolled recursion, which may allow an attacker to trigger a stack overflow.",3.9,,,4.0,CIPLLP-RUSHALI,*,Claimpower,Microsoft_.NET Framework 4.0 Full_4.0_x64_
Windows 11,CVE-2026-20927,Microsoft,Medium,CVSS:3.1/AV:N/AC:H/PR:L/UI:N/S:U/C:N/I:N/A:H,No,01/13/26 18:16:00,5.3,01/16/26 08:37:29,0,N/A,https://www.vicarius.io/vsociety/vulnerabilities/441003/CVE-2026-20927,Concurrent execution using shared resource with improper synchronization (race condition) in Windows SMB Server allows an authorized attacker to deny service over a network.,1.6,,*,24H2,CIPLLP-RUSHALI,*,Claimpower,Microsoft_Microsoft Windows 11 Home Single Language_24H2_x64_
Windows 11,CVE-2026-20931,Microsoft,High,CVSS:3.1/AV:A/AC:L/PR:L/UI:N/S:U/C:H/I:H/A:H,No,01/13/26 18:16:00,8,01/16/26 08:37:29,0,N/A,https://www.vicarius.io/vsociety/vulnerabilities/441001/CVE-2026-20931,External control of file name or path in Windows Telephony Service allows an authorized attacker to elevate privileges over an adjacent network.,2.1,,*,24H2,CIPLLP-RUSHALI,*,Claimpower,Microsoft_Microsoft Windows 11 Home Single Language_24H2_x64_
Windows 11,CVE-2025-62565,Microsoft,High,CVSS:3.1/AV:L/AC:L/PR:L/UI:R/S:U/C:H/I:H/A:H,No,12/09/25 18:16:00,7.3,01/16/26 08:37:29,0,N/A,https://www.vicarius.io/vsociety/vulnerabilities/434876/CVE-2025-62565,Use after free in Windows Shell allows an authorized attacker to elevate privileges locally.,1.3,,*,24H2,CIPLLP-RUSHALI,*,Claimpower,Microsoft_Microsoft Windows 11 Home Single Language_24H2_x64_
Asp.net Core,CVE-2025-24070,Microsoft,High,CVSS:3.1/AV:N/AC:H/PR:N/UI:N/S:U/C:L/I:L/A:H,No,03/11/25 17:16:00,7,01/22/26 11:02:30,0,N/A,https://www.vicarius.io/vsociety/vulnerabilities/397848/CVE-2025-24070,Weak authentication in ASP.NET Core &amp. Visual Studio allows an unauthorized attacker to elevate privileges over a network.,2.2,,,8.0.6,CIPLL17-SHARMIL,*,Claimpower,Microsoft Corporation_Microsoft ASP.NET Core 8.0.6 Targeting Pack (x64)_8.0.6.24269_x64_
Windows 11,CVE-2024-55414,Microsoft,Critical,CVSS:3.1/AV:N/AC:L/PR:N/UI:N/S:U/C:H/I:H/A:H,No,01/07/25 18:15:00,9.8,01/16/26 08:37:29,0,N/A,https://www.vicarius.io/vsociety/vulnerabilities/389846/CVE-2024-55414,"A vulnerability exits in driver SmSerl64.sys in Motorola SM56 Modem WDM Driver v6.12.23.0, which allows low-privileged users to mapping physical memory via specially crafted IOCTL requests . This can be exploited for privilege escalation, code execution under high privileges, and information disclosure. These signed drivers can also be used to bypass the Microsoft driver-signing policy to deploy malicious code.",3.9,,*,24H2,CIPLLP-RUSHALI,*,Claimpower,Microsoft_Microsoft Windows 11 Home Single Language_24H2_x64_
Windows 11,CVE-2026-20932,Microsoft,Medium,CVSS:3.1/AV:L/AC:L/PR:L/UI:N/S:U/C:H/I:N/A:N,No,01/13/26 18:16:00,5.5,01/16/26 08:37:29,0,N/A,https://www.vicarius.io/vsociety/vulnerabilities/441000/CVE-2026-20932,Exposure of sensitive information to an unauthorized actor in Windows File Explorer allows an authorized attacker to disclose information locally.,1.8,,*,24H2,CIPLLP-RUSHALI,*,Claimpower,Microsoft_Microsoft Windows 11 Home Single Language_24H2_x64_
Windows 11,CVE-2026-20934,Microsoft,High,CVSS:3.1/AV:N/AC:H/PR:L/UI:N/S:U/C:H/I:H/A:H,No,01/13/26 18:16:00,7.5,01/16/26 08:37:29,0,N/A,https://www.vicarius.io/vsociety/vulnerabilities/440999/CVE-2026-20934,Concurrent execution using shared resource with improper synchronization (race condition) in Windows SMB Server allows an authorized attacker to elevate privileges over a network.,1.6,,*,24H2,CIPLLP-RUSHALI,*,Claimpower,Microsoft_Microsoft Windows 11 Home Single Language_24H2_x64_
Windows 11,CVE-2026-20935,Microsoft,Medium,CVSS:3.1/AV:L/AC:L/PR:N/UI:N/S:U/C:H/I:N/A:N,No,01/13/26 18:16:00,6.2,01/16/26 08:37:29,0,N/A,https://www.vicarius.io/vsociety/vulnerabilities/440998/CVE-2026-20935,Untrusted pointer dereference in Windows Virtualization-Based Security (VBS) Enclave allows an unauthorized attacker to disclose information locally.,2.5,,*,24H2,CIPLLP-RUSHALI,*,Claimpower,Microsoft_Microsoft Windows 11 Home Single Language_24H2_x64_
Windows 11,CVE-2026-20864,Microsoft,High,CVSS:3.1/AV:L/AC:L/PR:L/UI:N/S:U/C:H/I:H/A:H,No,01/13/26 18:16:00,7.8,01/16/26 08:37:29,0,N/A,https://www.vicarius.io/vsociety/vulnerabilities/441026/CVE-2026-20864,Heap-based buffer overflow in Connected Devices Platform Service (Cdpsvc) allows an authorized attacker to elevate privileges locally.,1.8,,*,24H2,CIPLLP-RUSHALI,*,Claimpower,Microsoft_Microsoft Windows 11 Home Single Language_24H2_x64_
Windows 11,CVE-2026-20865,Microsoft,High,CVSS:3.1/AV:L/AC:H/PR:L/UI:N/S:C/C:H/I:H/A:H,No,01/13/26 18:16:00,7.8,01/16/26 08:37:29,0,N/A,https://www.vicarius.io/vsociety/vulnerabilities/441025/CVE-2026-20865,Use after free in Windows Management Services allows an authorized attacker to elevate privileges locally.,1.1,,*,24H2,CIPLLP-RUSHALI,*,Claimpower,Microsoft_Microsoft Windows 11 Home Single Language_24H2_x64_
Windows 11,CVE-2025-62549,Microsoft,High,CVSS:3.1/AV:N/AC:L/PR:N/UI:R/S:U/C:H/I:H/A:H,No,12/09/25 18:15:00,8.8,01/16/26 08:37:29,0,N/A,https://www.vicarius.io/vsociety/vulnerabilities/434891/CVE-2025-62549,Untrusted pointer dereference in Windows Routing and Remote Access Service (RRAS) allows an unauthorized attacker to execute code over a network.,2.8,,*,24H2,CIPLLP-RUSHALI,*,Claimpower,Microsoft_Microsoft Windows 11 Home Single Language_24H2_x64_
Asp.net Core,CVE-2025-26682,Microsoft,High,CVSS:3.1/AV:N/AC:L/PR:N/UI:N/S:U/C:N/I:N/A:H,No,04/08/25 18:15:00,7.5,01/22/26 11:02:30,0,N/A,https://www.vicarius.io/vsociety/vulnerabilities/402445/CVE-2025-26682,Allocation of resources without limits or throttling in ASP.NET Core allows an unauthorized attacker to deny service over a network.,3.9,,,8.0.6,CIPLL17-SHARMIL,*,Claimpower,Microsoft Corporation_Microsoft ASP.NET Core 8.0.6 Targeting Pack (x64)_8.0.6.24269_x64_
Windows 11,CVE-2026-20866,Microsoft,High,CVSS:3.1/AV:L/AC:H/PR:L/UI:N/S:C/C:H/I:H/A:H,No,01/13/26 18:16:00,7.8,01/16/26 08:37:29,0,N/A,https://www.vicarius.io/vsociety/vulnerabilities/441024/CVE-2026-20866,Concurrent execution using shared resource with improper synchronization (race condition) in Windows Management Services allows an authorized attacker to elevate privileges locally.,1.1,,*,24H2,CIPLLP-RUSHALI,*,Claimpower,Microsoft_Microsoft Windows 11 Home Single Language_24H2_x64_
Windows 11,CVE-2026-20867,Microsoft,High,CVSS:3.1/AV:L/AC:H/PR:L/UI:N/S:C/C:H/I:H/A:H,No,01/13/26 18:16:00,7.8,01/16/26 08:37:29,0,N/A,https://www.vicarius.io/vsociety/vulnerabilities/441023/CVE-2026-20867,Concurrent execution using shared resource with improper synchronization (race condition) in Windows Management Services allows an authorized attacker to elevate privileges locally.,1.1,,*,24H2,CIPLLP-RUSHALI,*,Claimpower,Microsoft_Microsoft Windows 11 Home Single Language_24H2_x64_
Windows 11,CVE-2026-20868,Microsoft,High,CVSS:3.1/AV:N/AC:L/PR:N/UI:R/S:U/C:H/I:H/A:H,No,01/13/26 18:16:00,8.8,01/16/26 08:37:29,0,N/A,https://www.vicarius.io/vsociety/vulnerabilities/441022/CVE-2026-20868,Heap-based buffer overflow in Windows Routing and Remote Access Service (RRAS) allows an unauthorized attacker to execute code over a network.,2.8,,*,24H2,CIPLLP-RUSHALI,*,Claimpower,Microsoft_Microsoft Windows 11 Home Single Language_24H2_x64_
Windows 11,CVE-2026-20869,Microsoft,High,CVSS:3.1/AV:L/AC:H/PR:L/UI:N/S:U/C:H/I:H/A:H,No,01/13/26 18:16:00,7,01/16/26 08:37:29,0,N/A,https://www.vicarius.io/vsociety/vulnerabilities/441021/CVE-2026-20869,Concurrent execution using shared resource with improper synchronization (race condition) in Windows Local Session Manager (LSM) allows an authorized attacker to elevate privileges locally.,1,,*,24H2,CIPLLP-RUSHALI,*,Claimpower,Microsoft_Microsoft Windows 11 Home Single Language_24H2_x64_
Windows 11,CVE-2026-20870,Microsoft,High,CVSS:3.1/AV:L/AC:L/PR:L/UI:N/S:U/C:H/I:H/A:H,No,01/13/26 18:16:00,7.8,01/16/26 08:37:29,0,N/A,https://www.vicarius.io/vsociety/vulnerabilities/441020/CVE-2026-20870,Use after free in Windows Win32K - ICOMP allows an authorized attacker to elevate privileges locally.,1.8,,*,24H2,CIPLLP-RUSHALI,*,Claimpower,Microsoft_Microsoft Windows 11 Home Single Language_24H2_x64_
Windows 11,CVE-2026-20871,Microsoft,High,CVSS:3.1/AV:L/AC:L/PR:L/UI:N/S:U/C:H/I:H/A:H,No,01/13/26 18:16:00,7.8,01/16/26 08:37:29,0,N/A,https://www.vicarius.io/vsociety/vulnerabilities/441019/CVE-2026-20871,Use after free in Desktop Windows Manager allows an authorized attacker to elevate privileges locally.,1.8,,*,24H2,CIPLLP-RUSHALI,*,Claimpower,Microsoft_Microsoft Windows 11 Home Single Language_24H2_x64_
Windows 11,CVE-2025-62468,Microsoft,Medium,CVSS:3.1/AV:L/AC:L/PR:L/UI:N/S:U/C:H/I:N/A:N,No,12/09/25 18:15:00,5.5,01/16/26 08:37:29,0,N/A,https://www.vicarius.io/vsociety/vulnerabilities/434897/CVE-2025-62468,Out-of-bounds read in Windows Defender Firewall Service allows an authorized attacker to disclose information locally.,1.8,,*,24H2,CIPLLP-RUSHALI,*,Claimpower,Microsoft_Microsoft Windows 11 Home Single Language_24H2_x64_
Windows 11,CVE-2025-62469,Microsoft,High,CVSS:3.1/AV:L/AC:H/PR:L/UI:N/S:U/C:H/I:H/A:H,No,12/09/25 18:15:00,7,01/16/26 08:37:29,0,N/A,https://www.vicarius.io/vsociety/vulnerabilities/434896/CVE-2025-62469,Concurrent execution using shared resource with improper synchronization (race condition) in Microsoft Brokering File System allows an authorized attacker to elevate privileges locally.,1,,*,24H2,CIPLLP-RUSHALI,*,Claimpower,Microsoft_Microsoft Windows 11 Home Single Language_24H2_x64_
Windows 11,CVE-2025-62466,Microsoft,High,CVSS:3.1/AV:L/AC:L/PR:L/UI:N/S:U/C:H/I:H/A:H,No,12/09/25 18:15:00,7.8,01/16/26 08:37:29,0,N/A,https://www.vicarius.io/vsociety/vulnerabilities/434899/CVE-2025-62466,Null pointer dereference in Windows Client-Side Caching (CSC) Service allows an authorized attacker to elevate privileges locally.,1.8,,*,24H2,CIPLLP-RUSHALI,*,Claimpower,Microsoft_Microsoft Windows 11 Home Single Language_24H2_x64_
Windows 11,CVE-2025-62467,Microsoft,High,CVSS:3.1/AV:L/AC:L/PR:L/UI:N/S:U/C:H/I:H/A:H,No,12/09/25 18:15:00,7.8,01/16/26 08:37:29,0,N/A,https://www.vicarius.io/vsociety/vulnerabilities/434898/CVE-2025-62467,Integer overflow or wraparound in Windows Projected File System allows an authorized attacker to elevate privileges locally.,1.8,,*,24H2,CIPLLP-RUSHALI,*,Claimpower,Microsoft_Microsoft Windows 11 Home Single Language_24H2_x64_
Asp.net Core,CVE-2025-55315,Microsoft,Critical,CVSS:3.1/AV:N/AC:L/PR:L/UI:N/S:C/C:H/I:H/A:L,No,10/14/25 17:15:00,9.9,01/22/26 11:02:30,0,N/A,https://www.vicarius.io/vsociety/vulnerabilities/427498/CVE-2025-55315,Inconsistent interpretation of http requests (http request/response smuggling) in ASP.NET Core allows an authorized attacker to bypass a security feature over a network.,3.1,,,8.0.6,CIPLL17-SHARMIL,*,Claimpower,Microsoft Corporation_Microsoft ASP.NET Core 8.0.6 Targeting Pack (x64)_8.0.6.24269_x64_
Windows 11,CVE-2026-20872,Microsoft,Medium,CVSS:3.1/AV:N/AC:L/PR:N/UI:R/S:U/C:H/I:N/A:N,No,01/13/26 18:16:00,6.5,01/16/26 08:37:29,0,N/A,https://www.vicarius.io/vsociety/vulnerabilities/441018/CVE-2026-20872,External control of file name or path in Windows NTLM allows an unauthorized attacker to perform spoofing over a network.,2.8,,*,24H2,CIPLLP-RUSHALI,*,Claimpower,Microsoft_Microsoft Windows 11 Home Single Language_24H2_x64_
Windows 11,CVE-2025-62473,Microsoft,Medium,CVSS:3.1/AV:N/AC:L/PR:N/UI:R/S:U/C:H/I:N/A:N,No,12/09/25 18:15:00,6.5,01/16/26 08:37:29,0,N/A,https://www.vicarius.io/vsociety/vulnerabilities/434893/CVE-2025-62473,Buffer over-read in Windows Routing and Remote Access Service (RRAS) allows an unauthorized attacker to disclose information over a network.,2.8,,*,24H2,CIPLLP-RUSHALI,*,Claimpower,Microsoft_Microsoft Windows 11 Home Single Language_24H2_x64_
Windows 11,CVE-2026-20873,Microsoft,High,CVSS:3.1/AV:L/AC:H/PR:L/UI:N/S:C/C:H/I:H/A:H,No,01/13/26 18:16:00,7.8,01/16/26 08:37:29,0,N/A,https://www.vicarius.io/vsociety/vulnerabilities/441017/CVE-2026-20873,Concurrent execution using shared resource with improper synchronization (race condition) in Windows Management Services allows an authorized attacker to elevate privileges locally.,1.1,,*,24H2,CIPLLP-RUSHALI,*,Claimpower,Microsoft_Microsoft Windows 11 Home Single Language_24H2_x64_
Windows 11,CVE-2025-62474,Microsoft,High,CVSS:3.1/AV:L/AC:L/PR:L/UI:N/S:U/C:H/I:H/A:H,No,12/09/25 18:15:00,7.8,01/16/26 08:37:29,0,N/A,https://www.vicarius.io/vsociety/vulnerabilities/434892/CVE-2025-62474,Improper access control in Windows Remote Access Connection Manager allows an authorized attacker to elevate privileges locally.,1.8,,*,24H2,CIPLLP-RUSHALI,*,Claimpower,Microsoft_Microsoft Windows 11 Home Single Language_24H2_x64_
Postman,CVE-2024-23738,Postman,Critical,CVSS:3.1/AV:N/AC:L/PR:N/UI:N/S:U/C:H/I:H/A:H,No,01/28/24 01:15:00,9.8,09/10/25 05:29:22,0,N/A,https://www.vicarius.io/vsociety/vulnerabilities/350990/CVE-2024-23738,An issue in Postman version 10.22 and before on macOS allows a remote attacker to execute arbitrary code via the RunAsNode and enableNodeClilnspectArguments settings. NOTE: the vendor states we dispute the reports accuracy ... the configuration does not enable remote code execution..,3.9,,,9.31.0,CIPLMD63-SURESH,*,Claimpower,Postman_Postman x86_64 9.31.0_9.31.0_x64_
Windows 11,CVE-2026-20874,Microsoft,High,CVSS:3.1/AV:L/AC:H/PR:L/UI:N/S:C/C:H/I:H/A:H,No,01/13/26 18:16:00,7.8,01/16/26 08:37:29,0,N/A,https://www.vicarius.io/vsociety/vulnerabilities/441016/CVE-2026-20874,Concurrent execution using shared resource with improper synchronization (race condition) in Windows Management Services allows an authorized attacker to elevate privileges locally.,1.1,,*,24H2,CIPLLP-RUSHALI,*,Claimpower,Microsoft_Microsoft Windows 11 Home Single Language_24H2_x64_
Windows 11,CVE-2025-62470,Microsoft,High,CVSS:3.1/AV:L/AC:L/PR:L/UI:N/S:U/C:H/I:H/A:H,No,12/09/25 18:15:00,7.8,01/16/26 08:37:29,0,N/A,https://www.vicarius.io/vsociety/vulnerabilities/434895/CVE-2025-62470,Heap-based buffer overflow in Windows Common Log File System Driver allows an authorized attacker to elevate privileges locally.,1.8,,*,24H2,CIPLLP-RUSHALI,*,Claimpower,Microsoft_Microsoft Windows 11 Home Single Language_24H2_x64_
Windows 11,CVE-2025-62472,Microsoft,High,CVSS:3.1/AV:L/AC:L/PR:L/UI:N/S:U/C:H/I:H/A:H,No,12/09/25 18:15:00,7.8,01/16/26 08:37:29,0,N/A,https://www.vicarius.io/vsociety/vulnerabilities/434894/CVE-2025-62472,Use of uninitialized resource in Windows Remote Access Connection Manager allows an authorized attacker to elevate privileges locally.,1.8,,*,24H2,CIPLLP-RUSHALI,*,Claimpower,Microsoft_Microsoft Windows 11 Home Single Language_24H2_x64_
Windows 11,CVE-2025-59516,Microsoft,High,CVSS:3.1/AV:L/AC:L/PR:L/UI:N/S:U/C:H/I:H/A:H,No,12/09/25 18:15:00,7.8,01/16/26 08:37:29,0,N/A,https://www.vicarius.io/vsociety/vulnerabilities/434920/CVE-2025-59516,Missing authentication for critical function in Windows Storage VSP Driver allows an authorized attacker to elevate privileges locally.,1.8,,*,24H2,CIPLLP-RUSHALI,*,Claimpower,Microsoft_Microsoft Windows 11 Home Single Language_24H2_x64_
Windows 11,CVE-2025-59517,Microsoft,High,CVSS:3.1/AV:L/AC:L/PR:L/UI:N/S:U/C:H/I:H/A:H,No,12/09/25 18:15:00,7.8,01/16/26 08:37:29,0,N/A,https://www.vicarius.io/vsociety/vulnerabilities/434919/CVE-2025-59517,Improper access control in Windows Storage VSP Driver allows an authorized attacker to elevate privileges locally.,1.8,,*,24H2,CIPLLP-RUSHALI,*,Claimpower,Microsoft_Microsoft Windows 11 Home Single Language_24H2_x64_
Windows 11,CVE-2025-55233,Microsoft,High,CVSS:3.1/AV:L/AC:L/PR:L/UI:N/S:U/C:H/I:H/A:H,No,12/09/25 18:15:00,7.8,01/16/26 08:37:29,0,N/A,https://www.vicarius.io/vsociety/vulnerabilities/434922/CVE-2025-55233,Out-of-bounds read in Windows Projected File System allows an authorized attacker to elevate privileges locally.,1.8,,*,24H2,CIPLLP-RUSHALI,*,Claimpower,Microsoft_Microsoft Windows 11 Home Single Language_24H2_x64_
Windows 11,CVE-2025-62464,Microsoft,High,CVSS:3.1/AV:L/AC:L/PR:L/UI:N/S:U/C:H/I:H/A:H,No,12/09/25 18:15:00,7.8,01/16/26 08:37:29,0,N/A,https://www.vicarius.io/vsociety/vulnerabilities/434901/CVE-2025-62464,Buffer over-read in Windows Projected File System allows an authorized attacker to elevate privileges locally.,1.8,,*,24H2,CIPLLP-RUSHALI,*,Claimpower,Microsoft_Microsoft Windows 11 Home Single Language_24H2_x64_
Windows 11,CVE-2025-62465,Microsoft,Medium,CVSS:3.1/AV:L/AC:L/PR:L/UI:N/S:C/C:N/I:N/A:H,No,12/09/25 18:15:00,6.5,01/16/26 08:37:29,0,N/A,https://www.vicarius.io/vsociety/vulnerabilities/434900/CVE-2025-62465,Null pointer dereference in Windows DirectX allows an authorized attacker to deny service locally.,2,,*,24H2,CIPLLP-RUSHALI,*,Claimpower,Microsoft_Microsoft Windows 11 Home Single Language_24H2_x64_
Windows 11,CVE-2026-20875,Microsoft,High,CVSS:3.1/AV:N/AC:L/PR:N/UI:N/S:U/C:N/I:N/A:H,No,01/13/26 18:16:00,7.5,01/16/26 08:37:29,0,N/A,https://www.vicarius.io/vsociety/vulnerabilities/441015/CVE-2026-20875,Null pointer dereference in Windows Local Security Authority Subsystem Service (LSASS) allows an unauthorized attacker to deny service over a network.,3.9,,*,24H2,CIPLLP-RUSHALI,*,Claimpower,Microsoft_Microsoft Windows 11 Home Single Language_24H2_x64_
Windows 11,CVE-2026-20876,Microsoft,Medium,CVSS:3.1/AV:L/AC:L/PR:H/UI:N/S:U/C:H/I:H/A:H,No,01/13/26 18:16:00,6.7,01/16/26 08:37:29,0,N/A,https://www.vicarius.io/vsociety/vulnerabilities/441014/CVE-2026-20876,Heap-based buffer overflow in Windows Virtualization-Based Security (VBS) Enclave allows an authorized attacker to elevate privileges locally.,0.8,,*,24H2,CIPLLP-RUSHALI,*,Claimpower,Microsoft_Microsoft Windows 11 Home Single Language_24H2_x64_
Windows 11,CVE-2026-20877,Microsoft,High,CVSS:3.1/AV:L/AC:H/PR:L/UI:N/S:C/C:H/I:H/A:H,No,01/13/26 18:16:00,7.8,01/16/26 08:37:29,0,N/A,https://www.vicarius.io/vsociety/vulnerabilities/441013/CVE-2026-20877,Use after free in Windows Management Services allows an authorized attacker to elevate privileges locally.,1.1,,*,24H2,CIPLLP-RUSHALI,*,Claimpower,Microsoft_Microsoft Windows 11 Home Single Language_24H2_x64_
Windows 11,CVE-2026-20918,Microsoft,High,CVSS:3.1/AV:L/AC:H/PR:L/UI:N/S:C/C:H/I:H/A:H,No,01/13/26 18:16:00,7.8,01/16/26 08:37:29,0,N/A,https://www.vicarius.io/vsociety/vulnerabilities/441012/CVE-2026-20918,Concurrent execution using shared resource with improper synchronization (race condition) in Windows Management Services allows an authorized attacker to elevate privileges locally.,1.1,,*,24H2,CIPLLP-RUSHALI,*,Claimpower,Microsoft_Microsoft Windows 11 Home Single Language_24H2_x64_
.NET,CVE-2021-27434,Microsoft,High,CVSS:3.1/AV:N/AC:L/PR:N/UI:N/S:U/C:H/I:N/A:N,No,05/20/21 14:15:00,7.5,10/24/25 23:21:18,5,N/A,https://www.vicarius.io/vsociety/vulnerabilities/277232/CVE-2021-27434,"Products with Unified Automation .NET based OPC UA Client/Server SDK Bundle: Versions V3.0.7 and prior (.NET 4.5, 4.0, and 3.5 Framework versions only) are vulnerable to an uncontrolled recursion, which may allow an attacker to trigger a stack overflow.",3.9,,,4.0,CIPLMD88,*,Claimpower,Microsoft_.NET Framework 4.0 Full_4.0_x64_
Windows 11,CVE-2026-20919,Microsoft,High,CVSS:3.1/AV:N/AC:H/PR:L/UI:N/S:U/C:H/I:H/A:H,No,01/13/26 18:16:00,7.5,01/16/26 08:37:29,0,N/A,https://www.vicarius.io/vsociety/vulnerabilities/441011/CVE-2026-20919,Concurrent execution using shared resource with improper synchronization (race condition) in Windows SMB Server allows an authorized attacker to elevate privileges over a network.,1.6,,*,24H2,CIPLLP-RUSHALI,*,Claimpower,Microsoft_Microsoft Windows 11 Home Single Language_24H2_x64_
Windows 11,CVE-2025-59507,Microsoft,High,CVSS:3.1/AV:L/AC:H/PR:L/UI:N/S:U/C:H/I:H/A:H,No,11/11/25 18:15:00,7,01/16/26 08:37:29,0,N/A,https://www.vicarius.io/vsociety/vulnerabilities/431414/CVE-2025-59507,Concurrent execution using shared resource with improper synchronization (race condition) in Windows Speech allows an authorized attacker to elevate privileges locally.,1,,*,24H2,CIPLLP-RUSHALI,*,Claimpower,Microsoft_Microsoft Windows 11 Home Single Language_24H2_x64_
Windows 11,CVE-2025-54100,Microsoft,High,CVSS:3.1/AV:L/AC:L/PR:N/UI:R/S:U/C:H/I:H/A:H,No,12/09/25 18:15:00,7.8,01/16/26 08:37:29,0,N/A,https://www.vicarius.io/vsociety/vulnerabilities/434925/CVE-2025-54100,Improper neutralization of special elements used in a command (command injection) in Windows PowerShell allows an unauthorized attacker to execute code locally.,1.8,,*,24H2,CIPLLP-RUSHALI,*,Claimpower,Microsoft_Microsoft Windows 11 Home Single Language_24H2_x64_
Windows 11,CVE-2025-62461,Microsoft,High,CVSS:3.1/AV:L/AC:L/PR:L/UI:N/S:U/C:H/I:H/A:H,No,12/09/25 18:15:00,7.8,01/16/26 08:37:29,0,N/A,https://www.vicarius.io/vsociety/vulnerabilities/434904/CVE-2025-62461,Buffer over-read in Windows Projected File System Filter Driver allows an authorized attacker to elevate privileges locally.,1.8,,*,24H2,CIPLLP-RUSHALI,*,Claimpower,Microsoft_Microsoft Windows 11 Home Single Language_24H2_x64_
Windows 11,CVE-2025-59509,Microsoft,Medium,CVSS:3.1/AV:L/AC:L/PR:L/UI:N/S:U/C:H/I:N/A:N,No,11/11/25 18:15:00,5.5,01/16/26 08:37:29,0,N/A,https://www.vicarius.io/vsociety/vulnerabilities/431412/CVE-2025-59509,Insertion of sensitive information into sent data in Windows Speech allows an authorized attacker to disclose information locally.,1.8,,*,24H2,CIPLLP-RUSHALI,*,Claimpower,Microsoft_Microsoft Windows 11 Home Single Language_24H2_x64_
Windows 11,CVE-2025-62462,Microsoft,High,CVSS:3.1/AV:L/AC:L/PR:L/UI:N/S:U/C:H/I:H/A:H,No,12/09/25 18:15:00,7.8,01/16/26 08:37:29,0,N/A,https://www.vicarius.io/vsociety/vulnerabilities/434903/CVE-2025-62462,Buffer over-read in Windows Projected File System allows an authorized attacker to elevate privileges locally.,1.8,,*,24H2,CIPLLP-RUSHALI,*,Claimpower,Microsoft_Microsoft Windows 11 Home Single Language_24H2_x64_
Windows 11,CVE-2025-59508,Microsoft,High,CVSS:3.1/AV:L/AC:H/PR:L/UI:N/S:U/C:H/I:H/A:H,No,11/11/25 18:15:00,7,01/16/26 08:37:29,0,N/A,https://www.vicarius.io/vsociety/vulnerabilities/431413/CVE-2025-59508,Concurrent execution using shared resource with improper synchronization (race condition) in Windows Speech allows an authorized attacker to elevate privileges locally.,1,,*,24H2,CIPLLP-RUSHALI,*,Claimpower,Microsoft_Microsoft Windows 11 Home Single Language_24H2_x64_
Windows 11,CVE-2025-62463,Microsoft,Medium,CVSS:3.1/AV:L/AC:L/PR:L/UI:N/S:C/C:N/I:N/A:H,No,12/09/25 18:15:00,6.5,01/16/26 08:37:29,0,N/A,https://www.vicarius.io/vsociety/vulnerabilities/434902/CVE-2025-62463,Null pointer dereference in Windows DirectX allows an authorized attacker to deny service locally.,2,,*,24H2,CIPLLP-RUSHALI,*,Claimpower,Microsoft_Microsoft Windows 11 Home Single Language_24H2_x64_
Windows 11,CVE-2026-20812,Microsoft,Medium,CVSS:3.1/AV:N/AC:L/PR:L/UI:N/S:U/C:N/I:H/A:N,No,01/13/26 18:16:00,6.5,01/16/26 08:37:29,0,N/A,https://www.vicarius.io/vsociety/vulnerabilities/441072/CVE-2026-20812,Improper input validation in Windows LDAP - Lightweight Directory Access Protocol allows an authorized attacker to perform tampering over a network.,2.8,,*,24H2,CIPLLP-RUSHALI,*,Claimpower,Microsoft_Microsoft Windows 11 Home Single Language_24H2_x64_
.NET,CVE-2021-27434,Microsoft,High,CVSS:3.1/AV:N/AC:L/PR:N/UI:N/S:U/C:H/I:N/A:N,No,05/20/21 14:15:00,7.5,10/24/25 23:20:30,5,N/A,https://www.vicarius.io/vsociety/vulnerabilities/277232/CVE-2021-27434,"Products with Unified Automation .NET based OPC UA Client/Server SDK Bundle: Versions V3.0.7 and prior (.NET 4.5, 4.0, and 3.5 Framework versions only) are vulnerable to an uncontrolled recursion, which may allow an attacker to trigger a stack overflow.",3.9,,,4.0,CIPLMD43,*,Claimpower,Microsoft_.NET Framework 4.0 Full_4.0_x64_
Windows 11,CVE-2026-20814,Microsoft,High,CVSS:3.1/AV:L/AC:H/PR:L/UI:N/S:U/C:H/I:H/A:H,No,01/13/26 18:16:00,7,01/16/26 08:37:29,0,N/A,https://www.vicarius.io/vsociety/vulnerabilities/441071/CVE-2026-20814,Concurrent execution using shared resource with improper synchronization (race condition) in Graphics Kernel allows an authorized attacker to elevate privileges locally.,1,,*,24H2,CIPLLP-RUSHALI,*,Claimpower,Microsoft_Microsoft Windows 11 Home Single Language_24H2_x64_
Windows 11,CVE-2025-59506,Microsoft,High,CVSS:3.1/AV:L/AC:H/PR:L/UI:N/S:U/C:H/I:H/A:H,No,11/11/25 18:15:00,7,01/16/26 08:37:29,0,N/A,https://www.vicarius.io/vsociety/vulnerabilities/431415/CVE-2025-59506,Concurrent execution using shared resource with improper synchronization (race condition) in Windows DirectX allows an authorized attacker to elevate privileges locally.,1,,*,24H2,CIPLLP-RUSHALI,*,Claimpower,Microsoft_Microsoft Windows 11 Home Single Language_24H2_x64_
Windows 11,CVE-2026-20815,Microsoft,High,CVSS:3.1/AV:L/AC:H/PR:L/UI:N/S:U/C:H/I:H/A:H,No,01/13/26 18:16:00,7,01/16/26 08:37:29,0,N/A,https://www.vicarius.io/vsociety/vulnerabilities/441070/CVE-2026-20815,Concurrent execution using shared resource with improper synchronization (race condition) in Capability Access Management Service (camsvc) allows an authorized attacker to elevate privileges locally.,1,,*,24H2,CIPLLP-RUSHALI,*,Claimpower,Microsoft_Microsoft Windows 11 Home Single Language_24H2_x64_
Windows 11,CVE-2026-20843,Microsoft,High,CVSS:3.1/AV:L/AC:L/PR:L/UI:N/S:U/C:H/I:H/A:H,No,01/13/26 18:16:00,7.8,01/16/26 08:37:29,0,N/A,https://www.vicarius.io/vsociety/vulnerabilities/441043/CVE-2026-20843,Improper access control in Windows Routing and Remote Access Service (RRAS) allows an authorized attacker to elevate privileges locally.,1.8,,*,24H2,CIPLLP-RUSHALI,*,Claimpower,Microsoft_Microsoft Windows 11 Home Single Language_24H2_x64_
Windows 11,CVE-2025-59505,Microsoft,High,CVSS:3.1/AV:L/AC:L/PR:L/UI:N/S:U/C:H/I:H/A:H,No,11/11/25 18:15:00,7.8,01/16/26 08:37:29,0,N/A,https://www.vicarius.io/vsociety/vulnerabilities/431416/CVE-2025-59505,Double free in Windows Smart Card allows an authorized attacker to elevate privileges locally.,1.8,,*,24H2,CIPLLP-RUSHALI,*,Claimpower,Microsoft_Microsoft Windows 11 Home Single Language_24H2_x64_
Asp.net Core,CVE-2025-24070,Microsoft,High,CVSS:3.1/AV:N/AC:H/PR:N/UI:N/S:U/C:L/I:L/A:H,No,03/11/25 17:16:00,7,11/05/25 20:00:27,0,N/A,https://www.vicarius.io/vsociety/vulnerabilities/397848/CVE-2025-24070,Weak authentication in ASP.NET Core &amp. Visual Studio allows an unauthorized attacker to elevate privileges over a network.,2.2,,,8.0.6,CIPLMD15,*,Claimpower,Microsoft Corporation_Microsoft ASP.NET Core 8.0.6 Targeting Pack (x64)_8.0.6.24269_x64_
Windows 11,CVE-2025-59511,Microsoft,High,CVSS:3.1/AV:L/AC:L/PR:L/UI:N/S:U/C:H/I:H/A:H,No,11/11/25 18:15:00,7.8,01/16/26 08:37:29,0,N/A,https://www.vicarius.io/vsociety/vulnerabilities/431410/CVE-2025-59511,External control of file name or path in Windows WLAN Service allows an authorized attacker to elevate privileges locally.,1.8,,*,24H2,CIPLLP-RUSHALI,*,Claimpower,Microsoft_Microsoft Windows 11 Home Single Language_24H2_x64_
Windows 11,CVE-2025-59510,Microsoft,Medium,CVSS:3.1/AV:L/AC:L/PR:L/UI:N/S:U/C:N/I:N/A:H,No,11/11/25 18:15:00,5.5,01/16/26 08:37:29,0,N/A,https://www.vicarius.io/vsociety/vulnerabilities/431411/CVE-2025-59510,Improper link resolution before file access (link following) in Windows Routing and Remote Access Service (RRAS) allows an authorized attacker to deny service locally.,1.8,,*,24H2,CIPLLP-RUSHALI,*,Claimpower,Microsoft_Microsoft Windows 11 Home Single Language_24H2_x64_
Windows 11,CVE-2025-59512,Microsoft,High,CVSS:3.1/AV:L/AC:L/PR:L/UI:N/S:U/C:H/I:H/A:H,No,11/11/25 18:15:00,7.8,01/16/26 08:37:29,0,N/A,https://www.vicarius.io/vsociety/vulnerabilities/431409/CVE-2025-59512,Improper access control in Customer Experience Improvement Program (CEIP) allows an authorized attacker to elevate privileges locally.,1.8,,*,24H2,CIPLLP-RUSHALI,*,Claimpower,Microsoft_Microsoft Windows 11 Home Single Language_24H2_x64_
Asp.net Core,CVE-2025-24070,Microsoft,High,CVSS:3.1/AV:N/AC:H/PR:N/UI:N/S:U/C:L/I:L/A:H,No,03/11/25 17:16:00,7,11/25/25 23:50:39,0,N/A,https://www.vicarius.io/vsociety/vulnerabilities/397848/CVE-2025-24070,Weak authentication in ASP.NET Core &amp. Visual Studio allows an unauthorized attacker to elevate privileges over a network.,2.2,,,8.0.6,CIPLMD09,*,Claimpower,Microsoft Corporation_Microsoft ASP.NET Core 8.0.6 Targeting Pack (x64)_8.0.6.24269_x64_
Windows 11,CVE-2026-20816,Microsoft,High,CVSS:3.1/AV:L/AC:L/PR:L/UI:N/S:U/C:H/I:H/A:H,No,01/13/26 18:16:00,7.8,01/16/26 08:37:29,0,N/A,https://www.vicarius.io/vsociety/vulnerabilities/441069/CVE-2026-20816,Time-of-check time-of-use (toctou) race condition in Windows Installer allows an authorized attacker to elevate privileges locally.,1.8,,*,24H2,CIPLLP-RUSHALI,*,Claimpower,Microsoft_Microsoft Windows 11 Home Single Language_24H2_x64_
Windows 11,CVE-2026-20844,Microsoft,High,CVSS:3.1/AV:L/AC:H/PR:N/UI:N/S:U/C:H/I:H/A:H,No,01/13/26 18:16:00,7.4,01/16/26 08:37:29,0,N/A,https://www.vicarius.io/vsociety/vulnerabilities/441042/CVE-2026-20844,Use after free in Windows Clipboard Server allows an unauthorized attacker to elevate privileges locally.,1.4,,*,24H2,CIPLLP-RUSHALI,*,Claimpower,Microsoft_Microsoft Windows 11 Home Single Language_24H2_x64_
Windows 11,CVE-2026-20817,Microsoft,High,CVSS:3.1/AV:L/AC:L/PR:L/UI:N/S:U/C:H/I:H/A:H,No,01/13/26 18:16:00,7.8,01/16/26 08:37:29,0,N/A,https://www.vicarius.io/vsociety/vulnerabilities/441068/CVE-2026-20817,Improper handling of insufficient permissions or privileges in Windows Error Reporting allows an authorized attacker to elevate privileges locally.,1.8,,*,24H2,CIPLLP-RUSHALI,*,Claimpower,Microsoft_Microsoft Windows 11 Home Single Language_24H2_x64_
Windows 11,CVE-2026-20847,Microsoft,Medium,CVSS:3.1/AV:N/AC:L/PR:L/UI:N/S:U/C:H/I:N/A:N,No,01/13/26 18:16:00,6.5,01/16/26 08:37:29,0,N/A,https://www.vicarius.io/vsociety/vulnerabilities/441041/CVE-2026-20847,Exposure of sensitive information to an unauthorized actor in Windows Shell allows an authorized attacker to perform spoofing over a network.,2.8,,*,24H2,CIPLLP-RUSHALI,*,Claimpower,Microsoft_Microsoft Windows 11 Home Single Language_24H2_x64_
Windows 11,CVE-2026-20848,Microsoft,High,CVSS:3.1/AV:N/AC:H/PR:L/UI:N/S:U/C:H/I:H/A:H,No,01/13/26 18:16:00,7.5,01/16/26 08:37:29,0,N/A,https://www.vicarius.io/vsociety/vulnerabilities/441040/CVE-2026-20848,Concurrent execution using shared resource with improper synchronization (race condition) in Windows SMB Server allows an authorized attacker to elevate privileges over a network.,1.6,,*,24H2,CIPLLP-RUSHALI,*,Claimpower,Microsoft_Microsoft Windows 11 Home Single Language_24H2_x64_
Windows 11,CVE-2026-20851,Microsoft,Medium,CVSS:3.1/AV:L/AC:L/PR:N/UI:N/S:U/C:H/I:N/A:N,No,01/13/26 18:16:00,6.2,01/16/26 08:37:29,0,N/A,https://www.vicarius.io/vsociety/vulnerabilities/441038/CVE-2026-20851,Out-of-bounds read in Capability Access Management Service (camsvc) allows an unauthorized attacker to disclose information locally.,2.5,,*,24H2,CIPLLP-RUSHALI,*,Claimpower,Microsoft_Microsoft Windows 11 Home Single Language_24H2_x64_
Windows 11,CVE-2026-20852,Microsoft,High,CVSS:3.1/AV:L/AC:L/PR:N/UI:N/S:U/C:H/I:H/A:N,No,01/13/26 18:16:00,7.7,01/16/26 08:37:29,0,N/A,https://www.vicarius.io/vsociety/vulnerabilities/441037/CVE-2026-20852,Incorrect privilege assignment in Windows Hello allows an unauthorized attacker to perform tampering locally.,2.5,,*,24H2,CIPLLP-RUSHALI,*,Claimpower,Microsoft_Microsoft Windows 11 Home Single Language_24H2_x64_
Windows 11,CVE-2026-20853,Microsoft,High,CVSS:3.1/AV:L/AC:H/PR:N/UI:N/S:U/C:H/I:H/A:H,No,01/13/26 18:16:00,7.4,01/16/26 08:37:29,0,N/A,https://www.vicarius.io/vsociety/vulnerabilities/441036/CVE-2026-20853,Concurrent execution using shared resource with improper synchronization (race condition) in Windows WalletService allows an unauthorized attacker to elevate privileges locally.,1.4,,*,24H2,CIPLLP-RUSHALI,*,Claimpower,Microsoft_Microsoft Windows 11 Home Single Language_24H2_x64_
Windows 11,CVE-2026-20854,Microsoft,High,CVSS:3.1/AV:N/AC:H/PR:L/UI:N/S:U/C:H/I:H/A:H,No,01/13/26 18:16:00,7.5,01/16/26 08:37:29,0,N/A,https://www.vicarius.io/vsociety/vulnerabilities/441035/CVE-2026-20854,Use after free in Windows Local Security Authority Subsystem Service (LSASS) allows an authorized attacker to execute code over a network.,1.6,,*,24H2,CIPLLP-RUSHALI,*,Claimpower,Microsoft_Microsoft Windows 11 Home Single Language_24H2_x64_
.NET,CVE-2021-27434,Microsoft,High,CVSS:3.1/AV:N/AC:L/PR:N/UI:N/S:U/C:H/I:N/A:N,No,05/20/21 14:15:00,7.5,10/24/25 23:20:30,5,N/A,https://www.vicarius.io/vsociety/vulnerabilities/277232/CVE-2021-27434,"Products with Unified Automation .NET based OPC UA Client/Server SDK Bundle: Versions V3.0.7 and prior (.NET 4.5, 4.0, and 3.5 Framework versions only) are vulnerable to an uncontrolled recursion, which may allow an attacker to trigger a stack overflow.",3.9,,,4.0,CIPLMD37,*,Claimpower,Microsoft_.NET Framework 4.0 Full_4.0_x64_
Windows 11,CVE-2026-20819,Microsoft,Medium,CVSS:3.1/AV:L/AC:L/PR:L/UI:N/S:U/C:H/I:N/A:N,No,01/13/26 18:16:00,5.5,01/16/26 08:37:29,0,N/A,https://www.vicarius.io/vsociety/vulnerabilities/441066/CVE-2026-20819,Untrusted pointer dereference in Windows Virtualization-Based Security (VBS) Enclave allows an authorized attacker to disclose information locally.,1.8,,*,24H2,CIPLLP-RUSHALI,*,Claimpower,Microsoft_Microsoft Windows 11 Home Single Language_24H2_x64_
Windows 11,CVE-2026-20820,Microsoft,High,CVSS:3.1/AV:L/AC:L/PR:L/UI:N/S:U/C:H/I:H/A:H,No,01/13/26 18:16:00,7.8,01/16/26 08:37:29,0,N/A,https://www.vicarius.io/vsociety/vulnerabilities/441065/CVE-2026-20820,Heap-based buffer overflow in Windows Common Log File System Driver allows an authorized attacker to elevate privileges locally.,1.8,,*,24H2,CIPLLP-RUSHALI,*,Claimpower,Microsoft_Microsoft Windows 11 Home Single Language_24H2_x64_
Windows 11,CVE-2026-20822,Microsoft,High,CVSS:3.1/AV:L/AC:H/PR:L/UI:N/S:C/C:H/I:H/A:H,No,01/13/26 18:16:00,7.8,01/16/26 08:37:29,0,N/A,https://www.vicarius.io/vsociety/vulnerabilities/441063/CVE-2026-20822,Use after free in Microsoft Graphics Component allows an authorized attacker to elevate privileges locally.,1.1,,*,24H2,CIPLLP-RUSHALI,*,Claimpower,Microsoft_Microsoft Windows 11 Home Single Language_24H2_x64_
Windows 11,CVE-2026-20823,Microsoft,Medium,CVSS:3.1/AV:L/AC:L/PR:L/UI:N/S:U/C:H/I:N/A:N,No,01/13/26 18:16:00,5.5,01/16/26 08:37:29,0,N/A,https://www.vicarius.io/vsociety/vulnerabilities/441062/CVE-2026-20823,Exposure of sensitive information to an unauthorized actor in Windows File Explorer allows an authorized attacker to disclose information locally.,1.8,,*,24H2,CIPLLP-RUSHALI,*,Claimpower,Microsoft_Microsoft Windows 11 Home Single Language_24H2_x64_
Windows 11,CVE-2025-62454,Microsoft,High,CVSS:3.1/AV:L/AC:L/PR:L/UI:N/S:U/C:H/I:H/A:H,No,12/09/25 18:15:00,7.8,01/16/26 08:37:29,0,N/A,https://www.vicarius.io/vsociety/vulnerabilities/434909/CVE-2025-62454,Heap-based buffer overflow in Windows Cloud Files Mini Filter Driver allows an authorized attacker to elevate privileges locally.,1.8,,*,24H2,CIPLLP-RUSHALI,*,Claimpower,Microsoft_Microsoft Windows 11 Home Single Language_24H2_x64_
Windows 11,CVE-2026-20824,Microsoft,Medium,CVSS:3.1/AV:L/AC:L/PR:N/UI:R/S:U/C:H/I:N/A:N,No,01/13/26 18:16:00,5.5,01/16/26 08:37:29,0,N/A,https://www.vicarius.io/vsociety/vulnerabilities/441061/CVE-2026-20824,Protection mechanism failure in Windows Remote Assistance allows an unauthorized attacker to bypass a security feature locally.,1.8,,*,24H2,CIPLLP-RUSHALI,*,Claimpower,Microsoft_Microsoft Windows 11 Home Single Language_24H2_x64_
Windows 11,CVE-2026-20825,Microsoft,Medium,CVSS:3.1/AV:L/AC:L/PR:H/UI:N/S:U/C:H/I:N/A:N,No,01/13/26 18:16:00,4.4,01/16/26 08:37:29,0,N/A,https://www.vicarius.io/vsociety/vulnerabilities/441060/CVE-2026-20825,Improper access control in Windows Hyper-V allows an authorized attacker to disclose information locally.,0.8,,*,24H2,CIPLLP-RUSHALI,*,Claimpower,Microsoft_Microsoft Windows 11 Home Single Language_24H2_x64_
Windows 11,CVE-2026-20856,Microsoft,High,CVSS:3.1/AV:N/AC:H/PR:N/UI:N/S:U/C:H/I:H/A:H,No,01/13/26 18:16:00,8.1,01/16/26 08:37:29,0,N/A,https://www.vicarius.io/vsociety/vulnerabilities/441034/CVE-2026-20856,Improper input validation in Windows Server Update Service allows an unauthorized attacker to execute code over a network.,2.2,,*,24H2,CIPLLP-RUSHALI,*,Claimpower,Microsoft_Microsoft Windows 11 Home Single Language_24H2_x64_
.NET,CVE-2021-27434,Microsoft,High,CVSS:3.1/AV:N/AC:L/PR:N/UI:N/S:U/C:H/I:N/A:N,No,05/20/21 14:15:00,7.5,10/24/25 23:20:30,5,N/A,https://www.vicarius.io/vsociety/vulnerabilities/277232/CVE-2021-27434,"Products with Unified Automation .NET based OPC UA Client/Server SDK Bundle: Versions V3.0.7 and prior (.NET 4.5, 4.0, and 3.5 Framework versions only) are vulnerable to an uncontrolled recursion, which may allow an attacker to trigger a stack overflow.",3.9,,,4.0,CIPLMD15,*,Claimpower,Microsoft_.NET Framework 4.0 Full_4.0_x64_
Windows 11,CVE-2026-20826,Microsoft,High,CVSS:3.1/AV:L/AC:L/PR:L/UI:N/S:U/C:H/I:H/A:H,No,01/13/26 18:16:00,7.8,01/16/26 08:37:29,0,N/A,https://www.vicarius.io/vsociety/vulnerabilities/441059/CVE-2026-20826,Concurrent execution using shared resource with improper synchronization (race condition) in Tablet Windows User Interface (TWINUI) Subsystem allows an authorized attacker to elevate privileges locally.,1.8,,*,24H2,CIPLLP-RUSHALI,*,Claimpower,Microsoft_Microsoft Windows 11 Home Single Language_24H2_x64_
Windows 11,CVE-2025-64658,Microsoft,High,CVSS:3.1/AV:L/AC:H/PR:L/UI:R/S:C/C:H/I:H/A:H,No,12/09/25 18:16:00,7.5,01/16/26 08:37:29,0,N/A,https://www.vicarius.io/vsociety/vulnerabilities/434862/CVE-2025-64658,Concurrent execution using shared resource with improper synchronization (race condition) in Windows Shell allows an authorized attacker to elevate privileges locally.,0.8,,*,24H2,CIPLLP-RUSHALI,*,Claimpower,Microsoft_Microsoft Windows 11 Home Single Language_24H2_x64_
Windows 11,CVE-2025-60724,Microsoft,Critical,CVSS:3.1/AV:N/AC:L/PR:N/UI:N/S:U/C:H/I:H/A:H,No,11/11/25 18:15:00,9.8,01/16/26 08:37:29,0,N/A,https://www.vicarius.io/vsociety/vulnerabilities/431386/CVE-2025-60724,Heap-based buffer overflow in Microsoft Graphics Component allows an unauthorized attacker to execute code over a network.,3.9,,*,24H2,CIPLLP-RUSHALI,*,Claimpower,Microsoft_Microsoft Windows 11 Home Single Language_24H2_x64_
Windows 11,CVE-2025-64670,Microsoft,Medium,CVSS:3.1/AV:N/AC:L/PR:L/UI:N/S:U/C:H/I:N/A:N,No,12/09/25 18:16:00,6.5,01/16/26 08:37:29,0,N/A,https://www.vicarius.io/vsociety/vulnerabilities/434858/CVE-2025-64670,Exposure of sensitive information to an unauthorized actor in Microsoft Graphics Component allows an authorized attacker to disclose information over a network.,2.8,,*,24H2,CIPLLP-RUSHALI,*,Claimpower,Microsoft_Microsoft Windows 11 Home Single Language_24H2_x64_
Windows 11,CVE-2025-64661,Microsoft,High,CVSS:3.1/AV:L/AC:H/PR:L/UI:N/S:C/C:H/I:H/A:H,No,12/09/25 18:16:00,7.8,01/16/26 08:37:29,0,N/A,https://www.vicarius.io/vsociety/vulnerabilities/434861/CVE-2025-64661,Concurrent execution using shared resource with improper synchronization (race condition) in Windows Shell allows an authorized attacker to elevate privileges locally.,1.1,,*,24H2,CIPLLP-RUSHALI,*,Claimpower,Microsoft_Microsoft Windows 11 Home Single Language_24H2_x64_
Windows 11,CVE-2025-60723,Microsoft,Medium,CVSS:3.1/AV:N/AC:H/PR:L/UI:N/S:C/C:N/I:N/A:H,No,11/11/25 18:15:00,6.3,01/16/26 08:37:29,0,N/A,https://www.vicarius.io/vsociety/vulnerabilities/431387/CVE-2025-60723,Concurrent execution using shared resource with improper synchronization (race condition) in Windows DirectX allows an authorized attacker to deny service over a network.,1.8,,*,24H2,CIPLLP-RUSHALI,*,Claimpower,Microsoft_Microsoft Windows 11 Home Single Language_24H2_x64_
Asp.net Core,CVE-2025-24070,Microsoft,High,CVSS:3.1/AV:N/AC:H/PR:N/UI:N/S:U/C:L/I:L/A:H,No,03/11/25 17:16:00,7,11/05/25 20:28:33,0,N/A,https://www.vicarius.io/vsociety/vulnerabilities/397848/CVE-2025-24070,Weak authentication in ASP.NET Core &amp. Visual Studio allows an unauthorized attacker to elevate privileges over a network.,2.2,,,8.0.6,CIPLMD43,*,Claimpower,Microsoft Corporation_Microsoft ASP.NET Core 8.0.6 Targeting Pack (x64)_8.0.6.24269_x64_
Windows 11,CVE-2026-20827,Microsoft,Medium,CVSS:3.1/AV:L/AC:L/PR:L/UI:N/S:U/C:H/I:N/A:N,No,01/13/26 18:16:00,5.5,01/16/26 08:37:29,0,N/A,https://www.vicarius.io/vsociety/vulnerabilities/441058/CVE-2026-20827,Exposure of sensitive information to an unauthorized actor in Tablet Windows User Interface (TWINUI) Subsystem allows an authorized attacker to disclose information locally.,1.8,,*,24H2,CIPLLP-RUSHALI,*,Claimpower,Microsoft_Microsoft Windows 11 Home Single Language_24H2_x64_
Windows 11,CVE-2026-20857,Microsoft,High,CVSS:3.1/AV:L/AC:L/PR:L/UI:N/S:U/C:H/I:H/A:H,No,01/13/26 18:16:00,7.8,01/16/26 08:37:29,0,N/A,https://www.vicarius.io/vsociety/vulnerabilities/441033/CVE-2026-20857,Untrusted pointer dereference in Windows Cloud Files Mini Filter Driver allows an authorized attacker to elevate privileges locally.,1.8,,*,24H2,CIPLLP-RUSHALI,*,Claimpower,Microsoft_Microsoft Windows 11 Home Single Language_24H2_x64_
Windows 11,CVE-2026-20858,Microsoft,High,CVSS:3.1/AV:L/AC:H/PR:L/UI:N/S:C/C:H/I:H/A:H,No,01/13/26 18:16:00,7.8,01/16/26 08:37:29,0,N/A,https://www.vicarius.io/vsociety/vulnerabilities/441032/CVE-2026-20858,Use after free in Windows Management Services allows an authorized attacker to elevate privileges locally.,1.1,,*,24H2,CIPLLP-RUSHALI,*,Claimpower,Microsoft_Microsoft Windows 11 Home Single Language_24H2_x64_
Windows 11,CVE-2025-62456,Microsoft,High,CVSS:3.1/AV:N/AC:L/PR:L/UI:N/S:U/C:H/I:H/A:H,No,12/09/25 18:15:00,8.8,01/16/26 08:37:29,0,N/A,https://www.vicarius.io/vsociety/vulnerabilities/434907/CVE-2025-62456,Heap-based buffer overflow in Windows Resilient File System (ReFS) allows an authorized attacker to execute code over a network.,2.8,,*,24H2,CIPLLP-RUSHALI,*,Claimpower,Microsoft_Microsoft Windows 11 Home Single Language_24H2_x64_
Windows 11,CVE-2026-20859,Microsoft,High,CVSS:3.1/AV:L/AC:L/PR:L/UI:N/S:U/C:H/I:H/A:H,No,01/13/26 18:16:00,7.8,01/16/26 08:37:29,0,N/A,https://www.vicarius.io/vsociety/vulnerabilities/441031/CVE-2026-20859,Use after free in Windows Kernel-Mode Drivers allows an authorized attacker to elevate privileges locally.,1.8,,*,24H2,CIPLLP-RUSHALI,*,Claimpower,Microsoft_Microsoft Windows 11 Home Single Language_24H2_x64_
Windows 11,CVE-2025-62457,Microsoft,High,CVSS:3.1/AV:L/AC:L/PR:L/UI:N/S:U/C:H/I:H/A:H,No,12/09/25 18:15:00,7.8,01/16/26 08:37:29,0,N/A,https://www.vicarius.io/vsociety/vulnerabilities/434906/CVE-2025-62457,Out-of-bounds read in Windows Cloud Files Mini Filter Driver allows an authorized attacker to elevate privileges locally.,1.8,,*,24H2,CIPLLP-RUSHALI,*,Claimpower,Microsoft_Microsoft Windows 11 Home Single Language_24H2_x64_
Windows 11,CVE-2026-20860,Microsoft,High,CVSS:3.1/AV:L/AC:L/PR:L/UI:N/S:U/C:H/I:H/A:H,No,01/13/26 18:16:00,7.8,01/16/26 08:37:29,0,N/A,https://www.vicarius.io/vsociety/vulnerabilities/441030/CVE-2026-20860,Access of resource using incompatible type (type confusion) in Windows Ancillary Function Driver for WinSock allows an authorized attacker to elevate privileges locally.,1.8,,*,24H2,CIPLLP-RUSHALI,*,Claimpower,Microsoft_Microsoft Windows 11 Home Single Language_24H2_x64_
Windows 11,CVE-2026-20861,Microsoft,High,CVSS:3.1/AV:L/AC:H/PR:L/UI:N/S:C/C:H/I:H/A:H,No,01/13/26 18:16:00,7.8,01/16/26 08:37:29,0,N/A,https://www.vicarius.io/vsociety/vulnerabilities/441029/CVE-2026-20861,Concurrent execution using shared resource with improper synchronization (race condition) in Windows Management Services allows an authorized attacker to elevate privileges locally.,1.1,,*,24H2,CIPLLP-RUSHALI,*,Claimpower,Microsoft_Microsoft Windows 11 Home Single Language_24H2_x64_
Windows 11,CVE-2026-20862,Microsoft,Medium,CVSS:3.1/AV:L/AC:L/PR:L/UI:N/S:U/C:H/I:N/A:N,No,01/13/26 18:16:00,5.5,01/16/26 08:37:29,0,N/A,https://www.vicarius.io/vsociety/vulnerabilities/441028/CVE-2026-20862,Exposure of sensitive information to an unauthorized actor in Windows Management Services allows an authorized attacker to disclose information locally.,1.8,,*,24H2,CIPLLP-RUSHALI,*,Claimpower,Microsoft_Microsoft Windows 11 Home Single Language_24H2_x64_
Windows 11,CVE-2026-20863,Microsoft,High,CVSS:3.1/AV:L/AC:H/PR:L/UI:N/S:U/C:H/I:H/A:H,No,01/13/26 18:16:00,7,01/16/26 08:37:29,0,N/A,https://www.vicarius.io/vsociety/vulnerabilities/441027/CVE-2026-20863,Double free in Windows Win32K - ICOMP allows an authorized attacker to elevate privileges locally.,1,,*,24H2,CIPLLP-RUSHALI,*,Claimpower,Microsoft_Microsoft Windows 11 Home Single Language_24H2_x64_
Windows 11,CVE-2025-60717,Microsoft,High,CVSS:3.1/AV:L/AC:H/PR:L/UI:N/S:U/C:H/I:H/A:H,No,11/11/25 18:15:00,7,01/16/26 08:37:29,0,N/A,https://www.vicarius.io/vsociety/vulnerabilities/431393/CVE-2025-60717,Use after free in Windows Broadcast DVR User Service allows an authorized attacker to elevate privileges locally.,1,,*,24H2,CIPLLP-RUSHALI,*,Claimpower,Microsoft_Microsoft Windows 11 Home Single Language_24H2_x64_
Windows 11,CVE-2025-60716,Microsoft,High,CVSS:3.1/AV:L/AC:H/PR:L/UI:N/S:U/C:H/I:H/A:H,No,11/11/25 18:15:00,7,01/16/26 08:37:29,0,N/A,https://www.vicarius.io/vsociety/vulnerabilities/431394/CVE-2025-60716,Use after free in Windows DirectX allows an authorized attacker to elevate privileges locally.,1,,*,24H2,CIPLLP-RUSHALI,*,Claimpower,Microsoft_Microsoft Windows 11 Home Single Language_24H2_x64_
Windows 11,CVE-2025-60719,Microsoft,High,CVSS:3.1/AV:L/AC:H/PR:L/UI:N/S:U/C:H/I:H/A:H,No,11/11/25 18:15:00,7,01/16/26 08:37:29,0,N/A,https://www.vicarius.io/vsociety/vulnerabilities/431391/CVE-2025-60719,Untrusted pointer dereference in Windows Ancillary Function Driver for WinSock allows an authorized attacker to elevate privileges locally.,1,,*,24H2,CIPLLP-RUSHALI,*,Claimpower,Microsoft_Microsoft Windows 11 Home Single Language_24H2_x64_
Windows 11,CVE-2025-62217,Microsoft,High,CVSS:3.1/AV:L/AC:H/PR:L/UI:N/S:U/C:H/I:H/A:H,No,11/11/25 18:15:00,7,01/16/26 08:37:29,0,N/A,https://www.vicarius.io/vsociety/vulnerabilities/431358/CVE-2025-62217,Concurrent execution using shared resource with improper synchronization (race condition) in Windows Ancillary Function Driver for WinSock allows an authorized attacker to elevate privileges locally.,1,,*,24H2,CIPLLP-RUSHALI,*,Claimpower,Microsoft_Microsoft Windows 11 Home Single Language_24H2_x64_
Windows 11,CVE-2025-60718,Microsoft,High,CVSS:3.1/AV:L/AC:L/PR:L/UI:N/S:U/C:H/I:H/A:H,No,11/11/25 18:15:00,7.8,01/16/26 08:37:29,0,N/A,https://www.vicarius.io/vsociety/vulnerabilities/431392/CVE-2025-60718,Untrusted search path in Windows Administrator Protection allows an authorized attacker to elevate privileges locally.,1.8,,*,24H2,CIPLLP-RUSHALI,*,Claimpower,Microsoft_Microsoft Windows 11 Home Single Language_24H2_x64_
Windows 11,CVE-2026-20936,Microsoft,Medium,CVSS:3.1/AV:P/AC:L/PR:L/UI:N/S:U/C:H/I:N/A:N,No,01/13/26 18:16:00,4.3,01/16/26 08:37:29,0,N/A,https://www.vicarius.io/vsociety/vulnerabilities/440997/CVE-2026-20936,Out-of-bounds read in Windows NDIS allows an authorized attacker to disclose information with a physical attack.,0.7,,*,24H2,CIPLLP-RUSHALI,*,Claimpower,Microsoft_Microsoft Windows 11 Home Single Language_24H2_x64_
Windows 11,CVE-2025-62221,Microsoft,High,CVSS:3.1/AV:L/AC:L/PR:L/UI:N/S:U/C:H/I:H/A:H,Yes,12/09/25 18:15:00,7.8,01/16/26 08:37:29,0,N/A,https://www.vicarius.io/vsociety/vulnerabilities/434910/CVE-2025-62221,Use after free in Windows Cloud Files Mini Filter Driver allows an authorized attacker to elevate privileges locally.,1.8,,*,24H2,CIPLLP-RUSHALI,*,Claimpower,Microsoft_Microsoft Windows 11 Home Single Language_24H2_x64_
Asp.net Core,CVE-2025-55315,Microsoft,Critical,CVSS:3.1/AV:N/AC:L/PR:L/UI:N/S:C/C:H/I:H/A:L,No,10/14/25 17:15:00,9.9,01/19/26 09:27:21,0,N/A,https://www.vicarius.io/vsociety/vulnerabilities/427498/CVE-2025-55315,Inconsistent interpretation of http requests (http request/response smuggling) in ASP.NET Core allows an authorized attacker to bypass a security feature over a network.,3.1,,,8.0.6,CIPLL11-VARUN,*,Claimpower,Microsoft Corporation_Microsoft ASP.NET Core 8.0.6 Targeting Pack (x64)_8.0.6.24269_x64_
Windows 11,CVE-2025-60715,Microsoft,High,CVSS:3.1/AV:N/AC:L/PR:L/UI:R/S:U/C:H/I:H/A:H,No,11/11/25 18:15:00,8,01/16/26 08:37:29,0,N/A,https://www.vicarius.io/vsociety/vulnerabilities/431395/CVE-2025-60715,Heap-based buffer overflow in Windows Routing and Remote Access Service (RRAS) allows an authorized attacker to execute code over a network.,2.1,,*,24H2,CIPLLP-RUSHALI,*,Claimpower,Microsoft_Microsoft Windows 11 Home Single Language_24H2_x64_
Windows 11,CVE-2026-20937,Microsoft,Medium,CVSS:3.1/AV:L/AC:L/PR:L/UI:N/S:U/C:H/I:N/A:N,No,01/13/26 18:16:00,5.5,01/16/26 08:37:29,0,N/A,https://www.vicarius.io/vsociety/vulnerabilities/440996/CVE-2026-20937,Exposure of sensitive information to an unauthorized actor in Windows File Explorer allows an authorized attacker to disclose information locally.,1.8,,*,24H2,CIPLLP-RUSHALI,*,Claimpower,Microsoft_Microsoft Windows 11 Home Single Language_24H2_x64_
Windows 11,CVE-2025-62452,Microsoft,High,CVSS:3.1/AV:N/AC:L/PR:L/UI:R/S:U/C:H/I:H/A:H,No,11/11/25 18:15:00,8,01/16/26 08:37:29,0,N/A,https://www.vicarius.io/vsociety/vulnerabilities/431352/CVE-2025-62452,Heap-based buffer overflow in Windows Routing and Remote Access Service (RRAS) allows an authorized attacker to execute code over a network.,2.1,,*,24H2,CIPLLP-RUSHALI,*,Claimpower,Microsoft_Microsoft Windows 11 Home Single Language_24H2_x64_
Windows 11,CVE-2025-60721,Microsoft,High,CVSS:3.1/AV:L/AC:L/PR:L/UI:N/S:U/C:H/I:H/A:H,No,11/11/25 18:15:00,7.8,01/16/26 08:37:29,0,N/A,https://www.vicarius.io/vsociety/vulnerabilities/431389/CVE-2025-60721,Privilege context switching error in Windows Administrator Protection allows an authorized attacker to elevate privileges locally.,1.8,,*,24H2,CIPLLP-RUSHALI,*,Claimpower,Microsoft_Microsoft Windows 11 Home Single Language_24H2_x64_
Windows 11,CVE-2025-62219,Microsoft,High,CVSS:3.1/AV:L/AC:H/PR:L/UI:N/S:U/C:H/I:H/A:H,No,11/11/25 18:15:00,7,01/16/26 08:37:29,0,N/A,https://www.vicarius.io/vsociety/vulnerabilities/431356/CVE-2025-62219,Double free in Microsoft Wireless Provisioning System allows an authorized attacker to elevate privileges locally.,1,,*,24H2,CIPLLP-RUSHALI,*,Claimpower,Microsoft_Microsoft Windows 11 Home Single Language_24H2_x64_
Windows 11,CVE-2025-60720,Microsoft,High,CVSS:3.1/AV:L/AC:L/PR:L/UI:N/S:U/C:H/I:H/A:H,No,11/11/25 18:15:00,7.8,01/16/26 08:37:29,0,N/A,https://www.vicarius.io/vsociety/vulnerabilities/431390/CVE-2025-60720,Buffer over-read in Windows TDX.sys allows an authorized attacker to elevate privileges locally.,1.8,,*,24H2,CIPLLP-RUSHALI,*,Claimpower,Microsoft_Microsoft Windows 11 Home Single Language_24H2_x64_
Windows 11,CVE-2025-62218,Microsoft,High,CVSS:3.1/AV:L/AC:H/PR:L/UI:N/S:U/C:H/I:H/A:H,No,11/11/25 18:15:00,7,01/16/26 08:37:29,0,N/A,https://www.vicarius.io/vsociety/vulnerabilities/431357/CVE-2025-62218,Concurrent execution using shared resource with improper synchronization (race condition) in Microsoft Wireless Provisioning System allows an authorized attacker to elevate privileges locally.,1,,*,24H2,CIPLLP-RUSHALI,*,Claimpower,Microsoft_Microsoft Windows 11 Home Single Language_24H2_x64_
Windows 11,CVE-2026-20834,Microsoft,Medium,CVSS:3.1/AV:P/AC:L/PR:N/UI:N/S:U/C:H/I:N/A:N,No,01/13/26 18:16:00,4.6,01/16/26 08:37:29,0,N/A,https://www.vicarius.io/vsociety/vulnerabilities/441051/CVE-2026-20834,Absolute path traversal in Windows Shell allows an unauthorized attacker to perform spoofing with a physical attack.,0.9,,*,24H2,CIPLLP-RUSHALI,*,Claimpower,Microsoft_Microsoft Windows 11 Home Single Language_24H2_x64_
Asp.net Core,CVE-2025-26682,Microsoft,High,CVSS:3.1/AV:N/AC:L/PR:N/UI:N/S:U/C:N/I:N/A:H,No,04/08/25 18:15:00,7.5,01/19/26 09:27:21,0,N/A,https://www.vicarius.io/vsociety/vulnerabilities/402445/CVE-2025-26682,Allocation of resources without limits or throttling in ASP.NET Core allows an unauthorized attacker to deny service over a network.,3.9,,,8.0.6,CIPLL11-VARUN,*,Claimpower,Microsoft Corporation_Microsoft ASP.NET Core 8.0.6 Targeting Pack (x64)_8.0.6.24269_x64_
Windows 11,CVE-2026-20835,Microsoft,Medium,CVSS:3.1/AV:L/AC:L/PR:L/UI:N/S:U/C:H/I:N/A:N,No,01/13/26 18:16:00,5.5,01/16/26 08:37:29,0,N/A,https://www.vicarius.io/vsociety/vulnerabilities/441050/CVE-2026-20835,Out-of-bounds read in Capability Access Management Service (camsvc) allows an authorized attacker to disclose information locally.,1.8,,*,24H2,CIPLLP-RUSHALI,*,Claimpower,Microsoft_Microsoft Windows 11 Home Single Language_24H2_x64_
Windows 11,CVE-2026-20836,Microsoft,High,CVSS:3.1/AV:L/AC:H/PR:L/UI:N/S:U/C:H/I:H/A:H,No,01/13/26 18:16:00,7,01/16/26 08:37:29,0,N/A,https://www.vicarius.io/vsociety/vulnerabilities/441049/CVE-2026-20836,Concurrent execution using shared resource with improper synchronization (race condition) in Graphics Kernel allows an authorized attacker to elevate privileges locally.,1,,*,24H2,CIPLLP-RUSHALI,*,Claimpower,Microsoft_Microsoft Windows 11 Home Single Language_24H2_x64_
Windows 11,CVE-2026-20938,Microsoft,High,CVSS:3.1/AV:L/AC:L/PR:L/UI:N/S:U/C:H/I:H/A:H,No,01/13/26 18:16:00,7.8,01/16/26 08:37:29,0,N/A,https://www.vicarius.io/vsociety/vulnerabilities/440995/CVE-2026-20938,Untrusted pointer dereference in Windows Virtualization-Based Security (VBS) Enclave allows an authorized attacker to elevate privileges locally.,1.8,,*,24H2,CIPLLP-RUSHALI,*,Claimpower,Microsoft_Microsoft Windows 11 Home Single Language_24H2_x64_
Windows 11,CVE-2026-20828,Microsoft,Medium,CVSS:3.1/AV:P/AC:L/PR:N/UI:N/S:U/C:H/I:N/A:N,No,01/13/26 18:16:00,4.6,01/16/26 08:37:29,0,N/A,https://www.vicarius.io/vsociety/vulnerabilities/441057/CVE-2026-20828,Out-of-bounds read in Windows Internet Connection Sharing (ICS) allows an unauthorized attacker to disclose information with a physical attack.,0.9,,*,24H2,CIPLLP-RUSHALI,*,Claimpower,Microsoft_Microsoft Windows 11 Home Single Language_24H2_x64_
Windows 11,CVE-2026-20829,Microsoft,Medium,CVSS:3.1/AV:L/AC:L/PR:L/UI:N/S:U/C:H/I:N/A:N,No,01/13/26 18:16:00,5.5,01/16/26 08:37:29,0,N/A,https://www.vicarius.io/vsociety/vulnerabilities/441056/CVE-2026-20829,Out-of-bounds read in Windows TPM allows an authorized attacker to disclose information locally.,1.8,,*,24H2,CIPLLP-RUSHALI,*,Claimpower,Microsoft_Microsoft Windows 11 Home Single Language_24H2_x64_
Windows 11,CVE-2026-20939,Microsoft,Medium,CVSS:3.1/AV:L/AC:L/PR:L/UI:N/S:U/C:H/I:N/A:N,No,01/13/26 18:16:00,5.5,01/16/26 08:37:29,0,N/A,https://www.vicarius.io/vsociety/vulnerabilities/440994/CVE-2026-20939,Exposure of sensitive information to an unauthorized actor in Windows File Explorer allows an authorized attacker to disclose information locally.,1.8,,*,24H2,CIPLLP-RUSHALI,*,Claimpower,Microsoft_Microsoft Windows 11 Home Single Language_24H2_x64_
Windows 11,CVE-2026-20831,Microsoft,High,CVSS:3.1/AV:L/AC:L/PR:L/UI:N/S:U/C:H/I:H/A:H,No,01/13/26 18:16:00,7.8,01/16/26 08:37:29,0,N/A,https://www.vicarius.io/vsociety/vulnerabilities/441054/CVE-2026-20831,Time-of-check time-of-use (toctou) race condition in Windows Ancillary Function Driver for WinSock allows an authorized attacker to elevate privileges locally.,1.8,,*,24H2,CIPLLP-RUSHALI,*,Claimpower,Microsoft_Microsoft Windows 11 Home Single Language_24H2_x64_
Windows 11,CVE-2026-20832,Microsoft,High,CVSS:3.1/AV:L/AC:L/PR:L/UI:N/S:U/C:H/I:H/A:H,No,01/13/26 18:16:00,7.8,01/16/26 08:37:29,0,N/A,https://www.vicarius.io/vsociety/vulnerabilities/441053/CVE-2026-20832,Windows Remote Procedure Call Interface Definition Language (IDL) Elevation of Privilege Vulnerability,1.8,,*,24H2,CIPLLP-RUSHALI,*,Claimpower,Microsoft_Microsoft Windows 11 Home Single Language_24H2_x64_
Asp.net Core,CVE-2025-55315,Microsoft,Critical,CVSS:3.1/AV:N/AC:L/PR:L/UI:N/S:C/C:H/I:H/A:L,No,10/14/25 17:15:00,9.9,11/25/25 23:50:39,0,N/A,https://www.vicarius.io/vsociety/vulnerabilities/427498/CVE-2025-55315,Inconsistent interpretation of http requests (http request/response smuggling) in ASP.NET Core allows an authorized attacker to bypass a security feature over a network.,3.1,,,8.0.6,CIPLMD09,*,Claimpower,Microsoft Corporation_Microsoft ASP.NET Core 8.0.6 Targeting Pack (x64)_8.0.6.24269_x64_
Windows 11,CVE-2023-31096,Microsoft,High,CVSS:3.1/AV:L/AC:L/PR:L/UI:N/S:U/C:H/I:H/A:H,No,10/10/23 19:15:00,7.8,01/16/26 08:37:29,0,N/A,https://www.vicarius.io/vsociety/vulnerabilities/341532/CVE-2023-31096,"An issue was discovered in Broadcom) LSI PCI-SV92EX Soft Modem Kernel Driver through 2.2.100.1 (aka AGRSM64.sys). There is Local Privilege Escalation to SYSTEM via a Stack Overflow in RTLCopyMemory (IOCTL 0x1b2150). An attacker can exploit this to elevate privileges from a medium-integrity process to SYSTEM. This can also be used to bypass kernel-level protections such as AV or PPL, because exploit code runs with high-integrity privileges and can be used in coordinated BYOVD (bring your own vulnerable driver) ransomware campaigns.",1.8,,*,24H2,CIPLLP-RUSHALI,*,Claimpower,Microsoft_Microsoft Windows 11 Home Single Language_24H2_x64_
Windows 11,CVE-2025-60704,Microsoft,High,CVSS:3.1/AV:N/AC:H/PR:N/UI:R/S:U/C:H/I:H/A:H,No,11/11/25 18:15:00,7.5,01/16/26 08:37:29,0,N/A,https://www.vicarius.io/vsociety/vulnerabilities/431404/CVE-2025-60704,Missing cryptographic step in Windows Kerberos allows an unauthorized attacker to elevate privileges over a network.,1.6,,*,24H2,CIPLLP-RUSHALI,*,Claimpower,Microsoft_Microsoft Windows 11 Home Single Language_24H2_x64_
Windows 11,CVE-2025-60703,Microsoft,High,CVSS:3.1/AV:L/AC:L/PR:L/UI:N/S:U/C:H/I:H/A:H,No,11/11/25 18:15:00,7.8,01/16/26 08:37:29,0,N/A,https://www.vicarius.io/vsociety/vulnerabilities/431405/CVE-2025-60703,Untrusted pointer dereference in Windows Remote Desktop allows an authorized attacker to elevate privileges locally.,1.8,,*,24H2,CIPLLP-RUSHALI,*,Claimpower,Microsoft_Microsoft Windows 11 Home Single Language_24H2_x64_
Asp.net Core,CVE-2025-26682,Microsoft,High,CVSS:3.1/AV:N/AC:L/PR:N/UI:N/S:U/C:N/I:N/A:H,No,04/08/25 18:15:00,7.5,11/25/25 23:50:39,0,N/A,https://www.vicarius.io/vsociety/vulnerabilities/402445/CVE-2025-26682,Allocation of resources without limits or throttling in ASP.NET Core allows an unauthorized attacker to deny service over a network.,3.9,,,8.0.6,CIPLMD09,*,Claimpower,Microsoft Corporation_Microsoft ASP.NET Core 8.0.6 Targeting Pack (x64)_8.0.6.24269_x64_
Windows 11,CVE-2025-60706,Microsoft,Medium,CVSS:3.1/AV:L/AC:L/PR:L/UI:N/S:U/C:H/I:N/A:N,No,11/11/25 18:15:00,5.5,01/16/26 08:37:29,0,N/A,https://www.vicarius.io/vsociety/vulnerabilities/431402/CVE-2025-60706,Out-of-bounds read in Windows Hyper-V allows an authorized attacker to disclose information locally.,1.8,,*,24H2,CIPLLP-RUSHALI,*,Claimpower,Microsoft_Microsoft Windows 11 Home Single Language_24H2_x64_
Windows 11,CVE-2025-60705,Microsoft,High,CVSS:3.1/AV:L/AC:L/PR:L/UI:N/S:U/C:H/I:H/A:H,No,11/11/25 18:15:00,7.8,01/16/26 08:37:29,0,N/A,https://www.vicarius.io/vsociety/vulnerabilities/431403/CVE-2025-60705,Improper access control in Windows Client-Side Caching (CSC) Service allows an authorized attacker to elevate privileges locally.,1.8,,*,24H2,CIPLLP-RUSHALI,*,Claimpower,Microsoft_Microsoft Windows 11 Home Single Language_24H2_x64_
Asp.net Core,CVE-2025-55315,Microsoft,Critical,CVSS:3.1/AV:N/AC:L/PR:L/UI:N/S:C/C:H/I:H/A:L,No,10/14/25 17:15:00,9.9,11/05/25 20:28:33,0,N/A,https://www.vicarius.io/vsociety/vulnerabilities/427498/CVE-2025-55315,Inconsistent interpretation of http requests (http request/response smuggling) in ASP.NET Core allows an authorized attacker to bypass a security feature over a network.,3.1,,,8.0.6,CIPLMD43,*,Claimpower,Microsoft Corporation_Microsoft ASP.NET Core 8.0.6 Targeting Pack (x64)_8.0.6.24269_x64_
Windows 11,CVE-2025-59513,Microsoft,Medium,CVSS:3.1/AV:L/AC:L/PR:L/UI:N/S:U/C:H/I:N/A:N,No,11/11/25 18:15:00,5.5,01/16/26 08:37:29,0,N/A,https://www.vicarius.io/vsociety/vulnerabilities/431408/CVE-2025-59513,Out-of-bounds read in Windows Bluetooth RFCOM Protocol Driver allows an authorized attacker to disclose information locally.,1.8,,*,24H2,CIPLLP-RUSHALI,*,Claimpower,Microsoft_Microsoft Windows 11 Home Single Language_24H2_x64_
Asp.net Core,CVE-2025-26682,Microsoft,High,CVSS:3.1/AV:N/AC:L/PR:N/UI:N/S:U/C:N/I:N/A:H,No,04/08/25 18:15:00,7.5,11/05/25 20:00:27,0,N/A,https://www.vicarius.io/vsociety/vulnerabilities/402445/CVE-2025-26682,Allocation of resources without limits or throttling in ASP.NET Core allows an unauthorized attacker to deny service over a network.,3.9,,,8.0.6,CIPLMD15,*,Claimpower,Microsoft Corporation_Microsoft ASP.NET Core 8.0.6 Targeting Pack (x64)_8.0.6.24269_x64_
Windows 11,CVE-2025-59515,Microsoft,High,CVSS:3.1/AV:L/AC:H/PR:L/UI:N/S:U/C:H/I:H/A:H,No,11/11/25 18:15:00,7,01/16/26 08:37:29,0,N/A,https://www.vicarius.io/vsociety/vulnerabilities/431406/CVE-2025-59515,Use after free in Windows Broadcast DVR User Service allows an authorized attacker to elevate privileges locally.,1,,*,24H2,CIPLLP-RUSHALI,*,Claimpower,Microsoft_Microsoft Windows 11 Home Single Language_24H2_x64_
Windows 11,CVE-2025-59514,Microsoft,High,CVSS:3.1/AV:L/AC:L/PR:L/UI:N/S:U/C:H/I:H/A:H,No,11/11/25 18:15:00,7.8,01/16/26 08:37:29,0,N/A,https://www.vicarius.io/vsociety/vulnerabilities/431407/CVE-2025-59514,Improper privilege management in Microsoft Streaming Service allows an authorized attacker to elevate privileges locally.,1.8,,*,24H2,CIPLLP-RUSHALI,*,Claimpower,Microsoft_Microsoft Windows 11 Home Single Language_24H2_x64_
Windows 11,CVE-2025-62213,Microsoft,High,CVSS:3.1/AV:L/AC:H/PR:L/UI:N/S:U/C:H/I:H/A:H,No,11/11/25 18:15:00,7,01/16/26 08:37:29,0,N/A,https://www.vicarius.io/vsociety/vulnerabilities/431362/CVE-2025-62213,Use after free in Windows Ancillary Function Driver for WinSock allows an authorized attacker to elevate privileges locally.,1,,*,24H2,CIPLLP-RUSHALI,*,Claimpower,Microsoft_Microsoft Windows 11 Home Single Language_24H2_x64_
Windows 11,CVE-2025-60708,Microsoft,Medium,CVSS:3.1/AV:L/AC:L/PR:L/UI:N/S:C/C:N/I:N/A:H,No,11/11/25 18:15:00,6.5,01/16/26 08:37:29,0,N/A,https://www.vicarius.io/vsociety/vulnerabilities/431400/CVE-2025-60708,Untrusted pointer dereference in Storvsp.sys Driver allows an authorized attacker to deny service locally.,2,,*,24H2,CIPLLP-RUSHALI,*,Claimpower,Microsoft_Microsoft Windows 11 Home Single Language_24H2_x64_
Windows 11,CVE-2025-60707,Microsoft,High,CVSS:3.1/AV:L/AC:L/PR:L/UI:N/S:U/C:H/I:H/A:H,No,11/11/25 18:15:00,7.8,01/16/26 08:37:29,0,N/A,https://www.vicarius.io/vsociety/vulnerabilities/431401/CVE-2025-60707,Use after free in Multimedia Class Scheduler Service (MMCSS) allows an authorized attacker to elevate privileges locally.,1.8,,*,24H2,CIPLLP-RUSHALI,*,Claimpower,Microsoft_Microsoft Windows 11 Home Single Language_24H2_x64_
Windows 11,CVE-2025-60709,Microsoft,High,CVSS:3.1/AV:L/AC:L/PR:L/UI:N/S:U/C:H/I:H/A:H,No,11/11/25 18:15:00,7.8,01/16/26 08:37:29,0,N/A,https://www.vicarius.io/vsociety/vulnerabilities/431399/CVE-2025-60709,Out-of-bounds read in Windows Common Log File System Driver allows an authorized attacker to elevate privileges locally.,1.8,,*,24H2,CIPLLP-RUSHALI,*,Claimpower,Microsoft_Microsoft Windows 11 Home Single Language_24H2_x64_
Asp.net Core,CVE-2025-55315,Microsoft,Critical,CVSS:3.1/AV:N/AC:L/PR:L/UI:N/S:C/C:H/I:H/A:L,No,10/14/25 17:15:00,9.9,11/05/25 20:00:27,0,N/A,https://www.vicarius.io/vsociety/vulnerabilities/427498/CVE-2025-55315,Inconsistent interpretation of http requests (http request/response smuggling) in ASP.NET Core allows an authorized attacker to bypass a security feature over a network.,3.1,,,8.0.6,CIPLMD15,*,Claimpower,Microsoft Corporation_Microsoft ASP.NET Core 8.0.6 Targeting Pack (x64)_8.0.6.24269_x64_
Windows 11,CVE-2026-20842,Microsoft,High,CVSS:3.1/AV:L/AC:H/PR:L/UI:N/S:U/C:H/I:H/A:H,No,01/13/26 18:16:00,7,01/16/26 08:37:29,0,N/A,https://www.vicarius.io/vsociety/vulnerabilities/441044/CVE-2026-20842,Use after free in Windows DWM allows an authorized attacker to elevate privileges locally.,1,,*,24H2,CIPLLP-RUSHALI,*,Claimpower,Microsoft_Microsoft Windows 11 Home Single Language_24H2_x64_
Windows 11,CVE-2025-62215,Microsoft,High,CVSS:3.1/AV:L/AC:H/PR:L/UI:N/S:U/C:H/I:H/A:H,Yes,11/11/25 18:15:00,7,01/16/26 08:37:29,0,N/A,https://www.vicarius.io/vsociety/vulnerabilities/431360/CVE-2025-62215,Concurrent execution using shared resource with improper synchronization (race condition) in Windows Kernel allows an authorized attacker to elevate privileges locally.,1,,*,24H2,CIPLLP-RUSHALI,*,Claimpower,Microsoft_Microsoft Windows 11 Home Single Language_24H2_x64_
Windows 11,CVE-2026-20837,Microsoft,High,CVSS:3.1/AV:L/AC:L/PR:N/UI:R/S:U/C:H/I:H/A:H,No,01/13/26 18:16:00,7.8,01/16/26 08:37:29,0,N/A,https://www.vicarius.io/vsociety/vulnerabilities/441048/CVE-2026-20837,Heap-based buffer overflow in Windows Media allows an unauthorized attacker to execute code locally.,1.8,,*,24H2,CIPLLP-RUSHALI,*,Claimpower,Microsoft_Microsoft Windows 11 Home Single Language_24H2_x64_
Asp.net Core,CVE-2025-26682,Microsoft,High,CVSS:3.1/AV:N/AC:L/PR:N/UI:N/S:U/C:N/I:N/A:H,No,04/08/25 18:15:00,7.5,11/05/25 20:28:33,0,N/A,https://www.vicarius.io/vsociety/vulnerabilities/402445/CVE-2025-26682,Allocation of resources without limits or throttling in ASP.NET Core allows an unauthorized attacker to deny service over a network.,3.9,,,8.0.6,CIPLMD43,*,Claimpower,Microsoft Corporation_Microsoft ASP.NET Core 8.0.6 Targeting Pack (x64)_8.0.6.24269_x64_
.NET,CVE-2021-27434,Microsoft,High,CVSS:3.1/AV:N/AC:L/PR:N/UI:N/S:U/C:H/I:N/A:N,No,05/20/21 14:15:00,7.5,10/24/25 23:21:15,5,N/A,https://www.vicarius.io/vsociety/vulnerabilities/277232/CVE-2021-27434,"Products with Unified Automation .NET based OPC UA Client/Server SDK Bundle: Versions V3.0.7 and prior (.NET 4.5, 4.0, and 3.5 Framework versions only) are vulnerable to an uncontrolled recursion, which may allow an attacker to trigger a stack overflow.",3.9,,,4.0,CIPLMD72,*,Claimpower,Microsoft_.NET Framework 4.0 Full_4.0_x64_
Windows 11,CVE-2026-20838,Microsoft,Medium,CVSS:3.1/AV:L/AC:L/PR:L/UI:N/S:U/C:H/I:N/A:N,No,01/13/26 18:16:00,5.5,01/16/26 08:37:29,0,N/A,https://www.vicarius.io/vsociety/vulnerabilities/441047/CVE-2026-20838,Generation of error message containing sensitive information in Windows Kernel allows an authorized attacker to disclose information locally.,1.8,,*,24H2,CIPLLP-RUSHALI,*,Claimpower,Microsoft_Microsoft Windows 11 Home Single Language_24H2_x64_
Windows 11,CVE-2026-20839,Microsoft,Medium,CVSS:3.1/AV:L/AC:L/PR:L/UI:N/S:U/C:H/I:N/A:N,No,01/13/26 18:16:00,5.5,01/16/26 08:37:29,0,N/A,https://www.vicarius.io/vsociety/vulnerabilities/441046/CVE-2026-20839,Improper access control in Windows Client-Side Caching (CSC) Service allows an authorized attacker to disclose information locally.,1.8,,*,24H2,CIPLLP-RUSHALI,*,Claimpower,Microsoft_Microsoft Windows 11 Home Single Language_24H2_x64_
Windows 11,CVE-2026-20840,Microsoft,High,CVSS:3.1/AV:L/AC:L/PR:L/UI:N/S:U/C:H/I:H/A:H,No,01/13/26 18:16:00,7.8,01/16/26 08:37:29,0,N/A,https://www.vicarius.io/vsociety/vulnerabilities/441045/CVE-2026-20840,Heap-based buffer overflow in Windows NTFS allows an authorized attacker to execute code locally.,1.8,,*,24H2,CIPLLP-RUSHALI,*,Claimpower,Microsoft_Microsoft Windows 11 Home Single Language_24H2_x64_
