Hostname,BIOS Serial Number,Processor,Total Physical Memory,Storage,System Model,System Manufacturer,Last Logged In User,Device Health,MAC Addresses
044TL,5CD33044N6,13th Gen Intel(R) Core(TM) i5-1335U,15.64 GB,C:\ 5.111106E11,HP ProBook 450 15.6 inch G10 Notebook PC,HP,spatel,Critical,"00090ffe0001, 00090faa0001, ce5ef831ce7f, c25ef831ce7f, bc0ff38daa07, cc5ef831ce7f, cc5ef831ce80"
0B4V,PF280B4V,Intel(R) Core(TM) i5-10210U CPU @ 1.60GHz,7.75 GB,C:\ 5.107708E11,20S00012UE,LENOVO,skendi,Needs attention,"00ff9be1bf56, 00090ffe0001, 00090faa0001, 002b67635347, 0433c2983330, 0633c298332f, 0433c298332f"
0DG0,5CD2140DG0,12th Gen Intel(R) Core(TM) i5-1240P,7.64 GB,C:\ 5.109559E11,HP ProBook 450 15.6 inch G9 Notebook PC,HP,nadie,All good,"846993486857, 847b57454175, 867b57454174, 00090ffe0001, 847b57454174"
0F16L-NRB,5CD330F16L,13th Gen Intel(R) Core(TM) i5-1335U,7.64 GB,C:\ 5.110828E11,HP ProBook 450 15.6 inch G10 Notebook PC,HP,dkagai,Critical,"421a586dd45f, 461a586dd45f, 00090ffe0001, 00ff002550cd, 401a586dd45f, 644ed7181df7"
0FHJ-NRB,5CD2140FHJ,12th Gen Intel(R) Core(TM) i5-1240P,15.64 GB,C:\ 5.112123E11,HP ProBook 450 15.6 inch G9 Notebook PC,HP,dwaithira,All good,"847b574afcb9, 867b574afcb8, 00090ffe0001, 847b574afcb8, 847b574afcbc, 846993486b9c"
0N9X-NRB,1H85430N9X,Intel(R) Core(TM) Ultra 7 258V,31.48 GB,C:\ 1.023113E12,HP OmniBook Ultra Flip Laptop 14t-fh000,HP,jalpesh,Unverified,"00090ffe0001, f4a80d014996, 04f0ee41d38c, 06f0ee41d38b, 04f0ee41d38b, 04f0ee41d38f"
0NC9-NRB,1H85430NC9,Intel(R) Core(TM) Ultra 7 258V,31.48 GB,C:\ 1.023113E12,HP OmniBook Ultra Flip Laptop 14t-fh000,HP,mbhavsar,All good,"00090ffe0001, 289200579573, 289200579572, 289200579576"
16K6-NRB,1H842616K6,13th Gen Intel(R) Core(TM) i5-1335U,15.64 GB,C:\ 5.112123E11,HP ProBook 450 15.6 inch G10 Notebook PC,HP,mamaan,All good,"00090faa0001, fa6dcc642b9c, fe6dcc642b9c, 00090ffe0001, f86dcc642b9c, 644ed7c075c8"
1FX90,5CD151FX90,11th Gen Intel(R) Core(TM) i5-1135G7 @ 2.40GHz,11.68 GB,C:\ 5.110581E11,HP ProBook 450 G8 Notebook PC,HP,lmacharia,Critical,"c85acfb9d7bf, ac74b1b20a62, 36ebd4d19820, ac74b1b20a65"
1JS4J-NRB,5CD231JS4J,11th Gen Intel(R) Core(TM) i5-1135G7 @ 2.40GHz,7.68 GB,C:\ 5.112123E11,HP ProBook 450 G8 Notebook PC,HP,Posoro,Unverified,"703217e677ac, 723217e677ab, 00090ffe0001, 703217e677ab, 5c60babd1d2c"
1JS5B-NRB,5CD231JS5B,11th Gen Intel(R) Core(TM) i5-1135G7 @ 2.40GHz,7.68 GB,C:\ 5.112123E11,HP ProBook 450 G8 Notebook PC,HP,mmuthoni,All good,"703217e6dff3, 723217e6dff2, 00090ffe0001, 703217e6dff2, 5c60babd20c5"
1Q68-NRB,5CD4101Q68,13th Gen Intel(R) Core(TM) i5-1335U,15.64 GB,"C:\ 5.048977E11, D:\ 5.35806E8",HP ProBook 450 15.6 inch G10 Notebook PC,HP,lomuse,All good,"5a9671a4feec, 2c58b9d9f91e, 00090ffe0001, 589671a4feec, 589671a4feed"
1Q6X-NRB,5CD4101Q6X,13th Gen Intel(R) Core(TM) i5-1335U,15.64 GB,"C:\ 5.048977E11, D:\ 5.35806E8",HP ProBook 450 15.6 inch G10 Notebook PC,HP,sadmani,Critical,"2c58b9dcb9a2, 5a9671a5009a, 5e9671a5009a, 00090ffe0001, 589671a5009a, 589671a5009b"
1Q72-NRB,5CD4101Q72,13th Gen Intel(R) Core(TM) i5-1335U,15.64 GB,"C:\ 5.112123E11, G:\ 0E0",HP ProBook 450 15.6 inch G10 Notebook PC,HP,dkuria,Unverified,"5a9671a5008c, 00090ffe0001, 589671a5008c, 2c58b9dcb99f"
1Q7X-NRB,5CD4101Q7X,13th Gen Intel(R) Core(TM) i5-1335U,15.64 GB,C:\ 5.112123E11,HP ProBook 450 15.6 inch G10 Notebook PC,HP,vjanice,All good,"5a9671a4ff98, 5e9671a4ff98, 00090ffe0001, 589671a4ff98, 2c58b9d9f978"
1QDQ,4CE1121QDQ,Intel(R) Core(TM) i5-10500 CPU @ 3.10GHz,11.83 GB,"C:\ 5.24288E11, D:\ 4.752624E11",HP 290 G4 Microtower PC,HP,echazima,Critical,"00090faa0001, 0068ebba78c7, 00090ffe0001"
1TB2-NRB,1H84261TB2,13th Gen Intel(R) Core(TM) i5-1335U,15.64 GB,C:\ 5.112123E11,HP ProBook 450 15.6 inch G10 Notebook PC,HP,bchege,All good,"00090ffe0001, fa6dcc64184c, fe6dcc64184c, f86dcc64184c, f86dcc64184d, 28c5c861377f"
1TB6-NRB,1H84261TB6,13th Gen Intel(R) Core(TM) i5-1335U,15.64 GB,C:\ 5.112123E11,HP ProBook 450 15.6 inch G10 Notebook PC,HP,gnyatiaige,Critical,"fa6dcc645528, fe6dcc645528, 00090ffe0001, f86dcc645528, f86dcc645529, 28c5c8613791"
1TBN-NRB,1H84261TBN,13th Gen Intel(R) Core(TM) i5-1335U,15.64 GB,"C:\ 1.602874E11, D:\ 3.502422E11",HP ProBook 450 15.6 inch G10 Notebook PC,HP,tmukami,Critical,"00090ffe0001, fa6dcc642822, fe6dcc642822, f86dcc642822, 28c5c8613671"
1TBX-NRB,1H84261TBX,13th Gen Intel(R) Core(TM) i5-1335U,15.64 GB,C:\ 5.112123E11,HP ProBook 450 15.6 inch G10 Notebook PC,HP,bdennis,All good,"fa6dcc641862, fe6dcc641862, 00090ffe0001, f86dcc641862, 28c5c861366b"
1TC7-NRB,1H84261TC7,13th Gen Intel(R) Core(TM) i5-1335U,15.64 GB,C:\ 5.112123E11,HP ProBook 450 15.6 inch G10 Notebook PC,HP,avarvani,All good,"fa6dcc640d82, fe6dcc640d82, f86dcc640d82, 00090ffe0001, 28c5c861334b"
1TCB-NRB,1H84261TCB,13th Gen Intel(R) Core(TM) i5-1335U,15.64 GB,C:\ 5.112123E11,HP ProBook 450 15.6 inch G10 Notebook PC,HP,tkioko,Critical,"28c5c8613352, fa6dcc640d4c, 00090ffe0001, f86dcc640d4c"
1TCQ-NRB,1H84261TCQ,13th Gen Intel(R) Core(TM) i5-1335U,23.64 GB,C:\ 5.112123E11,HP ProBook 450 15.6 inch G10 Notebook PC,HP,jbhawan,All good,"fa6dcc641870, fe6dcc641870, 00090ffe0001, f86dcc641870, 28c5c8613588"
1TD2-NRB,1H84261TD2,13th Gen Intel(R) Core(TM) i5-1335U,15.64 GB,C:\ 5.112123E11,HP ProBook 450 15.6 inch G10 Notebook PC,HP,fkirunge,All good,"00ff598b5d82, fa6dcc643dd0, fe6dcc643dd0, 00090ffe0001, f86dcc643dd0, 28c5c8613355"
1TD3-NRB,1H84261TD3,13th Gen Intel(R) Core(TM) i5-1335U,15.64 GB,C:\ 5.112123E11,HP ProBook 450 15.6 inch G10 Notebook PC,HP,dayah,Critical,"fa6dcc640796, fe6dcc640796, 00090ffe0001, f86dcc640796, 28c5c8613354"
1TD6-NRB,1H84261TD6,13th Gen Intel(R) Core(TM) i5-1335U,15.64 GB,C:\ 5.11098E11,HP ProBook 450 15.6 inch G10 Notebook PC,HP,akwoba,All good,"fa6dcc640d46, 00090ffe0001, f86dcc640d46, 28c5c86135a0"
1TDC-NRB,1H84261TDC,13th Gen Intel(R) Core(TM) i5-1335U,15.64 GB,C:\ 5.112123E11,HP ProBook 450 15.6 inch G10 Notebook PC,HP,hchangilwa,All good,"fa6dcc645180, fe6dcc645180, 00090ffe0001, f86dcc645180, f86dcc645181, 28c5c861378f"
1TDJ-NRB,1H84261TDJ,13th Gen Intel(R) Core(TM) i5-1335U,15.64 GB,C:\ 5.113045E11,HP ProBook 450 15.6 inch G10 Notebook PC,HP,iwanjiru,All good,"fa6dcc645182, 00090ffe0001, f86dcc645182, 28c5c8613797"
1TDM-NRB,1H84261TDM,13th Gen Intel(R) Core(TM) i5-1335U,15.64 GB,C:\ 5.112112E11,HP ProBook 450 15.6 inch G10 Notebook PC,HP,anyokabi,All good,"fa6dcc644b76, 00090ffe0001, f86dcc644b76, 28c5c861378a"
1TDN-NRB,1H84261TDN,13th Gen Intel(R) Core(TM) i5-1335U,15.64 GB,C:\ 5.111022E11,HP ProBook 450 15.6 inch G10 Notebook PC,HP,kkanyiri,Critical,"00090ffe0001, 00090faa0001, fa6dcc6439b2, fe6dcc6439b2, f86dcc6439b2, 28c5c861378b"
1TDP-NRB,1H84261TDP,13th Gen Intel(R) Core(TM) i5-1335U,15.64 GB,"C:\ 1.601616E11, E:\ 3.501153E11",HP ProBook 450 15.6 inch G10 Notebook PC,HP,jndungu,Critical,"00090faa0001, fa6dcc64518c, 00090ffe0001, f86dcc64518c, 28c5c861379e"
1TDS-NRB,1H84261TDS,13th Gen Intel(R) Core(TM) i5-1335U,15.64 GB,C:\ 5.112123E11,HP ProBook 450 15.6 inch G10 Notebook PC,HP,knabagesera,Critical,"00090faa0001, fa6dcc643b56, fe6dcc643b56, 00090ffe0001, f86dcc643b56, 28c5c861379c"
1TG7-NRB,1H84261TJ7,13th Gen Intel(R) Core(TM) i5-1335U,15.64 GB,C:\ 5.112123E11,HP ProBook 450 15.6 inch G10 Notebook PC,HP,tngome,All good,"00090ffe0001, fa6dcc64419e, fe6dcc64419e, f86dcc64419e, 28c5c8613655"
1THR-NRB,1H84261THR,13th Gen Intel(R) Core(TM) i5-1335U,15.64 GB,"C:\ 5.048977E11, D:\ 5.35806E8",HP ProBook 450 15.6 inch G10 Notebook PC,HP,fkithinji,All good,"28c5c86136be, fa6dcc644576, 00090ffe0001, f86dcc644576, f86dcc644577"
1TK7-NRB,1H84261TK7,13th Gen Intel(R) Core(TM) i5-1335U,15.64 GB,C:\ 5.112123E11,HP ProBook 450 15.6 inch G10 Notebook PC,HP,ttimara,All good,"00090ffe0001, fa6dcc642832, f86dcc642832, 28c5c8613872"
1TKW-NKR,1H84261TKW,13th Gen Intel(R) Core(TM) i5-1335U,7.64 GB,"C:\ 3.445872E11, D:\ 1.572864E11",HP ProBook 450 15.6 inch G10 Notebook PC,HP,ihaggai,All good,"00090faa0001, fa6dcc6418ca, fe6dcc6418ca, 28c5c8613882, 00090ffe0001, f86dcc6418ca"
1TL8-NRB,1H84261TL8,13th Gen Intel(R) Core(TM) i5-1335U,15.64 GB,C:\ 5.112123E11,HP ProBook 450 15.6 inch G10 Notebook PC,HP,lmwende,Critical,"fa6dcc6445f0, 00090ffe0001, f86dcc6445f0, 28c5c86137ad"
1TLC-NRB,1H84261TLC,13th Gen Intel(R) Core(TM) i5-1335U,15.64 GB,C:\ 5.112123E11,HP ProBook 450 15.6 inch G10 Notebook PC,HP,smustsoli,Critical,"28c5c86137b8, fa6dcc6445fe, 00090ffe0001, f86dcc6445fe"
1TPD,5CD1381TPD,11th Gen Intel(R) Core(TM) i5-1135G7 @ 2.40GHz,7.64 GB,"C:\ 5.00537E11, D:\ 1.048471E10",HP Laptop 15-dy2xxx,HP,echazima,Critical,"00090faa0001, fa89d21f5b51, 00090ffe0001, f889d21f5b51"
1VPK,5CD1241VPK,11th Gen Intel(R) Core(TM) i5-1135G7 @ 2.40GHz,7.68 GB,"C:\ 5.119872E11, M:\ 1.099512E12",HP ProBook 450 G8 Notebook PC,HP,nabdi,Redeployment required,"00090faa0001, 00ff73bfd537, 489ebd2bd9ca, 5414f341ba14, 5614f341ba13, 00090ffe0001, 5414f341ba13"
2119S,3E052119S,Intel(R) Core(TM) i3-3110M CPU @ 2.40GHz,7.87 GB,"C:\ 2.902857E11, E:\ 2.097142E11",Satellite C50-A534,TOSHIBA,mnzusyo,All good,"202564503b3a, 1ae347bd7d74, 2ae347bd7d74, 28e347bd7d74"
2ALH,MP1H2ALH,Intel(R) Core(TM) i3-7020U CPU @ 2.30GHz,3.83 GB,C:\ 4.995222E11,81HQ,LENOVO,fmuhonja,All good,"9829a6704643, 949aa98400c7"
2LDJ,CND1072LDJ,Intel(R) Core(TM) i5-10210U CPU @ 1.60GHz,7.80 GB,C:\ 5.111572E11,HP Laptop 15-da2xxx,HP,Rndolo,Critical,"00090faa0001, b0227a897504, dac0a6f540dd, d8c0a6f540dd, 00090ffe0001, d8c0a6f540dd, d8c0a6f540dc"
2R6L,5CD0402R6L,Intel(R) Core(TM) i5-10210U CPU @ 1.60GHz,15.8 GB,C:\ 5.114561E11,HP ProBook 430 G7,HP,swainaina,All good,"f80dac1b92ec, dac0a6dab1fd, 00090ffe0001, d8c0a6dab1fd"
3DTBL-NRB,5CD513DTBL,13th Gen Intel(R) Core(TM) i5-1335U,15.64 GB,C:\ 5.111022E11,HP ProBook 450 15.6 inch G10 Notebook PC,HP,echerono,All good,"00090ffe0001, 00090faa0001, ec8e77f4585e, ec8e77f4585d, 24fbe3c6a7e9"
3HH-NBI,5CD231C3HH,11th Gen Intel(R) Core(TM) i5-1135G7 @ 2.40GHz,7.68 GB,C:\ 5.110346E11,HP ProBook 450 G8 Notebook PC,HP,rpanara,Critical,"546ceb21d93d, 566ceb21d93c, 00090ffe0001, 546ceb21d93c, 546ceb21d940, 5c60babc58ad"
3N03-NRB,5CD5113N03,13th Gen Intel(R) Core(TM) i5-1334U,15.64 GB,"C:\ 4.939978E11, D:\ 8.577352E9",HP ProBook 450 15.6 inch G10 Notebook PC,HP,cmutisya,All good,"c858b3329854, ca58b3329853, 00090ffe0001, c858b3329853, c858b3329857, 24fbe3bedb75"
3N05-NRB,5CD5113N05,13th Gen Intel(R) Core(TM) i5-1334U,15.64 GB,C:\ 5.111022E11,HP ProBook 450 15.6 inch G10 Notebook PC,HP,cmuthui,All good,"00090ffe0001, 00090faa0001, c858b3345c93, ca58b3345c92, c858b3345c92, c858b3345c96, 24fbe3bedcbd"
3N06-NRB,5CD5113N06,13th Gen Intel(R) Core(TM) i5-1334U,15.64 GB,C:\ 5.111022E11,HP ProBook 450 15.6 inch G10 Notebook PC,HP,bodhiambo,All good,"00090ffe0001, 00090faa0001, c858b3303127, c858b3303126, c858b330312a, 24fbe3bedd37"
3N07-NRB,5CD5113N07,13th Gen Intel(R) Core(TM) i5-1334U,15.64 GB,C:\ 5.111022E11,HP ProBook 450 15.6 inch G10 Notebook PC,HP,gkiruthi,All good,"00090ffe0001, 00090faa0001, c858b3303122, c858b3303121, 24fbe3bedd38"
3N08-NRB,5CD5113N08,13th Gen Intel(R) Core(TM) i5-1334U,15.64 GB,C:\ 5.111022E11,HP ProBook 450 15.6 inch G10 Notebook PC,HP,jwanyonyi,All good,"00090ffe0001, 00090faa0001, c858b3345c52, 520182c56d18, 24fbe3bedcc0"
3N0B-NRB,5CD5113N0B,13th Gen Intel(R) Core(TM) i5-1334U,15.64 GB,"C:\ 5.024493E11, D:\ 8.588882E9",HP ProBook 450 15.6 inch G10 Notebook PC,HP,awuora,All good,"00090ffe0001, c858b3345c7a, ca58b3345c79, c858b3345c79, c858b3345c7d, 24fbe3bedb81"
3N0C-NRB,5CD5113N0C,13th Gen Intel(R) Core(TM) i5-1334U,15.64 GB,C:\ 5.111022E11,HP ProBook 450 15.6 inch G10 Notebook PC,HP,cmwangi,Unverified,"00090ffe0001, 24fbe3bedd12, 00090faa0001, c858b3345c43, c858b3345c42, c858b3345c46"
3N0D-NRB,5CD5113N0D,13th Gen Intel(R) Core(TM) i5-1334U,15.64 GB,C:\ 5.111022E11,HP ProBook 450 15.6 inch G10 Notebook PC,HP,jsekandi,Critical,"00090ffe0001, 00090faa0001, c858b33030be, ca58b33030bd, c858b33030bd, 24fbe3bedd11"
3N0F-NRB,5CD5113N0F,13th Gen Intel(R) Core(TM) i5-1334U,15.64 GB,C:\ 5.111022E11,HP ProBook 450 15.6 inch G10 Notebook PC,HP,doyieko,Critical,"00090ffe0001, 00090faa0001, c858b3303019, ca58b3303018, c858b3303018, 24fbe3bedd36"
3N0G-NRB,5CD5113N0G,13th Gen Intel(R) Core(TM) i5-1334U,15.64 GB,C:\ 5.111022E11,HP ProBook 450 15.6 inch G10 Notebook PC,HP,pnabwire,Needs attention,"00090ffe0001, 00090faa0001, c858b3302f65, ca58b3302f64, c858b3302f64, 24fbe3bedd35"
3N0H-NRB,5CD5113N0H,13th Gen Intel(R) Core(TM) i5-1334U,15.64 GB,C:\ 5.111022E11,HP ProBook 450 15.6 inch G10 Notebook PC,HP,kcheruiyot,All good,"00090ffe0001, 00090faa0001, c858b33030c8, c858b33030c7, 24fbe3bedd32"
3N0L-NRB,5CD5113N0L,13th Gen Intel(R) Core(TM) i5-1334U,15.64 GB,C:\ 5.111022E11,HP ProBook 450 15.6 inch G10 Notebook PC,HP,speticia,All good,"00090ffe0001, 00090faa0001, c858b3303023, ca58b3303022, c858b3303022, 24fbe3bedca1"
3N0P-NRB,5CD5113N0P,13th Gen Intel(R) Core(TM) i5-1334U,15.64 GB,C:\ 5.111022E11,HP ProBook 450 15.6 inch G10 Notebook PC,HP,dmugabo,Unverified,"c858b330305a, ca58b3303059, c858b3303059, 24fbe3bedca0"
3N0Q-NRB,5CD5113N0Q,13th Gen Intel(R) Core(TM) i5-1334U,15.64 GB,C:\ 5.111022E11,HP ProBook 450 15.6 inch G10 Notebook PC,HP,kadhiambo,Critical,"00090ffe0001, 00090faa0001, c858b3303050, ca58b330304f, c858b330304f, 24fbe3bedc9d"
3N0T-NRB,5CD5113N0T,13th Gen Intel(R) Core(TM) i5-1334U,15.64 GB,C:\ 5.111022E11,HP ProBook 450 15.6 inch G10 Notebook PC,HP,lmuthoni,All good,"00090ffe0001, 00090faa0001, c858b3345c3e, ca58b3345c3d, c858b3345c3d, c858b3345c41, 24fbe3bed991"
40DSC-NBI,5CD2140DSC,12th Gen Intel(R) Core(TM) i5-1240P,7.64 GB,C:\ 5.110104E11,HP ProBook 450 15.6 inch G9 Notebook PC,HP,jmuthama,Critical,"00090faa0001, 847b5744a6ed, 867b5744a6ec, 8469934866bc, 00090ffe0001, 847b5744a6ec, 847b5744a6f0"
40F3Q-NRB,5CD2140F3Q,12th Gen Intel(R) Core(TM) i5-1240P,7.64 GB,C:\ 5.114561E11,HP ProBook 450 15.6 inch G9 Notebook PC,HP,bbhavisha,All good,"846993486324, 847b5746b078, 867b5746b077, 00090ffe0001, 847b5746b077"
44FZ-NRB,5CD33044FZ,13th Gen Intel(R) Core(TM) i5-1335U,15.64 GB,"C:\ 5.047834E11, D:\ 5.35806E8",HP ProBook 450 15.6 inch G10 Notebook PC,HP,emutinda,Unverified,"00090faa0001, ce5ef831de47, c25ef831de47, bc0ff38daa1d, 00090ffe0001, cc5ef831de47"
44G4-NRB,5CD33044G4,13th Gen Intel(R) Core(TM) i5-1335U,15.64 GB,"C:\ 5.047834E11, D:\ 5.35806E8",HP ProBook 450 15.6 inch G10 Notebook PC,HP,eomonywa,All good,"00090ffe0001, ce5ef831de31, c25ef831de31, cc5ef831de31, bc0ff38da637"
44JG-NRB,5CD33044JG,13th Gen Intel(R) Core(TM) i5-1335U,15.64 GB,C:\ 5.110822E11,HP ProBook 450 15.6 inch G10 Notebook PC,HP,lwangechi,Critical,"00090faa0001, ce5ef831d051, c25ef831d051, 00090ffe0001, cc5ef831d051, bc0ff38daa35"
44JM-NKR,5CD33044JM,13th Gen Intel(R) Core(TM) i5-1335U,15.64 GB,"C:\ 4.946185E11, D:\ 1.572759E10",HP ProBook 450 15.6 inch G10 Notebook PC,HP,PTHUO,Critical,"00090faa0001, bc0ff38daa2e, ce5ef831d0a7, 00090ffe0001, cc5ef831d0a7"
44LV-NRB,5CD33044LV,13th Gen Intel(R) Core(TM) i5-1335U,15.64 GB,C:\ 5.110749E11,HP ProBook 450 15.6 inch G10 Notebook PC,HP,coluoch,Unverified,"00090faa0001, cc5ef831de5d, ce5ef831de5d, bc0ff38da9ea, 00090ffe0001, cc5ef831de5e"
44M8-NRB,5CD33044M8,13th Gen Intel(R) Core(TM) i5-1335U,15.64 GB,C:\ 5.112123E11,HP ProBook 450 15.6 inch G10 Notebook PC,HP,kgore,All good,"ce5ef831cdcf, c25ef831cdcf, 00090ffe0001, cc5ef831cdcf, cc5ef831cdd0, bc0ff38da9cd"
44MD-NRB,5CD33044MD,13th Gen Intel(R) Core(TM) i5-1335U,15.64 GB,C:\ 5.110885E11,HP ProBook 450 15.6 inch G10 Notebook PC,HP,abaraka,Unverified,"0a0027000005, ce5ef831cdcb, c25ef831cdcb, 00090ffe0001, cc5ef831cdcb, bc0ff38da9df"
44PJ-NRB,5CD33044PJ,13th Gen Intel(R) Core(TM) i5-1335U,15.64 GB,"C:\ 5.047834E11, D:\ 5.35806E8",HP ProBook 450 15.6 inch G10 Notebook PC,HP,mmusyoka,All good,"bc0ff38c2802, ce5ef831cea9, 00090ffe0001, 42b2cb4eebb2, cc5ef831ceaa"
44PL-NRB,5CD33044PL,13th Gen Intel(R) Core(TM) i5-1335U,15.64 GB,C:\ 5.110875E11,HP ProBook 450 15.6 inch G10 Notebook PC,HP,svikram,Needs attention,"00090ffe0001, ce5ef831ce07, c25ef831ce07, cc5ef831ce07, bc0ff38c2800"
44Q6-NRB,5CD33044Q6,13th Gen Intel(R) Core(TM) i5-1335U,15.64 GB,C:\ 5.112123E11,HP ProBook 450 15.6 inch G10 Notebook PC,HP,knjeru,Unverified,"ce5ef831ce5b, c25ef831ce5b, bc0ff38c2934, 00090ffe0001, cc5ef831ce5b"
44QH-NRB,5CD33044QH,13th Gen Intel(R) Core(TM) i5-1335U,15.64 GB,C:\ 5.110749E11,HP ProBook 450 15.6 inch G10 Notebook PC,HP,pkyalo,Critical,"ce5ef831ce51, c25ef831ce51, 00090ffe0001, cc5ef831ce51, cc5ef831ce52, bc0ff38c2929"
44QM-NRB,5CD33044QM,13th Gen Intel(R) Core(TM) i5-1335U,15.64 GB,C:\ 5.11098E11,HP ProBook 450 15.6 inch G10 Notebook PC,HP,lwanja,Unverified,"bc0ff38c2931, ce5ef831ce53, 00090ffe0001, cc5ef831ce53"
44R4-NRB,5CD33044R4,13th Gen Intel(R) Core(TM) i5-1335U,15.64 GB,C:\ 5.110697E11,HP ProBook 450 15.6 inch G10 Notebook PC,HP,dchepkemoi,Critical,"00090ffe0001, ce5ef831cc4f, c25ef831cc4f, 00090ffe0001, cc5ef831cc4f, bc0ff38c28fd"
44R6-NRB,5CD33044R6,13th Gen Intel(R) Core(TM) i5-1335U,15.64 GB,"C:\ 5.047834E11, D:\ 5.35806E8",HP ProBook 450 15.6 inch G10 Notebook PC,HP,dmogire,All good,"ce5ef831d9bb, 00090ffe0001, cc5ef831d9bb, bc0ff38c290b"
44RH-NRB,5CD33044RH,13th Gen Intel(R) Core(TM) i5-1335U,15.64 GB,"C:\ 5.047834E11, D:\ 5.35806E8",HP ProBook 450 15.6 inch G10 Notebook PC,HP,mgatune,Unverified,"ce5ef831df4f, c25ef831df4f, bc0ff38c2904, 00090ffe0001, cc5ef831df4f"
44S1-NRB,5CD33044S1,13th Gen Intel(R) Core(TM) i5-1335U,15.64 GB,C:\ 5.110749E11,HP ProBook 450 15.6 inch G10 Notebook PC,HP,wmaosa,All good,"bc0ff38c28a9, ce5ef831cc2d, 00090ffe0001, cc5ef831cc2d, cc5ef831cc2e"
44TL,5CD33044TL,13th Gen Intel(R) Core(TM) i5-1335U,15.64 GB,C:\ 5.111106E11,HP ProBook 450 15.6 inch G10 Notebook PC,HP,ltuitai,Critical,"00090ffe0001, 00090faa0001, ce5ef831cc31, c25ef831cc31, cc5ef831cc31, cc5ef831cc32, bc0ff38da8ec"
45RB-NBI,5CD21745RB,11th Gen Intel(R) Core(TM) i5-1135G7 @ 2.40GHz,7.68 GB,C:\ 5.110083E11,HP ProBook 450 G8 Notebook PC,HP,hkwamboka,All good,"00090faa0001, 00090ffe0001, a8b13b93c4dc, bc6ee2d3bb44, bc6ee2d3bb43"
45RW-NBI,5CD21745RW,11th Gen Intel(R) Core(TM) i5-1135G7 @ 2.40GHz,7.68 GB,"C:\ 5.110555E11, G:\ 0E0",HP ProBook 450 G8 Notebook PC,HP,vkibe,Unverified,"a8b13b93c07d, bc6ee2d1e4c7, be6ee2d1e4c6, 00090ffe0001, bc6ee2d1e4c6, bc6ee2d1e4ca"
45S9-NRB,5CD21745S9,11th Gen Intel(R) Core(TM) i5-1135G7 @ 2.40GHz,7.73 GB,C:\ 5.110482E11,HP ProBook 450 G8 Notebook PC,HP,skamau,Needs attention,"00090faa0001, a8b13b93c08c, bc6ee2d3f514, be6ee2d3f513, 00090ffe0001, bc6ee2d3f513"
45SH-NRB,5CD21745SH,11th Gen Intel(R) Core(TM) i5-1135G7 @ 2.40GHz,7.68 GB,C:\ 5.111022E11,HP ProBook 450 G8 Notebook PC,HP,pnzuki,Critical,"00090ffe0001, a8b13b93c088, bc6ee2d3f82a, bc6ee2d3f829, bc6ee2d3f82d"
45SR-NRB,5CD21745SR,11th Gen Intel(R) Core(TM) i5-1135G7 @ 2.40GHz,7.68 GB,C:\ 5.110403E11,HP ProBook 450 G8 Notebook PC,HP,fjelagat,Critical,"00090ffe0001, a8b13b93c08f, bc6ee2d3f6d1, be6ee2d3f6d0, bc6ee2d3f6d0, bc6ee2d3f6d4"
45SY-NRB,5CD04756Y9,Intel(R) Core(TM) i5-10210U CPU @ 1.60GHz,7.84 GB,C:\ 5.107561E11,HP ProBook 450 G7,HP,cwanja,Unverified,"3024a97d1324, 38fc98116904, 00090ffe0001, 38fc98116903"
45TK-NBI,5CD21745T9,11th Gen Intel(R) Core(TM) i5-1135G7 @ 2.40GHz,7.68 GB,C:\ 5.110534E11,HP ProBook 450 G8 Notebook PC,HP,mwetoyi,Needs attention,"a8b13b93c405, bc6ee2d282d3, be6ee2d282d2, 00090ffe0001, bc6ee2d282d2"
45TT-NRB,5CD0386TFH,Intel(R) Core(TM) i5-10210U CPU @ 1.60GHz,7.8 GB,C:\ 5.107378E11,HP ProBook 450 G7,HP,aachieng,Critical,"00090faa0001, f80dac123177, ac1203877d06, ae1203877d05, 00090ffe0001, ac1203877d05, ac1203877d09"
45V8-NRB,5CD21745V8,11th Gen Intel(R) Core(TM) i5-1135G7 @ 2.40GHz,15.68 GB,C:\ 5.11055E11,HP ProBook 450 G8 Notebook PC,HP,cwahome,All good,"a8b13b93c44d, bc6ee2d2859e, 00090ffe0001, bc6ee2d2859d"
4F7V-NRB,5CD2164F7V,11th Gen Intel(R) Core(TM) i5-1135G7 @ 2.40GHz,15.68 GB,C:\ 5.110403E11,HP ProBook 450 G8 Notebook PC,HP,jwalter,All good,"bc6ee29692a0, 00090ffe0001, bc6ee296929f, 8469934e3deb"
4NP6-NRB,5CD1084NP6,Intel(R) Core(TM) i5-10210U CPU @ 1.60GHz,15.8 GB,C:\ 5.111555E11,HP ProBook 430 G7,HP,eakinyi,All good,"6c02e09323b7, 02e93ad4b641, 82e93ad4b641, 00090ffe0001, 00e93ad4b641, 00e93ad4b640"
5610-NBI,5CD0475610,Intel(R) Core(TM) i5-10210U CPU @ 1.60GHz,11.8 GB,C:\ 5.108704E11,HP ProBook 450 G7,HP,jkativa,Critical,"00090faa0001, 3024a97d1495, dc41a9cd8576, 00090ffe0001, dc41a9cd8575, de41a9cd8575"
56TY-NRB,5CD04756TY,Intel(R) Core(TM) i5-10210U CPU @ 1.60GHz,7.84 GB,C:\ 5.089112E11,HP ProBook 450 G7,HP,mmatata,Unverified,"3024a9889a2a, dc41a9f79aa5, 00090ffe0001, dc41a9f79aa4, dc41a9f79aa8"
56V9-NRB,5CD04756V9,Intel(R) Core(TM) i5-10210U CPU @ 1.60GHz,15.84 GB,C:\ 5.108694E11,HP ProBook 450 G7,HP,kroy,All good,"3024a97d13bb, dc41a9f78e7f, de41a9f78e7e, 00090ffe0001, dc41a9f78e7e, dc41a9f78e82"
5CD10,5CD1084NM1,Intel(R) Core(TM) i5-10210U CPU @ 1.60GHz,15.84 GB,"C:\ 5.04395E11, D:\ 5.35806E8",HP ProBook 430 G7,HP,ckariuki,Critical,"6c02e09323c7, 02e93ad37ecf, 82e93ad37ecf, 00090ffe0001, 00e93ad37ecf"
5CD13691JC-NRB,5CD13691JC,11th Gen Intel(R) Core(TM) i5-1135G7 @ 2.40GHz,15.68 GB,C:\ 5.112123E11,HP ProBook 440 G8 Notebook PC,HP,egathuma,All good,"a0e70b57471c, 00090ffe0001, a0e70b57471b, 5081409355ef"
5D7L-NRB,5CD2235D7L,12th Gen Intel(R) Core(TM) i5-1240P,7.64 GB,C:\ 5.105821E11,HP ProBook 450 15.6 inch G9 Notebook PC,HP,mchemutai,Critical,"8469937294ad, 703217ba69d7, 723217ba69d6, 00090ffe0001, 703217ba69d6"
61TCT-NRB,1H84261TCT,13th Gen Intel(R) Core(TM) i5-1335U,15.64 GB,C:\ 5.11098E11,HP ProBook 450 15.6 inch G10 Notebook PC,HP,pkamau,All good,"28c5c861359e, fa6dcc640b0e, fe6dcc640b0e, 00090ffe0001, f86dcc640b0e"
63CV,PC2763CV,Intel(R) Core(TM) i5-10400 CPU @ 2.90GHz,7.7 GB,C:\ 2.551453E11,11ED0030UM,LENOVO,mmacharia,Critical,"646ee066f71a, 646ee066f71b, 666ee066f71a, 1c697af6839e"
63CZ,PC2763CZ,Intel(R) Core(TM) i5-10400 CPU @ 2.90GHz,7.7 GB,C:\ 2.551275E11,11ED0030UM,LENOVO,gnjiraini,Critical,"646ee066f072, 1c697af684dc, 646ee066f075, 646ee066f071"
63D0,PC2763D0,Intel(R) Core(TM) i5-10400 CPU @ 2.90GHz,7.7 GB,C:\ 2.551097E11,11ED0030UM,LENOVO,iombaba,Critical,"1c697af68358, 646ee066f068, 666ee066f067, 646ee066f06b, 646ee066f067"
63DP,PC2763DP,Intel(R) Core(TM) i5-10400 CPU @ 2.90GHz,7.7 GB,C:\ 2.551401E11,11ED0030UM,LENOVO,agitau,Critical,"646ee068f416, 646ee068f417, 1c697af686db"
64F7F-NRB,5CD2164F7F,11th Gen Intel(R) Core(TM) i5-1135G7 @ 2.40GHz,7.68 GB,C:\ 5.110073E11,HP ProBook 450 G8 Notebook PC,HP,akamene,Critical,"bc6ee29d0fbd, be6ee29d0fbc, 00090ffe0001, bc6ee29d0fbc, bc6ee29d0fc0, 8469934e3df8"
64F7T-NRB,5CD2164F7T,11th Gen Intel(R) Core(TM) i5-1135G7 @ 2.40GHz,7.68 GB,C:\ 5.109706E11,HP ProBook 450 G8 Notebook PC,HP,twanjiku,All good,"00090ffe0001, 00090faa0001, bc6ee2968e81, be6ee2968e80, 00ffad616e6b, bc6ee2968e80, 8469934e3de4"
656H-NRB,5CD513656H,Intel(R) Core(TM) Ultra 7 258V,31.48 GB,C:\ 1.02289E12,HP OmniBook Ultra Flip Laptop 14-fh0xxx,HP,avadher,All good,"00090ffe0001, 00090faa0001, 32e3a48396d6, 30e3a48396d7, 30e3a48396d6, 30e3a48396da"
656M-NRB,5CD513656M,Intel(R) Core(TM) Ultra 7 258V,31.48 GB,C:\ 1.022884E12,HP OmniBook Ultra Flip Laptop 14-fh0xxx,HP,achaudhry,All good,"8c3b4a607832, 32e3a48396fe, 30e3a48396ff, 00090ffe0001, 30e3a4839702, 30e3a48396fe"
656T-NRB,5CD513656T,Intel(R) Core(TM) Ultra 7 258V,31.48 GB,C:\ 1.02289E12,HP OmniBook Ultra Flip Laptop 14-fh0xxx,HP,rmirchandani,All good,"00090ffe0001, 30e3a483970e, 30e3a483970d, 30e3a4839711"
656V-NRB,5CD513656V,Intel(R) Core(TM) Ultra 7 258V,31.48 GB,C:\ 1.022887E12,HP OmniBook Ultra Flip Laptop 14-fh0xxx,HP,darshan,Unverified,"00090faa0001, 30e3a4839777, 32e3a4839776, 00090ffe0001, 30e3a4839776, 30e3a483977a"
66KPL-NRB,5CD2166KPL,11th Gen Intel(R) Core(TM) i5-1135G7 @ 2.40GHz,7.68 GB,C:\ 5.110597E11,HP ProBook 450 G8 Notebook PC,HP,ekamau,All good,"00090faa0001, b03cdcca6936, b23cdcca6935, 00090ffe0001, b03cdcca6935, 8469934eefc2"
66KQF-NRB,5CD2166KQF,11th Gen Intel(R) Core(TM) i5-1135G7 @ 2.40GHz,15.73 GB,C:\ 5.109979E11,HP ProBook 450 G8 Notebook PC,HP,akieni,All good,"b03cdcca649f, 00090ffe0001, b03cdcca649e, 8469934ee670"
66KR3-NRB,5CD2166KR3,11th Gen Intel(R) Core(TM) i5-1135G7 @ 2.40GHz,15.68 GB,C:\ 5.110587E11,HP ProBook 450 G8 Notebook PC,HP,bkotecha,Unverified,"b03cdcca6922, b23cdcca6921, 00090ffe0001, b03cdcca6921, 8469934ee660"
68BB4-NRB,5CD2168BB4,11th Gen Intel(R) Core(TM) i5-1135G7 @ 2.40GHz,7.73 GB,C:\ 5.110235E11,HP ProBook 450 G8 Notebook PC,HP,jmwanzia,All good,"00090ffe0001, c85acfbdd28c, b03cdcace0aa, b23cdcace0a9, b03cdcace0a9, b03cdcace0ad"
691GP,5CD13691GP,11th Gen Intel(R) Core(TM) i5-1135G7 @ 2.40GHz,7.68 GB,C:\ 5.115153E11,HP ProBook 440 G8 Notebook PC,HP,mkoki,All good,"50814093514b, a0e70b93fcd4, 00090ffe0001, a0e70b93fcd3, a0e70b93fcd7"
691J7-NRB,5CD13691J7,11th Gen Intel(R) Core(TM) i5-1135G7 @ 2.40GHz,7.68 GB,C:\ 5.115153E11,HP ProBook 440 G8 Notebook PC,HP,dmulupi,Unverified,"508140935010, a0e70b574a0f, 00090ffe0001, a0e70b574a0e"
6C4-NBI,1H842616C4,13th Gen Intel(R) Core(TM) i5-1335U,15.64 GB,C:\ 5.111965E11,HP ProBook 450 15.6 inch G10 Notebook PC,HP,bmigowe,All good,"00090ffe0001, fa6dcc64376e, f86dcc64376e, 644ed7c07502"
6GCZ-NRB,5CD1246GCZ,11th Gen Intel(R) Core(TM) i5-1135G7 @ 2.40GHz,7.68 GB,C:\ 5.107352E11,HP ProBook 450 G8 Notebook PC,HP,omwangi,All good,"00090ffe0001, 14857f1c7c6d, 16857f1c7c6c, 14857f1c7c6c, 489ebd2dfcc8"
6HFW,5CD124J5WL,11th Gen Intel(R) Core(TM) i5-1135G7 @ 2.40GHz,15.73 GB,C:\ 5.119872E11,HP ProBook 450 G8 Notebook PC,HP,dmwende,All good,"489ebd2d82de, 00ff28d576ea, 14857f246c11, 16857f246c10, 00090ffe0001, 14857f246c10"
6HSX-NRB,5CD1246HSX,11th Gen Intel(R) Core(TM) i5-1135G7 @ 2.40GHz,11.73 GB,C:\ 5.112123E11,HP ProBook 450 G8 Notebook PC,HP,saman,Unverified,"00090ffe0001, 14857f206b66, 16857f206b65, 14857f206b65, 14857f206b69, 8469934ee65e"
6HTC,5CD1246HTC,11th Gen Intel(R) Core(TM) i5-1135G7 @ 2.40GHz,7.68 GB,C:\ 5.115153E11,HP ProBook 450 G8 Notebook PC,HP,blonana,All good,"489ebd2d7792, 14857f25a301, 16857f25a300, 00090ffe0001, 14857f25a300, 14857f25a304"
6KPM-NRB,5CD2166KPM,11th Gen Intel(R) Core(TM) i5-1135G7 @ 2.40GHz,7.68 GB,C:\ 5.110566E11,HP ProBook 450 G8 Notebook PC,HP,okumur,Needs attention,"8469934eefbf, b03cdcca68af, b23cdcca68ae, 00090ffe0001, b03cdcca68ae"
6KQ5-NRB,5CD2166KQ5,11th Gen Intel(R) Core(TM) i5-1135G7 @ 2.40GHz,7.68 GB,C:\ 5.110566E11,HP ProBook 450 G8 Notebook PC,HP,tmakena,Unverified,"b03cdcca70de, 00090ffe0001, 463604a7b066, b03cdcca70e1, 8469934eefb4"
6KQK-NRB,5CD2166KQK,11th Gen Intel(R) Core(TM) i5-1135G7 @ 2.40GHz,7.68 GB,C:\ 5.111022E11,HP ProBook 450 G8 Notebook PC,HP,mkabagi,Unverified,"00090ffe0001, 00090faa0001, b03cdcca6913, b23cdcca6912, b03cdcca6912, 8469934ee66e"
6KRP-NRB,5CD2166KRP,11th Gen Intel(R) Core(TM) i5-1135G7 @ 2.40GHz,7.68 GB,C:\ 5.110262E11,HP ProBook 450 G8 Notebook PC,HP,lirene,All good,"b03cdcca6c00, 00090ffe0001, c6aa41347c0d, 8469934eef52"
6T3N,5CD0386T3N,Intel(R) Core(TM) i5-10210U CPU @ 1.60GHz,7.84 GB,C:\ 5.114561E11,HP ProBook 450 G7,HP,jmaina,All good,"f80dac0f06ed, ac1203856a2a, ae1203856a29, 00090ffe0001, aa866dc03c2c, ac1203856a2d"
6VX1,PF1G6VX1,Intel(R) Core(TM) i7-8650U CPU @ 1.90GHz,7.87 GB,C:\ 5.107708E11,20L6S2AY00,LENOVO,kkahora,All good,"e86a6427009c, 00ff2d61281c, 1c1bb5450237, 1e1bb5450236, 00090ffe0001, 1c1bb545023a, 1c1bb5450236"
745TZ-NRB,5CD21745TZ,11th Gen Intel(R) Core(TM) i5-1135G7 @ 2.40GHz,7.68 GB,C:\ 5.109721E11,HP ProBook 450 G8 Notebook PC,HP,iwetoyi,All good,"a8b13b93c41b, bc6ee2d282b5, be6ee2d282b4, 00090ffe0001, bc6ee2d282b4"
763CQ,PC2763CQ,Intel(R) Core(TM) i5-10400 CPU @ 2.90GHz,7.7 GB,C:\ 2.552082E11,11ED0030UM,LENOVO,mnjeri,Critical,"646ee066f081, 666ee066f080, 1c697af686d8, 646ee066f084, 646ee066f080"
77GM-NRB,PF1077GM,Intel(R) Core(TM) i7-7500U CPU @ 2.70GHz,7.85 GB,C:\ 5.112123E11,20HD006EUE,LENOVO,fnjeri,All good,"54e1adef2dcd, e470b8a79438, e670b8a79437, 00090ffe0001, e470b8a79437, e470b8a7943b"
87CW-NKR,5CD22987CW,12th Gen Intel(R) Core(TM) i5-1235U,7.64 GB,"C:\ 4.05675E11, D:\ 1.048566E11",HP ProBook 450 15.6 inch G9 Notebook PC,HP,pnjeri,All good,"3203c8efd9f9, 3603c8efd9f9, 3003c8efd9f9, 5c60ba737366"
8B9K-NBI,5CD2168B9K,11th Gen Intel(R) Core(TM) i5-1135G7 @ 2.40GHz,15.68 GB,"C:\ 5.046498E11, D:\ 5.35806E8",HP ProBook 450 G8 Notebook PC,HP,rsolanki,Critical,"c85acfbdd27a, b03cdccfb1d4, 00090ffe0001, b03cdccfb1d3, b03cdccfb1d7"
8B9P-NBI,5CD2168B9P,11th Gen Intel(R) Core(TM) i5-1135G7 @ 2.40GHz,7.73 GB,C:\ 5.109685E11,HP ProBook 450 G8 Notebook PC,HP,irapemo,Critical,"00090ffe0001, c85acfbdd282, b03cdccfb774, b23cdccfb773, b03cdccfb773"
8BCR-NRB,5CD2168BCR,11th Gen Intel(R) Core(TM) i5-1135G7 @ 2.40GHz,7.68 GB,C:\ 5.109706E11,HP ProBook 450 G8 Notebook PC,HP,jbartilol,All good,"c85acfbdd260, b03cdcace0af, 00090ffe0001, b03cdcace0ae"
8BD2-NBI,5CD2168BD2,11th Gen Intel(R) Core(TM) i5-1135G7 @ 2.40GHz,7.68 GB,C:\ 5.109947E11,HP ProBook 450 G8 Notebook PC,HP,jnzui,Critical,"00090ffe0001, c85acfc0a6d4, b03cdccfb7d8, b23cdccfb7d7, b03cdccfb7d7"
8F8F-NRB,5CD3298F8F,13th Gen Intel(R) Core(TM) i5-1335U,7.64 GB,C:\ 5.111326E11,HP ProBook 450 15.6 inch G10 Notebook PC,HP,jgitonga,All good,"02410ed11d45, 06410ed11d45, 00090ffe0001, 00410ed11d45, bc0ff38d2822"
8F8P-NRB,5CD3298F8P,13th Gen Intel(R) Core(TM) i5-1335U,7.64 GB,C:\ 5.111022E11,HP ProBook 450 15.6 inch G10 Notebook PC,HP,kmutua,All good,"00090ffe0001, 00090faa0001, 02410ed11101, 06410ed11101, 00410ed11101, 00410ed11102, bc0ff38d281a"
8F8Q-NRB,5CD3298F8Q,13th Gen Intel(R) Core(TM) i5-1335U,7.64 GB,C:\ 5.112123E11,HP ProBook 450 15.6 inch G10 Notebook PC,HP,dkerai,All good,"02410ed11185, 06410ed11185, 00090ffe0001, 00410ed11185, 00410ed11186, bc0ff38d2819"
8F9P-NRB,5CD3298F9P,13th Gen Intel(R) Core(TM) i5-1335U,7.64 GB,C:\ 5.111326E11,HP ProBook 450 15.6 inch G10 Notebook PC,HP,amurithii,All good,"02410ed1169f, 06410ed1169f, 00090ffe0001, 00410ed1169f, 00410ed116a0, bc0ff38d27e0"
8F9T-NRB,5CD3298F9T,13th Gen Intel(R) Core(TM) i5-1335U,7.64 GB,C:\ 5.111326E11,HP ProBook 450 15.6 inch G10 Notebook PC,HP,skizongona,Critical,"bc0ff38d27db, 02410ed14fd7, 06410ed14fd7, 00090ffe0001, 00410ed14fd7, 00410ed14fd8"
8LY9-NRB,5CD1238LY9,11th Gen Intel(R) Core(TM) i5-1135G7 @ 2.40GHz,7.68 GB,C:\ 5.11098E11,HP ProBook 450 G8 Notebook PC,HP,aatieno,Needs attention,"00ff0e8095cc, 586c25562c42, 5a6c25562c41, 00090ffe0001, 586c25562c41, 586c25562c45, 489ebd297980"
8VX8-NRB,5CD3298VX8,13th Gen Intel(R) Core(TM) i5-1335U,7.64 GB,C:\ 5.111022E11,HP ProBook 450 15.6 inch G10 Notebook PC,HP,mracheal,All good,"00090faa0001, 02410ed14807, 06410ed14807, 00090ffe0001, 00410ed14807, 00410ed14808, bc0ff38d287d"
8VY7-NRB,5CD1246GCS,11th Gen Intel(R) Core(TM) i5-1135G7 @ 2.40GHz,15.73 GB,C:\ 5.111284E11,HP ProBook 450 G8 Notebook PC,HP,afaith,Needs attention,"00090faa0001, 14857f1c7a97, 16857f1c7a96, 00090ffe0001, 00ff5fe9e8e9, 14857f1c7a96, 489ebd2bde1d"
8VZL-NRB,5CD3298VZL,13th Gen Intel(R) Core(TM) i5-1335U,15.64 GB,C:\ 5.111326E11,HP ProBook 450 15.6 inch G10 Notebook PC,HP,hkimeu,All good,"00090ffe0001, 02410ed11365, 00410ed11365, 00410ed11366, bc0ff38d2932"
8VZS-NRB,5CD3298VZS,13th Gen Intel(R) Core(TM) i5-1335U,7.64 GB,C:\ 5.111022E11,HP ProBook 450 15.6 inch G10 Notebook PC,HP,cndeto,All good,"02410ed10cd7, 06410ed10cd7, 00090ffe0001, 00410ed10cd7, bc0ff38d288a"
8W02-NRB,5CD3298W02,13th Gen Intel(R) Core(TM) i5-1335U,7.64 GB,C:\ 5.111326E11,HP ProBook 450 15.6 inch G10 Notebook PC,HP,sndungu,Critical,"00090ffe0001, bc0ff38d28b5, 02410ed1488f, 00410ed1488f, 00410ed14890"
8W0K-NRB,5CD3298W0K,13th Gen Intel(R) Core(TM) i5-1335U,7.64 GB,C:\ 5.111326E11,HP ProBook 450 15.6 inch G10 Notebook PC,HP,akiarie,All good,"00ff01600e0b, bc0ff38d289e, 02410ed14873, 06410ed14873, 00090ffe0001, 00410ed14873, 00410ed14874"
8W0L-NRB,5CD3298W0L,13th Gen Intel(R) Core(TM) i5-1335U,7.64 GB,C:\ 5.111326E11,HP ProBook 450 15.6 inch G10 Notebook PC,HP,cmburu,All good,"548d08d24502, 02410ed12063, 06410ed12063, 00090ffe0001, 00410ed12063, bc0ff38d287b"
8W1H-NRB,5CD3298W1H,13th Gen Intel(R) Core(TM) i5-1335U,7.64 GB,C:\ 5.112123E11,HP ProBook 450 15.6 inch G10 Notebook PC,HP,wvirginia,All good,"00090faa0001, 02410ed1125f, 06410ed1125f, 00090ffe0001, 00410ed1125f, bc0ff38d29e1"
8W1V-NRB,5CD3298W1V,13th Gen Intel(R) Core(TM) i5-1335U,7.64 GB,C:\ 5.112123E11,HP ProBook 450 15.6 inch G10 Notebook PC,HP,vmwaura,All good,"02410ed124a7, 06410ed124a7, bc0ff38d29de, 00090ffe0001, 00410ed124a7, 00ff565f32a9, 00410ed124a8"
8W21-NRB,5CD3298W21,13th Gen Intel(R) Core(TM) i5-1335U,15.64 GB,C:\ 5.112123E11,HP ProBook 450 15.6 inch G10 Notebook PC,HP,dmathenge,All good,"00090faa0001, bc0ff38d29d6, 02410ed13b81, 06410ed13b81, 00090ffe0001, 00410ed13b81"
8W25-NRB,5CD3298W25,13th Gen Intel(R) Core(TM) i5-1335U,7.64 GB,"C:\ 5.111315E11, M:\ 1.099512E12",HP ProBook 450 15.6 inch G10 Notebook PC,HP,jsereya,All good,"02410ed13c11, 06410ed13c11, 00090ffe0001, 00410ed13c11, bc0ff38d2a0b"
8W27-NRB,5CD3298W27,13th Gen Intel(R) Core(TM) i5-1335U,7.64 GB,C:\ 5.111326E11,HP ProBook 450 15.6 inch G10 Notebook PC,HP,bkibet,Critical,"02410ed14853, 06410ed14853, 00090ffe0001, 1224c2412f33, bc0ff38d2a08"
8W2K-NRB,5CD3298W2K,13th Gen Intel(R) Core(TM) i5-1335U,7.64 GB,C:\ 5.111326E11,HP ProBook 450 15.6 inch G10 Notebook PC,HP,sachieng,Redeployment required,"02410ed12a4b, 06410ed12a4b, 00090ffe0001, 92c34f7a4bd9, 00410ed12a4c, bc0ff38d29fe"
8W39-NRB,5CD3298W39,13th Gen Intel(R) Core(TM) i5-1335U,7.64 GB,C:\ 5.110749E11,HP ProBook 450 15.6 inch G10 Notebook PC,HP,nkibet,Critical,"00090ffe0001, 02410ed10453, 00410ed10453, bc0ff38d288f"
8Y1Q,CND1258Y1Q,Intel(R) Core(TM) i3-1005G1 CPU @ 1.20GHz,7.78 GB,"C:\ 9.932359E11, D:\ 5.35806E8",HP 250 G8 Notebook PC,HP,pmburu,Critical,"00090faa0001, 50814034bd2d, 02e93a9ffaf1, 82e93a9ffaf1, 00090ffe0001, 00ff4dfbe9fe, 00e93a9ffaf1"
91GS-NRB,5CD13691GS,11th Gen Intel(R) Core(TM) i5-1135G7 @ 2.40GHz,7.68 GB,C:\ 5.10322E11,HP ProBook 440 G8 Notebook PC,HP,mmuchoki,All good,"00090faa0001, a0e70b93fc25, a2e70b93fc24, 00090ffe0001, a0e70b93fc24, a0e70b93fc28, 508140935148"
91YH,5CD13691YH,11th Gen Intel(R) Core(TM) i5-1135G7 @ 2.40GHz,7.73 GB,C:\ 5.115153E11,HP ProBook 440 G8 Notebook PC,HP,vcheruiyot,Unverified,"50814093525d, a0e70b5c8a15, 00090ffe0001, a0e70b5c8a14"
9257-NRB,5CD1369257,11th Gen Intel(R) Core(TM) i5-1135G7 @ 2.40GHz,15.68 GB,C:\ 5.110822E11,HP ProBook 440 G8 Notebook PC,HP,gngonyo,All good,"a864f1eb8765, aa64f1eb8764, 00090ffe0001, a864f1eb8764, 508140935078"
927X-NRB,5CD136927X,11th Gen Intel(R) Core(TM) i5-1135G7 @ 2.40GHz,7.68 GB,C:\ 5.110833E11,HP ProBook 440 G8 Notebook PC,HP,jmuthoga,All good,"a864f1eb736a, aa64f1eb7369, 00090ffe0001, a864f1eb7369, a864f1eb736d, 50814093556d"
98F8X-NRB,5CD3298F8X,13th Gen Intel(R) Core(TM) i5-1335U,7.64 GB,C:\ 5.111326E11,HP ProBook 450 15.6 inch G10 Notebook PC,HP,wmary,All good,"00090faa0001, 02410ed1124d, 06410ed1124d, 00090ffe0001, 00410ed1124d, 00410ed1124e, bc0ff38d2805"
98FBB-NRB,5CD3298FBB,13th Gen Intel(R) Core(TM) i5-1335U,7.64 GB,C:\ 5.111326E11,HP ProBook 450 15.6 inch G10 Notebook PC,HP,zwanjira,Critical,"02410ed10f8b, 00090ffe0001, 00410ed10f8b, bc0ff38d265a"
98W1J-NRB,5CD3298W1J,13th Gen Intel(R) Core(TM) i5-1335U,7.64 GB,C:\ 5.111315E11,HP ProBook 450 15.6 inch G10 Notebook PC,HP,fkivet,Critical,"02410ed14ff3, 06410ed14ff3, 00090ffe0001, 00410ed14ff3, bc0ff38d29e4"
ADIKINIM-KLA,5CG012FJWB,Intel(R) Core(TM) i5-8365U CPU @ 1.60GHz,7.81 GB,"C:\ 1.197247E11, D:\ 1.341779E11",HP EliteBook 830 G6,HP,radikini,All good,"3822e2e62c8e, 84c5a61bbf71, 00090ffe0001, 84c5a61bbf70, 000000000000"
AKAMAU,4CE02331LP,Intel(R) Core(TM) i5-9500 CPU @ 3.00GHz,7.85 GB,"C:\ 5.922598E11, E:\ 4.072522E11",HP 290 G3 MT Business PC,HP,No Data,Unverified,"00090faa0001, 9c7bef574fc3, 00090ffe0001"
ALIBAM-KLA,5CG1492LQQ,11th Gen Intel(R) Core(TM) i5-1145G7 @ 2.60GHz,15.68 GB,"C:\ 2.548847E11, D:\ 2.560497E11",HP EliteBook 830 G8,HP,pnambozo,Unverified,"84144da26d14, 86144da26d13, 00090ffe0001, 84144da26d13"
ASIIMWER-KLA,5CG8375GVR,Intel(R) Core(TM) i5-8350U CPU @ 1.70GHz,7.84 GB,"C:\ 1.281087E11, D:\ 1.261909E11",HP EliteBook 830 G5,HP,rasiimwe,All good,"00090faa0001, f43909dd2642, 3c6aa7965029, 00090ffe0001, 3c6aa7965028, 3c6aa796502c"
B2X8-NRB,4CE506B2X8,13th Gen Intel(R) Core(TM) i5-13500,7.69 GB,C:\ 5.112112E11,HP Pro Tower 290 G9 Desktop PC,HP,fmulei,Unverified,48ea624ccb1c
BACKUPSERVER,2726R93,Intel(R) Core(TM) i5-10500 CPU @ 3.10GHz,11.75 GB,"C:\ 2.55387E11, D:\ 4.000768E12",OptiPlex 3080,Dell Inc.,Administrator,Critical,70b5e8670cb8
BAKOKOH-KLA,5CG7383BP6,Intel(R) Core(TM) i5-7300U CPU @ 2.60GHz,7.89 GB,C:\ 2.549645E11,HP EliteBook 840 G4,HP,hbakoko,All good,"80ce622c99b8, 88b111b2a0f8, 8ab111b2a0f7, 00090ffe0001, 88b111b2a0f7, 88b111b2a0fb, 000000000000"
BASIRIKAD-KLA,5CG73306QR,Intel(R) Core(TM) i5-7300U CPU @ 2.60GHz,7.40 GB,C:\ 5.110801E11,HP EliteBook 840 G4,HP,dbasirika,All good,"1860244e5f97, f859712e739b, fa59712e739a, f859712e739a, 000000000000"
BBWIRE-KLA,H3JQ441,Intel(R) Core(TM) i7-8665U CPU @ 1.90GHz,15.78 GB,"C:\ 1.189327E11, D:\ 1.353586E11",Latitude 7400 2-in-1,Dell Inc.,bbwire,All good,"00090faa0001, 60f26241f0c4, 62f26241f0c3, 00090ffe0001, 60f26241f0c3, 60f26241f0c7"
BLNM,5CG128BLNM,11th Gen Intel(R) Core(TM) i7-1165G7 @ 2.80GHz,15.73 GB,"C:\ 4.975598E11, D:\ 5.24287E11",HP Elite Dragonfly G2 Notebook PC,HP,gsantokh,Unverified,"5414f39ad5c7, 00090ffe0001, 5414f39ad5c6, 5414f39ad5ca"
BNK41,PF295DWQ,Intel(R) Core(TM) i5-10210U CPU @ 1.60GHz,15.81 GB,"C:\ 5.114561E11, D:\ 6.071214E8, E:\ 5.373266E11, F:\ 4.613724E11",20RD0006UE,LENOVO,skimani,Critical,"5405db127573, 00ff107fbb20, ac1203ac1a5d, 00090ffe0001, ac1203ac1a5c, ac1203ac1a60"
C31Q-NRB,5CD231C31Q,11th Gen Intel(R) Core(TM) i5-1135G7 @ 2.40GHz,15.68 GB,C:\ 5.110335E11,HP ProBook 450 G8 Notebook PC,HP,tnjoki,All good,"00090faa0001, 546ceb220fc5, 566ceb220fc4, 00090ffe0001, 546ceb220fc4, 5c60babc5e0a"
C39X-NBI,5CD231C39X,11th Gen Intel(R) Core(TM) i5-1135G7 @ 2.40GHz,7.68 GB,C:\ 5.110272E11,HP ProBook 450 G8 Notebook PC,HP,cnganga,Unverified,"00090ffe0001, 00090faa0001, 8cf8c5d12b63, 8ef8c5d12b62, 8cf8c5d12b62, 8cf8c5d12b66, 5c60babc55ac"
C451-NRB,5CD052GHZ9,11th Gen Intel(R) Core(TM) i5-1135G7 @ 2.40GHz,7.73 GB,C:\ 5.11131E11,HP ProBook 450 G8 Notebook PC,HP,ratieno,Critical,"00090faa0001, 3024a991db8b, 683e26707f70, 6a3e26707f6f, 00090ffe0001, 683e26707f6f"
C46F-NRB,5CD231C46F,11th Gen Intel(R) Core(TM) i5-1135G7 @ 2.40GHz,7.68 GB,C:\ 5.112123E11,HP ProBook 450 G8 Notebook PC,HP,wlinda,Unverified,"546ceb10a7bc, 566ceb10a7bb, 00090ffe0001, 546ceb10a7bb, 546ceb10a7bf, 5c60babc5c08"
C49T-NRB,5CD231C49T,11th Gen Intel(R) Core(TM) i5-1135G7 @ 2.40GHz,15.68 GB,C:\ 5.110377E11,HP ProBook 450 G8 Notebook PC,HP,tngugi,Unverified,"546ceb24422c, 00090ffe0001, 546ceb24422b, 5c60babc5bdf"
CCHSERVER2,8VC665J,Intel(R) Xeon(R) CPU           E5506  @ 2.13GHz,15.98 GB,"C:\ 5.186781E11, D:\ 5.035744E11, E:\ 4.760535E11, F:\ 4.000089E12",PowerEdge T610,Dell Inc.,Administrator,Critical,"782bcb5f3fad, 782bcb5f3faf, 782bcb5f3faf"
CCHSERVER3,F9C7FP1,Intel(R) Xeon(R) CPU           X5650  @ 2.67GHz,15.98 GB,"C:\ 6.361176E11, D:\ 1.363148E12, E:\ 2.000396E12, F:\ 4.855817E12, G:\ 3.145728E12, H:\ 4.000651E12",PowerEdge T610,Dell Inc.,administrator,Critical,"782bcb0ee7cb, 782bcb0ee7c9, 000000000000"
CCHSERVERVM,7837-0465-9774-6141-8246-1442-00,Intel(R) Xeon(R) Silver 4110 CPU @ 2.10GHz,23.99 GB,"C:\ 5.509439E11, D:\ 5.478925E11",Virtual Machine,Microsoft Corporation,Administrator,Critical,00155d05e402
CHURA,VMware-56 4d 59 04 74 86 c5 8e-ef c2 34 1c 03 11 37 75,Intel(R) Xeon(R) CPU E5-4660 v3 @ 2.10GHz,15.99 GB,"C:\ 1.012253E11, E:\ 2.097151E12, F:\ 2.67862E8, H:\ 6.499982E12","VMware7,1","VMware, Inc.",No Data,Needs attention,000c29113775
CNAMWANGA-KLA,CND141DJMH,11th Gen Intel(R) Core(TM) i7-1185G7 @ 3.00GHz,15.68 GB,"C:\ 1.280374E11, D:\ 1.26236E11",HP EliteBook x360 1040 G8,HP,cnamwanga,All good,"00090faa0001, 5ce42ad212b2, 5ee42ad212b1, 00090ffe0001, 5ce42ad212b1, 5ce42ad212b5"
CONSULTANT1-KLA,8CG1461KL2,11th Gen Intel(R) Core(TM) i5-1135G7 @ 2.40GHz,7.77 GB,"C:\ 2.533727E11, D:\ 2.570458E11",HP Pavilion x360 Convertible 14-dy0xxx,HP,lkawede,All good,"00090ffe0001, 2811a83df3a2, 2a11a83df3a1, 2811a83df3a1, 2811a83df3a5"
CSMT-NRB,5CD409CSMT,13th Gen Intel(R) Core(TM) i5-1335U,15.64 GB,C:\ 5.112123E11,HP ProBook 450 15.6 inch G10 Notebook PC,HP,aryan,Unverified,"00090ffe0001, 00090faa0001, 5a9671ac2246, 5e9671ac2246, 589671ac2246, 2c58b9d9f6cc"
CSNP-NRB,5CD409CSNP,13th Gen Intel(R) Core(TM) i5-1335U,15.64 GB,C:\ 5.112123E11,HP ProBook 450 15.6 inch G10 Notebook PC,HP,jwanyoike,All good,"00090faa0001, 5a9671ac2350, 00090ffe0001, 589671ac2350, 2c58b9d9f80c"
CTANGA-KLA,5CG1492L5Z,11th Gen Intel(R) Core(TM) i5-1145G7 @ 2.60GHz,15.68 GB,"C:\ 2.173908E11, D:\ 2.936002E11",HP EliteBook 830 G8,HP,ctanga,All good,"f47b09e51ffb, f67b09e51ffa, f47b09e51ffa, 00090ffe0001"
CW7-NRB,5CD106JCW7,11th Gen Intel(R) Core(TM) i5-1135G7 @ 2.40GHz,11.68 GB,C:\ 5.111022E11,HP ProBook 450 G8 Notebook PC,HP,enyamamba,All good,"00090ffe0001, 00090faa0001, 401c83e07b86, 421c83e07b85, 401c83e07b89, 401c83e07b85, 6c02e080d553"
DAKINYI,5CD4101Q74,13th Gen Intel(R) Core(TM) i5-1335U,7.64 GB,"C:\ 4.937294E11, D:\ 5.35806E8, E:\ 1.048471E10",HP ProBook 450 15.6 inch G10 Notebook PC,HP,dakinyi,Critical,"2c58b9dcb9b7, 5a9671a50076, 589671a50076, 589671a50077"
DANKAINEDI-KLA,5CG2471PQB,11th Gen Intel(R) Core(TM) i7-1185G7 @ 3.00GHz,15.73 GB,"C:\ 2.174285E11, D:\ 2.936013E11",HP EliteBook 830 G8 Notebook PC,HP,mtumwebaze,Critical,"00090ffe0001, 00090faa0001, 3ce9f7711a7a, 3ce9f7711a79"
DDDUMBA-KLA,5CG9456QMP,Intel(R) Core(TM) i5-8365U CPU @ 1.60GHz,7.81 GB,"C:\ 1.354666E11, D:\ 1.184943E11",HP EliteBook 830 G6,HP,dddumba,Critical,"0068ebe00120, 94e6f7d3b8ab, 96e6f7d3b8aa, 00090ffe0001, 94e6f7d3b8aa, 94e6f7d3b8ae, 000000000000"
DESKTOP-3KPAN7F,1H84261TGW,13th Gen Intel(R) Core(TM) i5-1335U,7.64 GB,"C:\ 4.038769E11, D:\ 1.072064E11",HP ProBook 450 15.6 inch G10 Notebook PC,HP,CMURIUKI,Critical,"fa6dcc643e5e, fe6dcc643e5e, f86dcc643e5e, 28c5c86136a9"
DESKTOP-4VD974R,5CD4101Q6L,13th Gen Intel(R) Core(TM) i5-1335U,7.64 GB,"C:\ 5.047824E11, D:\ 5.35806E8",HP ProBook 450 15.6 inch G10 Notebook PC,HP,Godhiambo,All good,"5a9671a4ff4a, 5e9671a4ff4a, 589671a4ff4a, 2c58b9dcb98d, 589671a4ff4b"
DESKTOP-9E09Q4I,5CD2166KQ4,11th Gen Intel(R) Core(TM) i5-1135G7 @ 2.40GHz,7.73 GB,"C:\ 4.053402E11, D:\ 1.048566E11",HP ProBook 450 G8 Notebook PC,HP,bwere,All good,"8469934ee671, b03cdcca705c, 00090ffe0001, b03cdcca705b, b23cdcca705b"
DESKTOP-E4G9V2D,5CD22987GX,12th Gen Intel(R) Core(TM) i5-1235U,7.64 GB,"C:\ 4.892832E11, D:\ 2.097047E10",HP ProBook 450 15.6 inch G9 Notebook PC,HP,DLOCKWOOD,All good,"3203c8bfa0b1, 3603c8bfa0b1, 3003c8bfa0b1, 3003c8bfa0b2, 5c60ba74c3ed"
DESKTOP-G2NF9FQ,5CD3466Q7K,13th Gen Intel(R) Core(TM) i5-1335U,15.64 GB,"C:\ 5.047688E11, D:\ 5.35806E8",HP ProBook 450 15.6 inch G10 Notebook PC,HP,bonyango,All good,"d0ad089eceef, e4601714e1ce, e6601714e1cd, e4601714e1cd, e4601714e1d1"
DESKTOP-L9NPR9H,5CD047574Z,Intel(R) Core(TM) i5-10210U CPU @ 1.60GHz,15.8 GB,"C:\ 2.487201E11, D:\ 5.801211E11, E:\ 4.194294E11",HP ProBook 450 G7,HP,hachollah,All good,"3024a97d66d6, dc41a9c84aa2, de41a9c84aa1, dc41a9c84aa1"
DESKTOP-LIFR3H3,CND127HVSF,Intel(R) Core(TM) i3-1005G1 CPU @ 1.20GHz,7.78 GB,C:\ 5.112123E11,HP 250 G8 Notebook PC,HP,wonunga,All good,"489ebdf712ce, 00090faa0001, 666c80f3b8c3, e66c80f3b8c3, 00090ffe0001, 646c80f3b8c3"
DESKTOP-M11CG14,5CD3466Q7H,13th Gen Intel(R) Core(TM) i5-1335U,15.64 GB,"C:\ 5.047688E11, D:\ 5.35806E8",HP ProBook 450 15.6 inch G10 Notebook PC,HP,Hmomanyi,Redeployment required,"d0ad089eceed, e460171e0227, e460171e0226"
DESKTOP-O8HHFDB,5CD3466Q7T,13th Gen Intel(R) Core(TM) i5-1335U,15.64 GB,"C:\ 5.04774E11, D:\ 5.35806E8",HP ProBook 450 15.6 inch G10 Notebook PC,HP,terrythiga,Needs attention,"e46017143891, e46017143890, e46017143894, d0ad089ecedd"
DESKTOP-SVET2Q7,5CD4101Q6S,13th Gen Intel(R) Core(TM) i5-1335U,7.64 GB,"C:\ 4.937294E11, D:\ 5.35806E8, E:\ 1.048471E10",HP ProBook 450 15.6 inch G10 Notebook PC,HP,bkimathi,All good,"5a9671a4ff46, 589671a4ff46, 2c58b9dcb97c"
DESKTOP-V4V873R,5CD22987H4,12th Gen Intel(R) Core(TM) i5-1235U,7.64 GB,"C:\ 2.945794E11, D:\ 5.35806E8, E:\ 2.097142E11",HP ProBook 450 15.6 inch G9 Notebook PC,HP,dkurere,Unverified,"00090faa0001, 3203c8bfa659, 00090ffe0001, 3003c8bfa659, 5c60ba74c01c"
DHSHETTY-KLA,CND141DJP6,11th Gen Intel(R) Core(TM) i7-1185G7 @ 3.00GHz,15.73 GB,C:\ 2.549749E11,HP EliteBook X360 1040 G8,HP,dshetty,All good,"5ce42ad18612, 5ee42ad18611, 00090ffe0001, 5ce42ad18611"
DNASSAKA-KLA,FBST160,Intel(R) Core(TM) i7-8665U CPU @ 1.90GHz,15.74 GB,"C:\ 1.280899E11, D:\ 1.262611E11",Latitude 7400 2-in-1,Dell Inc.,dnassaka,All good,"60f262427deb, 62f262427dea, 00090ffe0001, 60f262427dea"
DONGAYA-KLA,CND20628M1,11th Gen Intel(R) Core(TM) i7-1185G7 @ 3.00GHz,15.68 GB,"C:\ 2.417272E11, D:\ 2.684344E11",HP EliteBook x360 1030 G8 Notebook PC,HP,dongaya,All good,"00090faa0001, 4c034f880091, 4e034f880090, 00090ffe0001, 4c034f880090, 4c034f880094, 9a858d5a5858"
DOTIENO,5CD4101Q7Y,13th Gen Intel(R) Core(TM) i5-1335U,7.64 GB,"C:\ 4.937294E11, D:\ 5.35806E8, E:\ 1.048471E10",HP ProBook 450 15.6 inch G10 Notebook PC,HP,duncanotieno,Unverified,"5a9671a50068, 589671a50068, 2c58b9d9f979"
DSAMIR-KLA,5CG2471P39,11th Gen Intel(R) Core(TM) i7-1185G7 @ 3.00GHz,15.73 GB,"C:\ 2.56338E11, D:\ 2.538057E11",HP EliteBook 830 G8 Notebook PC,HP,sdin,All good,"00090ffe0001, 3ce9f7a5b5cd, 3ee9f7a5b5cc, 3ce9f7a5b5cc, 3ce9f7a5b5d0, 000000000000"
DT9J-NRB,5CD513DT9J,13th Gen Intel(R) Core(TM) i5-1335U,15.64 GB,C:\ 5.111022E11,HP ProBook 450 15.6 inch G10 Notebook PC,HP,fmulianga,Critical,"00090ffe0001, 00090faa0001, ec8e77f457fa, ee8e77f457f9, ec8e77f457f9, ec8e77f457fd, 24fbe3c6a854"
DT9Q-NRB,5CD513DT9Q,13th Gen Intel(R) Core(TM) i5-1335U,15.64 GB,C:\ 5.111022E11,HP ProBook 450 15.6 inch G10 Notebook PC,HP,lawuor,All good,"00090ffe0001, 00090faa0001, ec8e77f6226a, ee8e77f62269, ec8e77f62269, ec8e77f6226d, 24fbe3c6a84c"
DT9R-NRB,5CD513DT9R,13th Gen Intel(R) Core(TM) i5-1335U,15.64 GB,C:\ 5.111022E11,HP ProBook 450 15.6 inch G10 Notebook PC,HP,pkibe,Critical,"00090ffe0001, 00090faa0001, ec8e77f46489, ee8e77f46488, ec8e77f46488, 24fbe3c6a84d"
DT9X-NRB,5CD513DT9X,13th Gen Intel(R) Core(TM) i5-1335U,15.64 GB,C:\ 5.111022E11,HP ProBook 450 15.6 inch G10 Notebook PC,HP,wanjirus,All good,"00090ffe0001, 00090faa0001, 24fbe3c6a850, ec8e77f464a7, ee8e77f464a6, ec8e77f464a6"
DT9Y-NRB,5CD513DT9V,13th Gen Intel(R) Core(TM) i5-1335U,15.64 GB,C:\ 5.111022E11,HP ProBook 450 15.6 inch G10 Notebook PC,HP,dbiwot,Unverified,"24fbe3c6a84e, ec8e77f45859, 00090ffe0001, ec8e77f45858"
DTBD-NRB,5CD513DTBD,13th Gen Intel(R) Core(TM) i5-1335U,15.64 GB,"C:\ 5.024493E11, D:\ 8.577352E9",HP ProBook 450 15.6 inch G10 Notebook PC,HP,mjohn,All good,"ec8e77f457d2, ee8e77f457d1, 00090ffe0001, 0e5da28e72b3, 24fbe3c6a7f1"
DTBH-NRB,5CD513DTBH,13th Gen Intel(R) Core(TM) i5-1335U,15.64 GB,C:\ 5.111022E11,HP ProBook 450 15.6 inch G10 Notebook PC,HP,mnjogo,Critical,"00090ffe0001, 00090faa0001, ec8e77f6221f, ec8e77f6221e, ec8e77f62222, 24fbe3c6a7e4"
DTBM-NRB,5CD513DTBM,13th Gen Intel(R) Core(TM) i5-1335U,15.64 GB,C:\ 5.110392E11,HP ProBook 450 15.6 inch G10 Notebook PC,HP,rlipesa,All good,"00090ffe0001, 00090faa0001, ec8e77f45804, ee8e77f45803, ec8e77f45803, 24fbe3c6a7e6"
DTBN-NRB,5CD513DTBN,13th Gen Intel(R) Core(TM) i5-1335U,15.64 GB,C:\ 5.111022E11,HP ProBook 450 15.6 inch G10 Notebook PC,HP,psyomiti,All good,"00090ffe0001, 00090faa0001, ec8e77f45818, ee8e77f45817, ec8e77f45817, ec8e77f4581b, 24fbe3c6a7e7"
DTBV-NRB,5CD513DTBV,13th Gen Intel(R) Core(TM) i5-1335U,15.64 GB,C:\ 5.111022E11,HP ProBook 450 15.6 inch G10 Notebook PC,HP,emwihaki,All good,"00090ffe0001, 00090faa0001, 24fbe3c6a7e1, ec8e77f452a0, ee8e77f4529f, ec8e77f4529f"
DTC8-NRB,5CD513DTC8,13th Gen Intel(R) Core(TM) i5-1335U,15.64 GB,C:\ 5.111022E11,HP ProBook 450 15.6 inch G10 Notebook PC,HP,kmutsotso,Unverified,"00090ffe0001, 00090faa0001, ec8e77f82b32, ee8e77f82b31, ec8e77f82b31, ec8e77f82b35, 24fbe3c6a7d3"
DTCG-NRB,5CD513DTCG,13th Gen Intel(R) Core(TM) i5-1335U,15.64 GB,C:\ 5.110392E11,HP ProBook 450 15.6 inch G10 Notebook PC,HP,dnyanje,Unverified,"00090faa0001, ec8e77fce695, ee8e77fce694, 00090ffe0001, ec8e77fce694, 24fbe3c6221f"
EGESSAS-KLA,5CG2471PCY,11th Gen Intel(R) Core(TM) i7-1185G7 @ 3.00GHz,15.73 GB,"C:\ 2.174285E11, D:\ 2.936013E11",HP EliteBook 830 G8 Notebook PC,HP,segessa,Unverified,"00090faa0001, 00090ffe0001, 3ce9f7a5b3a2, 3ee9f7a5b3a1, 3ce9f7a5b3a1, 3ce9f7a5b3a5"
ESQP-NRB,PF27ESQP,Intel(R) Core(TM) i7-10510U CPU @ 1.80GHz,15.75 GB,C:\ 1.023312E12,20U9001KUE,LENOVO,nishith,All good,"00090faa0001, 002b6755536d, ccf9e4830b04, cef9e4830b03, 00090ffe0001, ccf9e4830b03"
EVKS-NRB,PF27EVKS,Intel(R) Core(TM) i7-10510U CPU @ 1.80GHz,15.75 GB,C:\ 5.106848E11,20U9001KUE,LENOVO,bngunya,Critical,"00090faa0001, 002b67f1fcfc, ccd9acceb630, ced9acceb62f, 00090ffe0001, ccd9acceb62f, ccd9acceb633"
EVLE,PF27EVLE,Intel(R) Core(TM) i7-10510U CPU @ 1.80GHz,15.75 GB,C:\ 1.02287E12,20U9001KUE,LENOVO,pkahi,All good,"00090faa0001, 002b67f208aa, dc1ba174cc79, de1ba174cc78, 00090ffe0001, dc1ba174cc78, dc1ba174cc7c"
EWAKHUNGU,5CD33044W7,13th Gen Intel(R) Core(TM) i5-1335U,15.64 GB,"C:\ 5.04774E11, D:\ 5.35806E8",HP ProBook 450 15.6 inch G10 Notebook PC,HP,elviswakhungu,Critical,"bc0ff38da8c4, ce5ef831cdb7, cc5ef831cdb7, cc5ef831cdb8"
EZAMAIA-KLA,5CD63026NY,Intel(R) Core(TM) i7-6500U CPU @ 2.50GHz,7.91 GB,"C:\ 1.505496E11, D:\ 1.048566E11",HP Spectre x360 Convertible,HP,iezama,All good,"00090faa0001, a402b945c848, a602b945c847, 00090ffe0001, a402b945c847"
F14Z-NRB,5CD330F14Z,13th Gen Intel(R) Core(TM) i5-1335U,7.64 GB,C:\ 5.110822E11,HP ProBook 450 15.6 inch G10 Notebook PC,HP,svijedi,All good,"421a586e1f9f, 00090ffe0001, 401a586e1f9f, 644ed7181e64"
F15X-NRB,5CD330F15X,13th Gen Intel(R) Core(TM) i5-1335U,15.64 GB,C:\ 5.111022E11,HP ProBook 450 15.6 inch G10 Notebook PC,HP,No Data,Unverified,"00090ffe0001, 00090faa0001, 644ed7181e0a, 421a586e1e89, 401a586e1e89, 401a586e1e8a"
F166-NRB,5CD330F166,13th Gen Intel(R) Core(TM) i5-1335U,7.64 GB,C:\ 5.110623E11,HP ProBook 450 15.6 inch G10 Notebook PC,HP,mkaranja,Critical,"644ed7181e09, 421a586e1e83, 461a586e1e83, 00090ffe0001, 401a586e1e83"
F16F-NRB,5CD330F16F,13th Gen Intel(R) Core(TM) i5-1335U,7.64 GB,C:\ 5.110623E11,HP ProBook 450 15.6 inch G10 Notebook PC,HP,lwanjiru,Critical,"421a586dd45d, 461a586dd45d, 00090ffe0001, 401a586dd45d, 644ed7181dfc"
F173-NRB,5CD330F173,13th Gen Intel(R) Core(TM) i5-1335U,7.64 GB,"C:\ 5.110749E11, M:\ 1.099512E12",HP ProBook 450 15.6 inch G10 Notebook PC,HP,dnganga,All good,"00090ffe0001, 421a586e1d1f, 461a586e1d1f, 401a586e1d1f, 644ed7181f5c"
F186-NRB,5CD330F186,13th Gen Intel(R) Core(TM) i5-1335U,7.64 GB,C:\ 5.112123E11,HP ProBook 450 15.6 inch G10 Notebook PC,HP,mmuchangi,All good,"421a586e1b57, 461a586e1b57, 00090ffe0001, 401a586e1b57, 644ed7181fb1"
F18D-NRB,5CD330F18D,13th Gen Intel(R) Core(TM) i5-1335U,7.64 GB,C:\ 5.112123E11,HP ProBook 450 15.6 inch G10 Notebook PC,HP,jkaranja,All good,"00090ffe0001, 00090faa0001, 421a586e2a65, 461a586e2a65, 401a586e2a65, 401a586e2a66, 644ed7181fa9"
F193-NRB,5CD330F193,13th Gen Intel(R) Core(TM) i5-1335U,7.64 GB,C:\ 5.110707E11,HP ProBook 450 15.6 inch G10 Notebook PC,HP,ebarasa,Critical,"00090faa0001, 421a586e2b29, 00090ffe0001, 401a586e2b29, 644ed7181efa"
F19D-NRB,5CD330F19D,13th Gen Intel(R) Core(TM) i5-1335U,7.64 GB,C:\ 5.111326E11,HP ProBook 450 15.6 inch G10 Notebook PC,HP,dmukami,Redeployment required,"421a586e2ad1, 00090ffe0001, 401a586e2ad1, 401a586e2ad2, 644ed7181ef3"
F3Q-NRB,5CD2166KPX,11th Gen Intel(R) Core(TM) i5-1135G7 @ 2.40GHz,7.68 GB,C:\ 5.105286E11,HP ProBook 450 G8 Notebook PC,HP,mkimathi,Critical,"b03cdcca6d4b, b23cdcca6d4a, 00090ffe0001, b03cdcca6d4a, 8469934eefb7"
F649-NKR,5CD347F649,13th Gen Intel(R) Core(TM) i5-1335U,15.64 GB,"C:\ 2.995037E11, D:\ 1.571281E11, E:\ 5.347632E10",HP ProBook 450 15.6 inch G10 Notebook PC,HP,SGITHUA,All good,"421a58e55fb8, 461a58e55fb8, d0ad08a697cc, 00090ffe0001, aab594d92d2b, 401a58e55fb9"
F6C-NRB,5CD2140F6C,12th Gen Intel(R) Core(TM) i5-1240P,7.64 GB,C:\ 5.105831E11,HP ProBook 450 15.6 inch G9 Notebook PC,HP,jnjihia,All good,"00090faa0001, 8469934861ac, 847b5746061e, 867b5746061d, 00090ffe0001, 847b5746061d, 847b57460621"
FISI,CZ284208T1,Intel(R) Xeon(R) Silver 4110 CPU @ 2.10GHz,63.65 GB,"C:\ 1.572219E12, D:\ 8.388608E12",ProLiant DL380 Gen10,HPE,No Data,Critical,"5480284b7a0d, 5480284b7a0f, 5480284b7a0e, 00155d01140b, 5480284b7a0c"
FMT14-NBI,PF4N9JNG,13th Gen Intel(R) Core(TM) i5-1335U,15.6 GB,C:\ 5.097222E11,21HD003RUE,LENOVO,fmacharia,Unverified,"00090faa0001, fc5cee10a9dc, 28c5d2182fe1, 2ac5d2182fe0, 00090ffe0001, 28c5d2182fe0"
FQ81-NRB,5CD140FQ81,11th Gen Intel(R) Core(TM) i5-1135G7 @ 2.40GHz,7.68 GB,C:\ 5.113079E11,HP ProBook 450 G8 Notebook PC,HP,andegwa,Critical,"00090faa0001, e070eaaa7bbc, 0c9a3c818b21, 0e9a3c818b20, 00090ffe0001, 0c9a3c818b20, 0c9a3c818b24"
FTBBNBR,5CD151FTBB,11th Gen Intel(R) Core(TM) i5-1135G7 @ 2.40GHz,7.73 GB,C:\ 5.109533E11,HP ProBook 450 G8 Notebook PC,HP,vmburu,All good,"cc153167f88c, c85acfb9db0b, 00090ffe0001, cc153167f88b, cc153167f88f"
FWM5-NRB,5CD120FWM5,11th Gen Intel(R) Core(TM) i5-1135G7 @ 2.40GHz,7.73 GB,C:\ 5.110822E11,HP ProBook 450 G8 Notebook PC,HP,skaruga,All good,"00090faa0001, 4c796e8d1464, 00090ffe0001, 4c796e8d1463, b0227af0eb82"
FWPF,5CD120FWPF,11th Gen Intel(R) Core(TM) i5-1135G7 @ 2.40GHz,7.73 GB,C:\ 5.119872E11,HP ProBook 450 G8 Notebook PC,HP,smundia,Unverified,"b0227af0e985, 4c796e8fdc5d, 00090ffe0001, 4c796e8fdc5c, 4c796e8fdc60"
FWYV-NRB,5CD120FWYV,11th Gen Intel(R) Core(TM) i5-1135G7 @ 2.40GHz,15.68 GB,C:\ 5.112049E11,HP ProBook 450 G8 Notebook PC,HP,psimran,Unverified,"00090ffe0001, 00090faa0001, 4c796e906ae2, 4c796e906ae1, 4c796e906ae5, 3024a991db34"
FWZL,5CD120FWZL,11th Gen Intel(R) Core(TM) i5-1135G7 @ 2.40GHz,7.68 GB,C:\ 5.115153E11,HP ProBook 450 G8 Notebook PC,HP,dnyaboke,Redeployment required,"b0227af19591, 4c796e906af1, 4e796e906af0, 00090ffe0001, 4c796e906af0, 4c796e906af4"
FXG2,5CD151FXG2,11th Gen Intel(R) Core(TM) i5-1135G7 @ 2.40GHz,7.68 GB,C:\ 5.109826E11,HP ProBook 450 G8 Notebook PC,HP,jmwaniki,All good,"ac74b1ae40d0, ae74b1ae40cf, 00090ffe0001, ac74b1ae40cf, ac74b1ae40d3, c85acfb9f137"
FYL5-NRB,5CD151FYL5,11th Gen Intel(R) Core(TM) i5-1135G7 @ 2.40GHz,7.68 GB,C:\ 5.110309E11,HP ProBook 450 G8 Notebook PC,HP,lakinyi,All good,"ac74b1ac1e3b, 00090ffe0001, ac74b1ac1e3a, c85acfb9cf32"
GHTF-NRB,5CD052GHTF,11th Gen Intel(R) Core(TM) i5-1135G7 @ 2.40GHz,7.68 GB,C:\ 5.112123E11,HP ProBook 450 G8 Notebook PC,HP,ijiwaji,All good,"683e263de4ed, 6a3e263de4ec, 3024a991da01, 00090ffe0001, 683e263de4ec, 683e263de4f0"
GJ23-NRB,5CD052GJ23,11th Gen Intel(R) Core(TM) i5-1135G7 @ 2.40GHz,7.73 GB,C:\ 5.111022E11,HP ProBook 450 G8 Notebook PC,HP,hnkatha,All good,"00090ffe0001, 00090faa0001, 683e26779d41, 6a3e26779d40, 683e26779d40, 683e26779d44, 3024a991db3c"
GJ2F-NRB,5CD052GJ2F,11th Gen Intel(R) Core(TM) i5-1135G7 @ 2.40GHz,7.73 GB,C:\ 4.99096E11,HP ProBook 450 G8 Notebook PC,HP,zjiwa,All good,"00090faa0001, 683e2641688e, 00090ffe0001, 683e2641688d, 683e26416891"
GJDK-NRB,5CD052GJDK,11th Gen Intel(R) Core(TM) i5-1135G7 @ 2.40GHz,7.68 GB,C:\ 5.112123E11,HP ProBook 450 G8 Notebook PC,HP,makinyi,All good,"683e263da73f, 6a3e263da73e, 00090ffe0001, 683e263da73e, 683e263da742, 3024a98ff118"
GK0N-NRB,5CD052GK0N,11th Gen Intel(R) Core(TM) i5-1135G7 @ 2.40GHz,7.73 GB,C:\ 5.110822E11,HP ProBook 450 G8 Notebook PC,HP,jwandati,All good,"fcb3bc5eb14b, feb3bc5eb14a, 00090ffe0001, fcb3bc5eb14a, 3024a9902295"
GKLM,5CD052GKLM,11th Gen Intel(R) Core(TM) i5-1135G7 @ 2.40GHz,7.68 GB,C:\ 5.115153E11,HP ProBook 450 G8 Notebook PC,HP,sndumbi,All good,"3024a991dd58, 683e267362e4, 6a3e267362e3, 00090ffe0001, 683e267362e3"
HEAH,PF26HEAH,Intel(R) Core(TM) i5-8265U CPU @ 1.60GHz,7.21 GB,C:\ 3.3236E11,20N3S97E00,LENOVO,kchege,All good,"f875a4e9c258, 0433c21bf897, 00090ffe0001, 0433c21bf896"
HJK0-NKR,PF4HHJK0,13th Gen Intel(R) Core(TM) i7-1355U,15.68 GB,C:\ 1.023126E12,21HM007KUE,LENOVO,achandria,All good,"7413eaa3a459, 00090ffe0001, 7413eaa3a458, 7413eaa3a45c"
HJKY-NRB,PF4HHJKY,13th Gen Intel(R) Core(TM) i7-1355U,15.68 GB,C:\ 1.023115E12,21HM007KUE,LENOVO,mkimundu,All good,"00090faa0001, 7413eaa3f436, 7613eaa3f435, 00090ffe0001, 7413eaa3f435"
HJLV-NRB,PF4HHJLV,13th Gen Intel(R) Core(TM) i7-1355U,15.68 GB,C:\ 1.022981E12,21HM007KUE,LENOVO,jngure,All good,"00090ffe0001, 00090faa0001, 949aa98400ba, e8c829912423, e8c829912422, e8c829912426"
INAPO-KLA,YX0B26Q6,Intel(R) Core(TM) Ultra 7 155U,15.43 GB,"C:\ 5.132759E11, D:\ 5.085447E11",83DJ,LENOVO,iinapo,Redeployment required,"dc45461aaf7d, de45461aaf7c, 00090ffe0001, dc45461aaf7c, dc45461aaf80"
INTERN2-KLA,5CG6076DKN,Intel(R) Core(TM) i5-5300U CPU @ 2.30GHz,7.87 GB,"C:\ 2.168686E11, D:\ 2.831155E11",HP EliteBook 840 G2,Hewlett-Packard,intern2,All good,"fc3fdbffcca6, 648099c383d2, 668099c383d1, 648099c383d1, 648099c383d5"
ITD4-NRB,1H84261TD4,13th Gen Intel(R) Core(TM) i5-1335U,15.64 GB,C:\ 5.11207E11,HP ProBook 450 15.6 inch G10 Notebook PC,HP,user,All good,"28c5c86135a3, fa6dcc640ad2, fe6dcc640ad2, 00090ffe0001, f86dcc640ad2"
ITJX-NRB,1H84261TJX,13th Gen Intel(R) Core(TM) i5-1335U,15.64 GB,C:\ 5.112123E11,HP ProBook 450 15.6 inch G10 Notebook PC,HP,mmbogo,Critical,"fa6dcc643c4c, fe6dcc643c4c, 00090ffe0001, c24f3af80f62, 28c5c86137af"
ITK2-NRB,1H84261TK2,13th Gen Intel(R) Core(TM) i5-1335U,15.64 GB,C:\ 5.112123E11,HP ProBook 450 15.6 inch G10 Notebook PC,HP,jkinyanjui,All good,"fa6dcc64189a, fe6dcc64189a, 00090ffe0001, f86dcc64189a, f86dcc64189b, 28c5c8613659"
J2QX-NRB,5CD124J2QX,11th Gen Intel(R) Core(TM) i5-1135G7 @ 2.40GHz,7.73 GB,C:\ 2.550483E11,HP ProBook 450 G8 Notebook PC,HP,wchristine,Needs attention,"00090faa0001, 00ffc3c576c2, ec63d7fadc97, 00090ffe0001, ec63d7fadc96, ec63d7fadc9a, 489ebd2d81a6"
J3BC-NRB,5CD124J3BC,11th Gen Intel(R) Core(TM) i5-1135G7 @ 2.40GHz,7.68 GB,C:\ 5.112123E11,HP ProBook 450 G8 Notebook PC,HP,shahp,All good,"14857f1d150b, 16857f1d150a, 00090ffe0001, 14857f1d150a, 14857f1d150e, 489ebd2d844d"
J422-NRB,5CD124J422,11th Gen Intel(R) Core(TM) i5-1135G7 @ 2.40GHz,15.73 GB,C:\ 5.11098E11,HP ProBook 450 G8 Notebook PC,HP,asingh,Critical,"489ebd2cd9cc, 14857f22f1ba, 00090ffe0001, 14857f22f1b9, 14857f22f1bd"
J4FS,5CD047561R,Intel(R) Core(TM) i5-10210U CPU @ 1.60GHz,11.8 GB,C:\ 5.107394E11,HP ProBook 450 G7,HP,ckiprotich,Critical,"b0227adeabfd, dc41a9cd6cc6, 00090ffe0001, dc41a9cd6cc5"
J5BS-NRB,5CD124J5BS,11th Gen Intel(R) Core(TM) i5-1135G7 @ 2.40GHz,7.73 GB,C:\ 5.112123E11,HP ProBook 450 G8 Notebook PC,HP,lkimani,All good,"ec63d7ff1a1e, 00090ffe0001, ec63d7ff1a1d, ec63d7ff1a21, 489ebd2df9e6"
J5CT-NRB,5CD124J5CT,11th Gen Intel(R) Core(TM) i5-1135G7 @ 2.40GHz,11.73 GB,C:\ 5.110707E11,HP ProBook 450 G8 Notebook PC,HP,dwaithaka,All good,"00090ffe0001, 00090faa0001, 14857f1eeb15, 14857f1eeb14, 489ebd2d92ed"
J5FR,5CD124J5FR,11th Gen Intel(R) Core(TM) i5-1135G7 @ 2.40GHz,7.73 GB,C:\ 5.115153E11,HP ProBook 450 G8 Notebook PC,HP,lkavugwi,Critical,"489ebd2d932e, 14857f24e92f, 16857f24e92e, 00090ffe0001, 14857f24e92e"
J5LP-NRB,5CD124J5LP,11th Gen Intel(R) Core(TM) i5-1135G7 @ 2.40GHz,7.73 GB,C:\ 5.11098E11,HP ProBook 450 G8 Notebook PC,HP,sayiera,Unverified,"00090ffe0001, ec63d7fbd1f1, ec63d7fbd1f0, ec63d7fbd1f4, 489ebd2d9226"
J5P8-NRB,5CD124J5P8,11th Gen Intel(R) Core(TM) i5-1135G7 @ 2.40GHz,7.73 GB,C:\ 5.115153E11,HP ProBook 450 G8 Notebook PC,HP,jkathure,Critical,"489ebd2cdb95, 5414f340952b, 5614f340952a, 00090ffe0001, 5414f340952a, 5414f340952e"
J5PR-NRB,5CD124J5PR,11th Gen Intel(R) Core(TM) i5-1135G7 @ 2.40GHz,7.68 GB,C:\ 5.11098E11,HP ProBook 450 G8 Notebook PC,HP,mkaur,All good,"ec63d7fae840, 00090ffe0001, ec63d7fae83f, ec63d7fae843"
J5RC-NRB,5CD124J5RC,11th Gen Intel(R) Core(TM) i5-1135G7 @ 2.40GHz,7.68 GB,C:\ 5.11098E11,HP ProBook 450 G8 Notebook PC,HP,fkimani,Unverified,"00090faa0001, ec63d7fae836, 00090ffe0001, ec63d7fae835, 489ebd2cd8f6"
J5RP,5CD124J5RP,11th Gen Intel(R) Core(TM) i5-1135G7 @ 2.40GHz,7.73 GB,C:\ 5.115153E11,HP ProBook 450 G8 Notebook PC,HP,mnyawira,Needs attention,"489ebd2cdb63, ec63d7fd0841, ee63d7fd0840, 00090ffe0001, 00ffc543b229, 00090ffe0001, 00090ffe0001, ec63d7fd0840, ec63d7fd0844"
J5S2-NRB,5CD124J5S2,11th Gen Intel(R) Core(TM) i5-1135G7 @ 2.40GHz,7.68 GB,C:\ 5.11207E11,HP ProBook 450 G8 Notebook PC,HP,smuchemi,All good,"00090ffe0001, 00090faa0001, ec63d7fc9082, ee63d7fc9081, ec63d7fc9081, 489ebd2cdb7b"
J5T8,5CD124J5T8,11th Gen Intel(R) Core(TM) i5-1135G7 @ 2.40GHz,7.68 GB,C:\ 5.115153E11,HP ProBook 450 G8 Notebook PC,HP,rnzioka,All good,"489ebd2d846d, 14857f1cbf70, 16857f1cbf6f, 00090ffe0001, 14857f1cbf6f, 14857f1cbf73"
J5VC-NRB,5CD106JDD7,11th Gen Intel(R) Core(TM) i5-1135G7 @ 2.40GHz,11.68 GB,C:\ 5.112123E11,HP ProBook 450 G8 Notebook PC,HP,lmitchelle,All good,"401c839651f0, 421c839651ef, 00090ffe0001, 401c839651ef, 489ebd2bdea8"
J5WL,5CD124J58K,11th Gen Intel(R) Core(TM) i5-1135G7 @ 2.40GHz,15.68 GB,C:\ 5.115153E11,HP ProBook 450 G8 Notebook PC,HP,jgathoni,Unverified,"00090ffe0001, 8469935961e4, 00ff5ef3e715, ec63d7fe554d, ee63d7fe554c, ec63d7fe554c, ec63d7fe5550"
JDCX-NRB,5CD106JDCX,11th Gen Intel(R) Core(TM) i5-1135G7 @ 2.40GHz,7.68 GB,C:\ 5.111022E11,HP ProBook 450 G8 Notebook PC,HP,annduta,All good,"00090ffe0001, 00090faa0001, 401c83868f04, 401c83868f03, 401c83868f07, 6c02e080d6e0"
JKFD-NRB,5CD204JKFD,11th Gen Intel(R) Core(TM) i7-1165G7 @ 2.80GHz,15.68 GB,C:\ 5.110492E11,HP ProBook 450 G8 Notebook PC,HP,rtank,Unverified,"00ff4a50b9ee, f057a6bbfab3, f257a6bbfab2, 00090ffe0001, f057a6bbfab2, c018035b0ec1"
JKFD-NRB,5CD204JKFD,11th Gen Intel(R) Core(TM) i7-1165G7 @ 2.80GHz,15.68 GB,C:\ 5.110492E11,HP ProBook 450 G8 Notebook PC,HP,rtank,All good,"00ff4a50b9ee, f057a6bbfab3, 00090ffe0001, f057a6bbfab2, c018035b0ec1"
JS67-NRB,5CD231JS67,11th Gen Intel(R) Core(TM) i5-1135G7 @ 2.40GHz,7.68 GB,C:\ 5.109989E11,HP ProBook 450 G8 Notebook PC,HP,mkimani,All good,"f89e9430376c, 5c60babd202b, 00090ffe0001, f89e9430376b, f89e9430376f"
JS7N-NRB,5CD231JS7N,11th Gen Intel(R) Core(TM) i5-1135G7 @ 2.40GHz,7.68 GB,C:\ 5.112123E11,HP ProBook 450 G8 Notebook PC,HP,gsehmi,Unverified,"5c60babd1eab, f89e9430eefa, 00090ffe0001, f89e9430eef9"
JS9V-NRB,5CD231JS9V,11th Gen Intel(R) Core(TM) i5-1135G7 @ 2.40GHz,7.68 GB,C:\ 5.110225E11,HP ProBook 450 G8 Notebook PC,HP,fmwangi,Unverified,"00090faa0001, f89e943a6025, 00090ffe0001, f89e943a6024, 5c60babd2199"
JSFY-NRB,5CD231JSFY,11th Gen Intel(R) Core(TM) i5-1135G7 @ 2.40GHz,15.68 GB,C:\ 5.112123E11,HP ProBook 450 G8 Notebook PC,HP,swanyama,Critical,"546ceb1a5da2, 00090ffe0001, 546ceb1a5da1, 5c60babd1d9c"
JSHC-NRB,5CD231JSHC,11th Gen Intel(R) Core(TM) i5-1135G7 @ 2.40GHz,7.73 GB,C:\ 5.110765E11,HP ProBook 450 G8 Notebook PC,HP,cwanjira,Critical,"546ceb1071b6, 00090ffe0001, 546ceb1071b5, 5c60babd1d44"
KAMUKAMAH-KLA,MXL4520PQ0,Intel(R) Core(TM) i5-4300U CPU @ 1.90GHz,7.93 GB,"C:\ 2.179059E11, D:\ 2.936002E11",HP EliteBook 840 G1,Hewlett-Packard,hkamukama,All good,"a0d3c19c842a, 4851b713cf0a, 00090ffe0001, 4851b713cf09"
KASONGO,1T78GT2,Intel(R) Core(TM) i5-8500 CPU @ 3.00GHz,7.82 GB,C:\ 2.65555E11,OptiPlex 3060,Dell Inc.,administrator,Critical,8cec4bcc7881
KATTOH-KLA,5CG91026TV,Intel(R) Core(TM) i5-8350U CPU @ 1.70GHz,7.84 GB,C:\ 2.549067E11,HP EliteBook 830 G5,HP,hkatto,Unverified,"c465160e2c63, 00090faa0001, d43b042dc2ac, d63b042dc2ab, 00090ffe0001, d43b042dc2ab"
KATUMWA-KLA,YX0B1151,Intel(R) Core(TM) Ultra 7 155U,15.43 GB,"C:\ 5.161678E11, D:\ 5.056527E11",83DJ,LENOVO,pkatumwa,All good,"00090ffe0001, dc454616781d, de454616781c, dc454616781c, 000000000000"
KIFARU20,4952-5840-0192-5203-6727-8633-58,Intel(R) Xeon(R) Silver 4110 CPU @ 2.10GHz,7.81 GB,"C:\ 3.139961E11, D:\ 1.83291E12",Virtual Machine,Microsoft Corporation,No Data,Critical,00155d011300
KIMAKAF-KLA,5CG7313BTC,Intel(R) Core(TM) i5-7300U CPU @ 2.60GHz,7.87 GB,C:\ 2.554132E11,HP EliteBook 840 G4,HP,fkimaka,All good,"00090ffe0001, 00090faa0001, 1860244914a4, f496340054cf, f696340054ce, f496340054ce"
KISEKAP-KLA,5CG0111GF0,Intel(R) Core(TM) i5-8365U CPU @ 1.60GHz,7.81 GB,"C:\ 1.197352E11, D:\ 1.341695E11",HP EliteBook 830 G6,HP,pkiseka,Unverified,"00090ffe0001, 00090faa0001, 3822e2c69ff6, 5c80b6f570cc, 5c80b6f570cb"
KIWI2,CZJ72801HH,Intel(R) Xeon(R) CPU E5-2620 v4 @ 2.10GHz,31.87 GB,"C:\ 2.177191E12, D:\ 2.627833E12, E:\ 2.195616E12, G:\ 4.000767E12, H:\ 2.000397E12",ProLiant DL380 Gen9,HP,No Data,Needs attention,"f403433d0da0, f403433d0da2, f403433d0da3, f403433d0da1, 000000000000, 000000000000, 000000000000, 000000000000"
KOBUSINGEN,FBST183,Intel(R) Core(TM) i7-8665U CPU @ 1.90GHz,15.74 GB,"C:\ 1.229708E11, D:\ 1.313069E11",Latitude 7400 2-in-1,Dell Inc.,nkobusinge,All good,"00090faa0001, 60f26248fce3, 62f26248fce2, 00090ffe0001, 60f26248fce2"
L5Z7-NRB,5CD112L5Z7,11th Gen Intel(R) Core(TM) i5-1135G7 @ 2.40GHz,7.68 GB,C:\ 4.991085E11,HP ProBook 450 G8 Notebook PC,HP,nndibo,All good,"e8f408816858, eaf408816857, 00090ffe0001, e8f408816857, b0227ad8c9aa"
L5ZQ-NRB,5CD112L5ZQ,11th Gen Intel(R) Core(TM) i5-1135G7 @ 2.40GHz,7.73 GB,C:\ 5.111022E11,HP ProBook 450 G8 Notebook PC,HP,ekoech,All good,"00090ffe0001, 00090faa0001, e8f408bb73c2, eaf408bb73c1, e8f408bb73c1, e8f408bb73c5, 489ebd2d921e"
LUBWAMAJ-KLA,5CG7381838,Intel(R) Core(TM) i5-6300U CPU @ 2.40GHz,7.88 GB,"C:\ 1.269344E11, D:\ 1.275928E11",HP EliteBook 840 G3,HP,jlubwama,All good,"48ba4e97b1f4, bca8a6722a96, bea8a6722a95, 00090ffe0001, bca8a6722a95, bca8a6722a99, 000000000000"
LUYIMAE-KLA,5CG7295DQ9,"AMD PRO A12-8800B R7, 12 Compute Cores 4C+8G",7.41 GB,C:\ 2.553883E11,HP EliteBook 745 G3,HP,eluyima,All good,"f430b91b109f, aced5c6e1fcd, aeed5c6e1fcc, aced5c6e1fcc, aced5c6e1fd0"
M0FP-NRB,PF4PM0FP,13th Gen Intel(R) Core(TM) i7-1355U,15.68 GB,C:\ 1.023319E12,21HM007KUE,LENOVO,jmulili,Critical,"e460170c8344, 00090ffe0001, e460170c8343, e460170c8347"
MAHULOG-KLA,5CG6143C4B,Intel(R) Core(TM) i5-6300U CPU @ 2.40GHz,7.89 GB,"C:\ 2.163204E11, D:\ 2.831155E11",HP Elitebook 840 G3,HP,gmahulo,All good,"00090ffe0001, ec8eb5a272da, 00090faa0001, 44850024b342, 46850024b341, 44850024b341, 44850024b345, 000000000000"
MARITAS-KLA,5CG2471PCV,11th Gen Intel(R) Core(TM) i7-1185G7 @ 3.00GHz,15.68 GB,"C:\ 2.174285E11, D:\ 2.936013E11",HP EliteBook 830 G8 Notebook PC,HP,msemakula,Unverified,"00090faa0001, 3ce9f7a5b73f, 00090ffe0001, 3ce9f7a5b73e"
MARIYAGUP-KLA,5CG6121WYT,Intel(R) Core(TM) i5-6300U CPU @ 2.40GHz,7.88 GB,"C:\ 2.659157E11, D:\ 2.447093E11",HP EliteBook 840 G3,HP,pmariyagu,Needs attention,"00090faa0001, 705a0f854ab9, a434d9fa9e53, a634d9fa9e52, 00090ffe0001, a434d9fa9e52, 000000000000"
MCHEPKOECH,5CD2166KR8,11th Gen Intel(R) Core(TM) i5-1135G7 @ 2.40GHz,7.68 GB,"C:\ 3.800113E11, D:\ 1.31072E11",HP ProBook 450 G8 Notebook PC,HP,Mchepkoech,All good,"b03cdcca6bc0, b23cdcca6bbf, b03cdcca6bbf, b03cdcca6bc3, 8469934eef5e"
MERCYTALLAM,5CD4101Q6P,13th Gen Intel(R) Core(TM) i5-1335U,7.64 GB,"C:\ 4.937294E11, D:\ 5.35806E8, E:\ 1.048471E10",HP ProBook 450 15.6 inch G10 Notebook PC,HP,MTALLAM,Critical,"5a9671a4ff4e, 589671a4ff4e, 2c58b9dcb986"
MUGODA-KLA,YX0BDGBE,Intel(R) Core(TM) Ultra 7 155U,15.43 GB,"C:\ 5.105485E11, D:\ 5.11272E11",83DJ,LENOVO,emugoda,Critical,"6432a8e440ef, 6632a8e440ee, 00090ffe0001, 6432a8e440ee"
MUKIIBII-KLA,YX0B10WM,Intel(R) Core(TM) Ultra 7 155U,15.43 GB,"C:\ 5.191678E11, D:\ 5.026527E11",83DJ,LENOVO,imukiibi,Unverified,"00090faa0001, d4f32ddd55d7, 00090ffe0001, d4f32ddd55d6, d4f32ddd55da"
MUKISAE-KLA,5CG2471PHZ,11th Gen Intel(R) Core(TM) i7-1185G7 @ 3.00GHz,15.73 GB,"C:\ 2.173897E11, D:\ 2.936013E11",HP EliteBook 830 G8 Notebook PC,HP,jambutsi,Unverified,"3ce9f7a5b78a, 3ee9f7a5b789, 00090ffe0001, 3ce9f7a5b789, 3ce9f7a5b78d"
MUSIIMENTAA-KLA,YX0B18RX,Intel(R) Core(TM) Ultra 7 155U,15.43 GB,"C:\ 5.03975E11, D:\ 5.178456E11",83DJ,LENOVO,amusiimenta,Critical,"00090faa0001, dc45464efc2e, de45464efc2d, 00090ffe0001, dc45464efc2d, dc45464efc31"
MUSISIK-KLA,YX0B8JXG,Intel(R) Core(TM) Ultra 7 155U,15.43 GB,"C:\ 5.095377E11, D:\ 5.122829E11",83DJ,LENOVO,amusisi,All good,"00090ffe0001, 00090faa0001, dc4546c9beeb, de4546c9beea, dc4546c9beea, dc4546c9beee, 000000000000"
MUTUMBAL-KLA,YX0B1172,Intel(R) Core(TM) Ultra 7 155U,15.43 GB,"C:\ 5.084031E11, D:\ 5.134174E11",83DJ,LENOVO,No Data,Unverified,"00090faa0001, 00090ffe0001, dc454615f5b4, dc454615f5b3"
MWESIGWAD-KLA,8CG1461KKF,11th Gen Intel(R) Core(TM) i5-1135G7 @ 2.40GHz,7.77 GB,"C:\ 2.506757E11, D:\ 2.601507E11",HP Pavilion x360 Convertible 14-dy0xxx,HP,dmwesigwa,All good,"00090faa0001, 2811a83e7ef8, 00090ffe0001, 2811a83e7ef7, 000000000000"
MWOTALI-KLA,YX0CAEZQ,Intel(R) Core(TM) Ultra 7 155U,15.43 GB,C:\ 1.021822E12,83DJ,LENOVO,iwamala,Needs attention,"e08f4c58eafe, e28f4c58eafd, 00090ffe0001, e08f4c58eafd, e08f4c58eb01"
MYQ21,7822-9067-8182-2287-1517-5256-96,Intel(R) Xeon(R) Silver 4110 CPU @ 2.10GHz,7.99 GB,"C:\ 2.242359E11, E:\ 4.194304E11",Virtual Machine,Microsoft Corporation,No Data,Critical,00155d011313
NABBOSAE-KLA,5CG2154F6G,11th Gen Intel(R) Core(TM) i5-1145G7 @ 2.60GHz,15.68 GB,"C:\ 2.436912E11, D:\ 2.664348E11",HP EliteBook 840 G8 Notebook PC,HP,enabbosa,All good,"00090ffe0001, 70a8d35bb2a2, 72a8d35bb2a1, 70a8d35bb2a1, 70a8d35bb2a5"
NAGUDIS-KLA,YX0B19EG,Intel(R) Core(TM) Ultra 7 155U,15.43 GB,"C:\ 5.018359E11, D:\ 5.199846E11",83DJ,LENOVO,jsnagudi,Redeployment required,"00090faa0001, dc4546188ab3, de4546188ab2, 00090ffe0001, dc4546188ab2"
NAGUJJAL-KLA,YX0B19H1,Intel(R) Core(TM) Ultra 7 155U,15.43 GB,"C:\ 5.144597E11, D:\ 5.073608E11",83DJ,LENOVO,lnagujja,All good,"d4f32ddea879, d6f32ddea878, 00090ffe0001, d4f32ddea878"
NAKASILK-KLA,8CG1461KK5,11th Gen Intel(R) Core(TM) i5-1135G7 @ 2.40GHz,7.77 GB,"C:\ 2.560014E11, D:\ 2.551248E11",HP Pavilion x360 Convertible 14-dy0xxx,HP,lnakasi,All good,"2811a83f47c5, 00090ffe0001, 2811a83f47c4, 2811a83f47c8"
NAKATOC-KLA,5CG7192DRT,Intel(R) Core(TM) i5-6200U CPU @ 2.30GHz,7.88 GB,"C:\ 1.265852E11, D:\ 1.276987E11",HP EliteBook 840 G3,HP,cnakato,All good,"00090faa0001, f430b90f2a89, 14abc5aed702, 16abc5aed701, 00090ffe0001, 14abc5aed701, 000000000000"
NAKAZIBWES-KLA,5CG8257MS8,Intel(R) Core(TM) i5-8350U CPU @ 1.70GHz,7.84 GB,"C:\ 1.292359E11, D:\ 1.258291E11",HP EliteBook 830 G5,HP,snakazibwe,All good,"1062e59e126f, 38deaddbe418, 3adeaddbe417, 00090ffe0001, 38deaddbe417"
NALWOGAH-KLA,5CG9376FHV,Intel(R) Core(TM) i5-8365U CPU @ 1.60GHz,7.81 GB,"C:\ 2.229E11, D:\ 2.873937E11",HP EliteBook 830 G6,HP,hnalwoga,Critical,"00090faa0001, 040e3ccea309, dc719620ee29, de719620ee28, 00090ffe0001, dc719620ee28, dc719620ee2c, 000000000000"
NAMARAH-KLA,5CG1492LQ6,11th Gen Intel(R) Core(TM) i5-1145G7 @ 2.60GHz,15.73 GB,"C:\ 2.174086E11, D:\ 2.936002E11",HP EliteBook 830 G8,HP,hnamara,All good,"00090ffe0001, 84144da26d73, 86144da26d72, 84144da26d72, 000000000000"
NAMATAJ-KLA,FBST195,Intel(R) Core(TM) i7-8665U CPU @ 1.90GHz,15.78 GB,"C:\ 1.280972E11, D:\ 1.262433E11",Latitude 7400 2-in-1,Dell Inc.,jnamata,All good,"60f262ad540e, 00090ffe0001, 60f262ad5411, 60f262ad540d, 000000000000"
NAMAZZIW-KLA,5CD9106VGW,Intel(R) Core(TM) i5-8250U CPU @ 1.60GHz,7.38 GB,"C:\ 1.337343E11, D:\ 1.205768E11",HP EliteBook x360 1030 G3,HP,wnamazzi,All good,"00090ffe0001, a86daa61dd08, aa6daa61dd07, a86daa61dd07"
NAMIRIMWEE-KLA,5CD9111G4H,Intel(R) Core(TM) i5-8250U CPU @ 1.60GHz,7.84 GB,"C:\ 1.341139E11, D:\ 1.201972E11",HP EliteBook x360 1030 G3,HP,enamirimwe,All good,"00090faa0001, a86daa6219e4, 00090ffe0001, a86daa6219e3, a86daa6219e7"
NAMPEWO,5CD92148ZN,Intel(R) Core(TM) i5-8350U CPU @ 1.70GHz,7.84 GB,C:\ 2.549445E11,HP EliteBook x360 1030 G3,HP,fkatiti,Unverified,"00090faa0001, a4c3f0f7a8b0, 00090ffe0001, a4c3f0f7a8af"
NAMUGABWEB-KLA,YX0B8K3Y,Intel(R) Core(TM) Ultra 7 155U,15.43 GB,"C:\ 5.088949E11, D:\ 5.129256E11",83DJ,LENOVO,bnamugabwe,Critical,"00090ffe0001, 00090faa0001, dc4546cb00c1, dc4546cb00c0, dc4546cb00c4"
NAMWANGAC-KLA,5CG7122Z5W,Intel(R) Core(TM) i5-6200U CPU @ 2.30GHz,7.88 GB,"C:\ 1.224265E11, D:\ 1.329752E11",HP EliteBook 840 G3,HP,rnankya,All good,"00090ffe0001, 3c5282496342, 14abc568ba88, 14abc568ba87, 14abc568ba8b"
NANJALAS-KLA,5CD9106V8P,Intel(R) Core(TM) i5-8250U CPU @ 1.60GHz,7.84 GB,"C:\ 1.326732E11, D:\ 1.216359E11",HP EliteBook x360 1030 G3,HP,snanjala,Unverified,"a86daa615699, aa6daa615698, 00090ffe0001, a86daa615698"
NANKYANM-KLA,YX0BDG3N,Intel(R) Core(TM) Ultra 7 155U,15.43 GB,"C:\ 5.104395E11, D:\ 5.113811E11",83DJ,LENOVO,mnankya,All good,"00090ffe0001, 6c2f80e6b0c3, 6c2f80e6b0c2"
NANTALEJ-KLA,8CG1461KKN,11th Gen Intel(R) Core(TM) i5-1135G7 @ 2.40GHz,7.77 GB,"C:\ 2.680412E11, D:\ 2.423647E11",HP Pavilion x360 Convertible 14-dy0xxx,HP,jnakato,All good,"00090ffe0001, 2811a83e7f75, 2a11a83e7f74, 2811a83e7f74"
NANZIGWA-KLA,FBST182,Intel(R) Core(TM) i7-8665U CPU @ 1.90GHz,15.74 GB,"C:\ 1.21509E11, D:\ 1.327413E11",Latitude 7400 2-in-1,Dell Inc.,ynanzingwa,All good,"60f2624aab2e, 62f2624aab2d, 00090ffe0001, 60f2624aab2d, 000000000000"
NANZIRIF-KLA,5CD9106VHJ,Intel(R) Core(TM) i5-8250U CPU @ 1.60GHz,7.37 GB,C:\ 2.550294E11,HP EliteBook x360 1030 G3,HP,fnanziri,Needs attention,"00090ffe0001, 00090faa0001, a86daa618132, a86daa618131, a86daa618135, 000000000000"
NASIRUMBIGL-KLA,5CG1492L65,11th Gen Intel(R) Core(TM) i5-1145G7 @ 2.60GHz,15.73 GB,"C:\ 2.906747E11, D:\ 2.189039E11",HP EliteBook 830 G8,HP,rmuggale,Needs attention,"00090ffe0001, f47b09e52ccb, f47b09e52cca"
NBISAGE,5354-0101-3543-1471-3410-5008-76,Intel(R) Xeon(R) Silver 4114 CPU @ 2.20GHz,23.43 GB,C:\ 1.690724E11,Virtual Machine,Microsoft Corporation,No Data,Critical,00155d014d03
NIMWESIGAB-KLA,5CD9087W6Y,Intel(R) Core(TM) i5-8350U CPU @ 1.70GHz,15.84 GB,"C:\ 1.287633E11, D:\ 1.258281E11",HP EliteBook x360 1030 G3,HP,asseguya,Unverified,"00090faa0001, 207918fb6d15, 227918fb6d14, 00090ffe0001, 207918fb6d14, 207918fb6d18"
NKR21,2914-6509-5856-5829-3602-1318-80,Intel(R) Xeon(R) Silver 4110 CPU @ 2.10GHz,3.92 GB,C:\ 4.28919E11,Virtual Machine,Microsoft Corporation,No Data,Critical,00155d011315
NRB-AD,4791-3566-9628-0517-0558-8381-69,Intel(R) Xeon(R) Silver 4110 CPU @ 2.10GHz,15.67 GB,C:\ 4.28919E11,Virtual Machine,Microsoft Corporation,No Data,Critical,00155d011317
NUNDAM-KLA,5CG60447M9,Intel(R) Core(TM) i5-5300U CPU @ 2.30GHz,7.87 GB,"C:\ 2.609198E11, E:\ 2.379617E11",HP EliteBook 840 G2,Hewlett-Packard,mnunda,All good,"00090ffe0001, 00090faa0001, fc3fdbfa440f, 648099afe79b, 668099afe79a, 648099afe79e, 648099afe79a"
OBALERO-KLA,5CG61846XF,Intel(R) Core(TM) i5-6300U CPU @ 2.40GHz,7.88 GB,"C:\ 2.699161E11, D:\ 2.411725E11",HP EliteBook 840 G3,HP,robale,All good,"00090faa0001, 705a0fd6f030, 4485005fe2dc, 00090ffe0001, 4485005fe2db"
ODYW-NRB,5CD2140DYW,12th Gen Intel(R) Core(TM) i5-1240P,7.64 GB,C:\ 5.112123E11,HP ProBook 450 15.6 inch G9 Notebook PC,HP,pwangeci,All good,"847b5745fb10, 867b5745fb0f, a8b13b933161, 00090ffe0001, 847b5745fb0f"
PKFC-CH,5CD3301VH7,13th Gen Intel(R) Core(TM) i5-1335U,15.64 GB,"C:\ 2.902754E11, D:\ 2.201999E11",HP ProBook 450 15.6 inch G10 Notebook PC,HP,chirwa,All good,"bc0ff38dab16, ce5ef831cbd7, 00090ffe0001, cc5ef831cbd7, cc5ef831cbd8"
PKFC-EDR,5CD3301VJ9,13th Gen Intel(R) Core(TM) i5-1335U,15.64 GB,"C:\ 3.532172E11, F:\ 1.572854E11",HP ProBook 450 15.6 inch G10 Notebook PC,HP,eduhirwe,All good,"ce5ef831da01, c25ef831da01, 00090ffe0001, cc5ef831da01, bc0ff38dab51"
PKFC-MGN,5CD231C3W1,11th Gen Intel(R) Core(TM) i5-1135G7 @ 2.40GHz,7.68 GB,"C:\ 3.217632E11, D:\ 1.887426E11",HP ProBook 450 G8 Notebook PC,HP,mnyirabenda,All good,"00090faa0001, 546ceb0984d7, 566ceb0984d6, 5c60babc56c2, 00090ffe0001, 12955f36dc39, 546ceb0984da"
PKFC-MHW,5CD116H48S,11th Gen Intel(R) Core(TM) i5-1135G7 @ 2.40GHz,7.68 GB,"C:\ 3.00756E11, D:\ 2.097142E11",HP ProBook 450 G8 Notebook PC,HP,mwambui,All good,"a46bb6fac739, 00090ffe0001, 86979b4f2251"
PKFC-MOO,5CD116H45L,11th Gen Intel(R) Core(TM) i5-1135G7 @ 2.40GHz,7.68 GB,"C:\ 3.004098E11, D:\ 2.097142E11",HP ProBook 450 G8 Notebook PC,HP,molande,All good,"a46bb6fbed26, 00090ffe0001, a46bb6fbed25, a46bb6fbed29, b0227ae5ee33"
PKFC-MWN,5CD116H498,11th Gen Intel(R) Core(TM) i5-1135G7 @ 2.40GHz,7.68 GB,"C:\ 4.870531E11, D:\ 2.295333E10",HP ProBook 450 G8 Notebook PC,HP,mwanjiru,Unverified,"70cf497cec2e, 72cf497cec2d, 00090ffe0001, 70cf497cec2d, 70cf497cec31, b0227ae5f0a3, 000000000000"
PKFC-RI,5CD231C2MV,11th Gen Intel(R) Core(TM) i5-1135G7 @ 2.40GHz,7.68 GB,"C:\ 2.480861E11, D:\ 2.62143E11",HP ProBook 450 G8 Notebook PC,HP,riradukunda,Needs attention,"00090faa0001, d4548ba39b8a, 00090ffe0001, d4548ba39b89, d4548ba39b8d, 5c60babc5b94"
PKFKSMAD,CZ151102TU,Intel(R) Xeon(R) CPU E3-1220 v3 @ 3.10GHz,23.84 GB,"C:\ 1.155043E11, F:\ 8.308214E11",ProLiant ML310e Gen8 v2,HP,ADMINISTRATOR,Critical,"ecb1d7f401b9, ecb1d7f401b8"
PKFMLD-JCC,1H84393845,Intel(R) Core(TM) Ultra 7 155U,7.46 GB,C:\ 5.110864E11,HP ProBook 460 16 inch G11 Notebook PC,HP,jchea,Critical,"e08f4c571b1b, e28f4c571b1a, 00090ffe0001, e08f4c571b1a, 246a0ea28692"
PKFMLD-KMMNEW,5CD2448N0Q,12th Gen Intel(R) Core(TM) i5-1235U,7.64 GB,C:\ 5.110864E11,HP ProBook 450 15.6 inch G9 Notebook PC,HP,mkufanyiza,Critical,"00090faa0001, 7c57585ca231, 12b1df542069, 00090ffe0001, 10b1df542069, 10b1df54206a"
PKFMLD-USS1,1H843937S1,Intel(R) Core(TM) Ultra 7 155U,7.46 GB,C:\ 5.112207E11,HP ProBook 460 16 inch G11 Notebook PC,HP,umsaid,Critical,"00090ffe0001, 00090faa0001, 246a0ea28527, e08f4c582321, e28f4c582320, e08f4c582320"
PKFMSA-AAS1,1H843938YZ,Intel(R) Core(TM) Ultra 7 155U,7.46 GB,C:\ 5.111242E11,HP ProBook 460 16 inch G11 Notebook PC,HP,aaliyan,All good,"00090faa0001, e08f4c5859ef, 00090ffe0001, e08f4c5859ee, 246a0ea25b75"
PKFMSA-AST,5CD124S1WX,11th Gen Intel(R) Core(TM) i5-1135G7 @ 2.40GHz,7.73 GB,C:\ 5.112207E11,HP ProBook 450 G8 Notebook PC,HP,atipu,Unverified,"00090faa0001, 14857f006d52, 489ebd2e771a, 00090ffe0001, ae50d20f191e"
PKFMSA-BMA,5CD5250HMK,Intel(R) Core(TM) Ultra 7 155U,15.46 GB,C:\ 5.112207E11,HP ProBook 460 16 inch G11 Notebook PC,HP,bhumia,Unverified,"00090faa0001, 10b6769b4c50, 9c67d6885efb, 00090ffe0001, 9c67d6885efa"
PKFMSA-BMZ,5CD2152J1C,12th Gen Intel(R) Core(TM) i5-1240P,7.64 GB,C:\ 5.110382E11,HP ProBook 450 15.6 inch G9 Notebook PC,HP,bonifacen,All good,"00090faa0001, 847b57c5b8c3, 867b57c5b8c2, 846993497ab9, 00090ffe0001, 847b57c5b8c2"
PKFMSA-CMM,5CD5250HMN,Intel(R) Core(TM) Ultra 7 155U,15.46 GB,C:\ 5.112207E11,HP ProBook 460 16 inch G11 Notebook PC,HP,cmumbi,All good,"00090faa0001, 9c67d6853320, 9e67d685331f, 00090ffe0001, 9c67d685331f, 10b6769b4c4b"
PKFMSA-COA,5CD3298F7V,13th Gen Intel(R) Core(TM) i5-1335U,7.64 GB,C:\ 5.110791E11,HP ProBook 450 15.6 inch G10 Notebook PC,HP,cadede,All good,"02410ed13017, 06410ed13017, 00090ffe0001, 00410ed13017, 00410ed13018, bc0ff38d282b"
PKFMSA-FBR0,5CD3298F7S,13th Gen Intel(R) Core(TM) i5-1335U,7.64 GB,C:\ 5.110801E11,HP ProBook 450 15.6 inch G10 Notebook PC,HP,fali,All good,"00090faa0001, bc0ff38d2828, 02410ed12ff7, 06410ed12ff7, 00090ffe0001, 00410ed12ff7"
PKFMSA-FMHNEW,5CD23506KY,12th Gen Intel(R) Core(TM) i7-1255U,7.64 GB,C:\ 5.110581E11,HP ProBook 450 15.6 inch G9 Notebook PC,HP,amers,All good,"00090ffe0001, 222b20be7061, 262b20be7061, 202b20be7061, 202b20be7062, 5c60babbbb02"
PKFMSA-FMY1,5CD2448N0K,12th Gen Intel(R) Core(TM) i5-1235U,7.64 GB,C:\ 5.110718E11,HP ProBook 450 15.6 inch G9 Notebook PC,HP,fyusuf,Unverified,"00090faa0001, 12b1df544571, 00090ffe0001, 10b1df544571, 7c57585ca22e"
PKFMSA-GKK1,5CD23506JK,12th Gen Intel(R) Core(TM) i7-1255U,7.64 GB,C:\ 5.11055E11,HP ProBook 450 15.6 inch G9 Notebook PC,HP,gkatana,All good,"00090faa0001, 222b20be862b, 262b20be862b, 00090ffe0001, 202b20be862b, 5c60babbbc21"
PKFMSA-HDM,5CD140FLSM,11th Gen Intel(R) Core(TM) i5-1135G7 @ 2.40GHz,7.68 GB,C:\ 5.110445E11,HP ProBook 450 G8 Notebook PC,HP,hannahm,All good,"00090faa0001, 0c9a3c65d95d, 0e9a3c65d95c, e070eaaa7a29, 00090ffe0001, 0c9a3c65d95c"
PKFMSA-JFA,5CD5250HN0,Intel(R) Core(TM) Ultra 7 155U,15.46 GB,C:\ 5.112207E11,HP ProBook 460 16 inch G11 Notebook PC,HP,jabdallah,Unverified,"00090faa0001, f8edfc6969c1, 9c67d682f65a, 9e67d682f659, 9c67d682f659, 00090ffe0001"
PKFMSA-JKM1,5CD3298FB7,13th Gen Intel(R) Core(TM) i5-1335U,7.64 GB,C:\ 5.109858E11,HP ProBook 450 15.6 inch G10 Notebook PC,HP,jkombo,All good,"00090faa0001, bc0ff38d264b, 02410ed11697, 06410ed11697, 00090ffe0001, 00410ed11697"
PKFMSA-JM01,5CD151FV34,11th Gen Intel(R) Core(TM) i5-1135G7 @ 2.40GHz,7.68 GB,C:\ 5.109889E11,HP ProBook 450 G8 Notebook PC,HP,jmwangome,All good,"ac74b1ad6070, ae74b1ad606f, c85acfb9f2fd, 00090ffe0001, ac74b1ad606f"
PKFMSA-JOHN2,5CD538BD5C,Intel(R) Core(TM) Ultra 7 155U,15.46 GB,C:\ 5.111106E11,HP ProBook 460 16 inch G11 Notebook PC,HP,jmacharia,Unverified,"00090faa0001, acf4665430ea, c0a810252d4a, c0a810252d49, c0a810252d4d"
PKFMSA-JOSH,5CD3298F7W,13th Gen Intel(R) Core(TM) i5-1335U,7.64 GB,C:\ 5.110392E11,HP ProBook 450 15.6 inch G10 Notebook PC,HP,adudaj,Unverified,"00090faa0001, bc0ff38d282c, 02410ed12fcb, 00090ffe0001, 00410ed12fcb"
PKFMSA-KWRNEW,1H8439382Z,Intel(R) Core(TM) Ultra 7 155U,7.46 GB,C:\ 5.110864E11,HP ProBook 460 16 inch G11 Notebook PC,HP,krashid,All good,"00090faa0001, 246a0ea284bd, e08f4c564092, e28f4c564091, 00090ffe0001, e08f4c564091, e08f4c564095"
PKFMSA-LANEW,PF5QKP7P,Intel(R) Core(TM) Ultra 7 258V,31.48 GB,C:\ 9.99315E11,21NS0014US,LENOVO,labreu,Unverified,"2a92002ee52d, 2892002ee52e, 00090ffe0001, 2892002ee52d"
PKFMSA-LBZ1,5CD3298F81,13th Gen Intel(R) Core(TM) i5-1335U,7.64 GB,C:\ 5.110801E11,HP ProBook 450 15.6 inch G10 Notebook PC,HP,lzawadi,Unverified,"00090faa0001, 02410ed111b5, 06410ed111b5, 00090ffe0001, 00410ed111b5, bc0ff38d2826"
PKFMSA-MKJ1,5CD2448MGT,12th Gen Intel(R) Core(TM) i5-1235U,7.64 GB,C:\ 5.110728E11,HP ProBook 450 15.6 inch G9 Notebook PC,HP,jmwambire,All good,"00090faa0001, 12b1df53aa33, 16b1df53aa33, 00090ffe0001, 10b1df53aa33, 7c57585ca3a2"
PKFMSA-MMM,5CD2448MHH,12th Gen Intel(R) Core(TM) i5-1235U,7.64 GB,C:\ 5.111682E11,HP ProBook 450 15.6 inch G9 Notebook PC,HP,mmunene,All good,"00090faa0001, 12b1df53aad3, 16b1df53aad3, 7c57585ca3fb, 00090ffe0001, 10b1df53aad3"
PKFMSA-MMN,5CD3298F94,13th Gen Intel(R) Core(TM) i5-1335U,7.64 GB,C:\ 5.110812E11,HP ProBook 450 15.6 inch G10 Notebook PC,HP,nuseibam,All good,"00090ffe0001, 00090faa0001, 00155d0a0900, 02410ed11179, 06410ed11179, bc0ff38d27fc, ee1c3df36d43"
PKFMSA-NNA,5CD235069S,12th Gen Intel(R) Core(TM) i7-1255U,7.64 GB,C:\ 5.110403E11,HP ProBook 450 15.6 inch G9 Notebook PC,HP,naweeda,Unverified,"00090faa0001, 222b20be4341, 00090ffe0001, 5c60babbbacd, 202b20be4341, 202b20be4342"
PKFMSA-PR01,PF3VDFFR,11th Gen Intel(R) Core(TM) i7-1185G7 @ 3.00GHz,15.7 GB,C:\ 5.097222E11,20XW00FVUS,LENOVO,No Data,Unverified,"48684aa01c8a, 4a684aa01c89, 00090ffe0001, 48684aa01c89, 48684aa01c8d"
PKFMSA-RCC1,1H843937MF,Intel(R) Core(TM) Ultra 7 155U,7.46 GB,C:\ 5.110476E11,HP ProBook 460 16 inch G11 Notebook PC,HP,ffakhruddin,All good,"00090faa0001, 246a0ea28647, e08f4c5957e6, 00090ffe0001, e08f4c5957e5"
PKFMSA-SWONEW,5CD235069R,12th Gen Intel(R) Core(TM) i7-1255U,7.64 GB,C:\ 5.110959E11,HP ProBook 450 15.6 inch G9 Notebook PC,HP,somar,All good,"00090faa0001, 222b20be4359, 262b20be4359, 00090ffe0001, 202b20be4359, 5c60babbbabe"
PKFMSA-WWN1,1H8439392K,Intel(R) Core(TM) Ultra 7 155U,7.46 GB,C:\ 5.111242E11,HP ProBook 460 16 inch G11 Notebook PC,HP,wndunge,All good,"00090faa0001, 246a0ea25d59, e08f4c5a560f, e28f4c5a560e, 00090ffe0001, e08f4c5a560e"
PKFNKR-AD,CZ1510040S,Intel(R) Xeon(R) CPU E3-1220 v3 @ 3.10GHz,23.96 GB,"C:\ 1.462795E11, D:\ 1.000015E12, E:\ 8.533133E11",ProLiant ML310e Gen8 v2,HP,No Data,Critical,"5065f3799d5d, 5065f3799d5c"
PKFRW-AD,5707-7552-1859-6493-5016-2171-95,Intel(R) Xeon(R) Silver 4210 CPU @ 2.20GHz,5.7 GB,C:\ 2.743001E11,Virtual Machine,Microsoft Corporation,No Data,Critical,00155d0ac816
PKFRW-BCKSVR,7683-7807-5137-1167-7653-3117-36,Intel(R) Xeon(R) Silver 4210 CPU @ 2.20GHz,1.99 GB,"C:\ 1.356528E12, D:\ 3.04087E12",Virtual Machine,Microsoft Corporation,No Data,Needs attention,00155d0ac805
PKFRW-CENTRAL,7955-4475-8982-4418-4471-8234-89,Intel(R) Xeon(R) Silver 4210 CPU @ 2.20GHz,14.03 GB,"C:\ 2.141035E11, D:\ 3.083784E12",Virtual Machine,Microsoft Corporation,Administrator,Critical,00155d0ac801
PKFRW-IKK,5CD231C3W8,11th Gen Intel(R) Core(TM) i5-1135G7 @ 2.40GHz,7.73 GB,"C:\ 3.210428E11, D:\ 1.887426E11",HP ProBook 450 G8 Notebook PC,HP,kian,Unverified,"546ceb098581, 00090ffe0001, 546ceb098580, 5c60babc5ab8"
PKFRW-MYQ,2735-6133-4095-5764-8417-4143-00,Intel(R) Xeon(R) Silver 4210 CPU @ 2.20GHz,5.13 GB,C:\ 2.141024E11,Virtual Machine,Microsoft Corporation,No Data,Critical,00155d0ac803
PKFRW-NBS,5CD116H471,11th Gen Intel(R) Core(TM) i5-1135G7 @ 2.40GHz,8.94 GB,"C:\ 3.845299E11, F:\ 1.258291E11",HP ProBook 450 G8 Notebook PC,HP,aumurerwa,All good,"b0227ae5ee73, a46bb6fb5fa0, a66bb6fb5f9f, 00090ffe0001, a46bb6fb5f9f"
PKFRW-PROAUDIT,6112-7794-9785-6269-0769-0066-55,Intel(R) Xeon(R) Silver 4210 CPU @ 2.20GHz,4.44 GB,"C:\ 2.141035E11, D:\ 1.932733E12",Virtual Machine,Microsoft Corporation,No Data,Critical,00155d0ac800
PKFSERVER2,JN7S322,Intel(R) Core(TM) i3-4150 CPU @ 3.50GHz,7.9 GB,"C:\ 2.494772E11, F:\ 1.939971E11, G:\ 5.001047E11, H:\ 5.605477E10",OptiPlex 7020,Dell Inc.,No Data,Critical,9890969c24bc
PKFTZ-ASK,8C3JP93,Intel(R) Core(TM) i5-10210U CPU @ 1.60GHz,7.76 GB,C:\ 2.549141E11,Latitude 3410,Dell Inc.,asaid,Unverified,"c025a5012c02, 00090faa0001, 7c5079b49e94, 00090ffe0001, 7c5079b49e93"
PKFTZ-BH,5CD312QWV5,12th Gen Intel(R) Core(TM) i7-1255U,7.64 GB,C:\ 5.105013E11,HP ProBook 450 15.6 inch G9 Notebook PC,HP,bhamis,Critical,"00090faa0001, e073e72e61ea, 12683882332e, 00090ffe0001, 10683882332e, 10683882332f"
PKFTZ-BJH,5CD4389JMY,13th Gen Intel(R) Core(TM) i7-1355U,15.64 GB,C:\ 5.110959E11,HP ProBook 450 15.6 inch G10 Notebook PC,HP,bhaule,All good,"00090faa0001, fa6dccac2574, 00090ffe0001, f86dccac2574, 246a0eddc38c"
PKFTZ-BMK,1H8434105V,Intel(R) Core(TM) Ultra 7 155U,7.46 GB,C:\ 5.111064E11,HP ProBook 460 16 inch G11 Notebook PC,HP,bmukwanja,Needs attention,"00090faa0001, 0a0027000007, 985f41573f29, 9a5f41573f28, 00090ffe0001, 985f41573f28, 246a0e9f439f"
PKFTZ-DRM,5CD2317FVL,12th Gen Intel(R) Core(TM) i7-1255U,7.67 GB,C:\ 5.110739E11,HP ProBook 450 15.6 inch G9 Notebook PC,HP,dmmasi,All good,"222b2083ae25, 262b2083ae25, 00090ffe0001, 5c60bab9a9fd, 202b2083ae25"
PKFTZ-GNX,5CD4385ZCK,13th Gen Intel(R) Core(TM) i7-1355U,15.64 GB,C:\ 5.110739E11,HP ProBook 450 15.6 inch G10 Notebook PC,HP,gnathan,Needs attention,"00090faa0001, fa6dccac0a66, fe6dccac0a66, 00090ffe0001, f86dccac0a66, 246a0ecd17c8"
PKFTZ-IHBX,5CD312QWV2,12th Gen Intel(R) Core(TM) i7-1255U,7.68 GB,C:\ 5.105055E11,HP ProBook 450 15.6 inch G9 Notebook PC,HP,iherman,All good,"00090faa0001, 126838812714, 166838812714, 00090ffe0001, 106838812714, 106838812715, e073e72e61e5"
PKFTZ-IM,5CD312QWSH,12th Gen Intel(R) Core(TM) i7-1255U,7.64 GB,C:\ 5.105213E11,HP ProBook 450 15.6 inch G9 Notebook PC,HP,imuyenjwa,All good,"00090faa0001, e073e7309341, 1268388232b6, 00090ffe0001, 1068388232b6"
PKFTZ-IRAINTERN,B0P8D63,Intel(R) Core(TM) i5-10210U CPU @ 1.60GHz,7.76 GB,"C:\ 2.00632E11, D:\ 5.368709E10",Latitude 3410,Dell Inc.,iraintern,Unverified,"b07b256d48bd, d8f883e582bb, daf883e582ba, 00090ffe0001, d8f883e582ba"
PKFTZ-JEK,45M7WG3,11th Gen Intel(R) Core(TM) i7-1165G7 @ 2.80GHz,7.74 GB,C:\ 2.544197E11,Latitude 3420,Dell Inc.,jemmanuel,All good,"00090faa0001, b4450653788d, 2c6dc1f75e05, 2e6dc1f75e04, 00090ffe0001, 5a7da6165af1"
PKFTZ-JGM,CSRTLQ2,Intel(R) Core(TM) i5-8250U CPU @ 1.60GHz,7.86 GB,C:\ 2.553838E11,Latitude 5490,Dell Inc.,jmbilinyi,All good,"e4b97a362b7a, 645d86e54f7b, 665d86e54f7a, 00090ffe0001, 645d86e54f7a, 645d86e54f7e"
PKFTZ-JNM2,5CD2317FP8,12th Gen Intel(R) Core(TM) i7-1255U,7.68 GB,C:\ 5.110959E11,HP ProBook 450 15.6 inch G9 Notebook PC,HP,jmlekana,All good,"00090faa0001, 222b20842365, 5c60bab9a98d, 00090ffe0001, 202b20842365, 202b20842366"
PKFTZ-JNX,5CD2317FR1,12th Gen Intel(R) Core(TM) i7-1255U,7.67 GB,"C:\ 5.041994E11, D:\ 5.35806E8",HP ProBook 450 15.6 inch G9 Notebook PC,HP,jnyanda,All good,"00090faa0001, 222b2083a3e3, 262b2083a3e3, 00090ffe0001, 202b2083a3e3, 202b2083a3e4, 5c60bab9ac7e"
PKFTZ-JPSX,GVHFS93,11th Gen Intel(R) Core(TM) i5-1135G7 @ 2.40GHz,7.74 GB,C:\ 5.114325E11,Latitude 3420,Dell Inc.,jshewiyo,Critical,"00090faa0001, 8045ddada684, 8245ddada683, 00090ffe0001, f6a4d88e742e, 8045ddada687, c025a5292432"
PKFTZ-KJCX,5CD2317FRZ,12th Gen Intel(R) Core(TM) i7-1255U,7.64 GB,C:\ 5.110959E11,HP ProBook 450 15.6 inch G9 Notebook PC,HP,kjackson,All good,"00090faa0001, 5c60bab9ac5b, 222b20839c93, 262b20839c93, 00090ffe0001, 202b20839c93, 202b20839c94"
PKFTZ-MAK,GVC37Y2,Intel(R) Core(TM) i5-8250U CPU @ 1.60GHz,7.86 GB,C:\ 2.543494E11,Latitude 5490,Dell Inc.,mkulava,Critical,"00090faa0001, 8c04ba2d7e89, 24ee9ab78bea, 00090ffe0001, cac8c541fbbf"
PKFTZ-MC,6QGHZK3,11th Gen Intel(R) Core(TM) i5-1135G7 @ 2.40GHz,7.73 GB,C:\ 5.105621E11,Vostro 3400,Dell Inc.,mchristian,Unverified,"00090faa0001, 9843fad2809e, 9a43fad2809d, 00090ffe0001, 9843fad2809d, b445068e683c"
PKFTZ-MHHX,5CD4385ZCT,13th Gen Intel(R) Core(TM) i7-1355U,15.64 GB,C:\ 5.110739E11,HP ProBook 450 15.6 inch G10 Notebook PC,HP,mhussein,All good,"00090faa0001, fa6dccac0bbe, fe6dccac0bbe, 00090ffe0001, f86dccac0bbe, f86dccac0bbf, 246a0ecd17be"
PKFTZ-MKG,G4HS6G3,11th Gen Intel(R) Core(TM) i7-1165G7 @ 2.80GHz,7.72 GB,C:\ 4.939286E11,XPS 13 9305,Dell Inc.,mgulamhussein,Unverified,"00090faa0001, b06088afc883, b26088afc882, 00090ffe0001, b06088afc882"
PKFTZ-NBN,DN21NQ2,Intel(R) Core(TM) i5-8250U CPU @ 1.60GHz,7.86 GB,C:\ 2.543577E11,Latitude 5490,Dell Inc.,nnyambarya,All good,"00090faa0001, e4b97a3de173, b46921274c3d, b66921274c3c, 00090ffe0001, b46921274c3c"
PKFTZ-NFM,GL23FH2,Intel(R) Core(TM) i7-8650U CPU @ 1.90GHz,7.86 GB,C:\ 4.78439E11,Latitude 5490,Dell Inc.,nmushi,Unverified,"00090faa0001, e4b97a257a3b, 165afc49e699, 265afc49e699, 00090ffe0001, 00090ffe0001, 145afc49e699, 145afc49e69a"
PKFTZ-OFN,5CD433CG7K,Intel(R) Core(TM) Ultra 7 155U,15.46 GB,C:\ 5.11078E11,HP ProBook 440 14 inch G11 Notebook PC,HP,ofelician,All good,"00090ffe0001, 00090faa0001, 98bd80c002de, 9abd80c002dd, 98bd80c002dd, 98bd80c002e1, 246a0ec5fec5"
PKFTZ-POH2,5CD312QWTY,12th Gen Intel(R) Core(TM) i7-1255U,7.64 GB,C:\ 5.105244E11,HP ProBook 450 15.6 inch G9 Notebook PC,HP,phagite,All good,"126838812712, 166838812712, 00090ffe0001, 106838812712, e073e72e620b"
PKFTZ-RNMX,5CD452CDB2,13th Gen Intel(R) Core(TM) i7-1355U,15.64 GB,C:\ 5.108872E11,HP ProBook 440 14 inch G10 Notebook PC,HP,rnassib,All good,"00090faa0001, 2a2e89d30080, 2e2e89d30080, 00090ffe0001, 282e89d30080, 282e89d30081, 48ea629433b3"
PKFTZ-TINT3,HQ71YT2,Intel(R) Core(TM) i5-8250U CPU @ 1.60GHz,7.86 GB,C:\ 2.541379E11,Latitude 5490,Dell Inc.,djohn,Unverified,"00090faa0001, c8f750595742, 04ea561a0c80, 00090ffe0001, 7280d4171bfa"
PKFTZ-VMFX,HRPK6Y2,Intel(R) Core(TM) i5-8250U CPU @ 1.60GHz,7.86 GB,C:\ 2.54406E11,Latitude 5490,Dell Inc.,vmkama,Needs attention,"00090faa0001, 8c04ba2d7c99, 24ee9a864eea, 00090ffe0001, 24ee9a864ee9"
PKFTZ-VPX,CBSR353,Intel(R) Core(TM) i7-10610U CPU @ 1.80GHz,7.60 GB,C:\ 5.108956E11,Latitude 5410,Dell Inc.,vpatrick,All good,"747827835822, 00090faa0001, 502f9bc370b8, 522f9bc370b7, 00090ffe0001, 502f9bc370b7, 502f9bc370bb"
PKFTZ-WRB,HZ7HFH2,Intel(R) Core(TM) i5-7200U CPU @ 2.50GHz,7.88 GB,"C:\ 2.160046E11, D:\ 3.937822E10",Latitude 5480,Dell Inc.,wbalemwa,All good,"00090faa0001, a44cc8272c82, 5613799a2dcd, 6613799a2dcd, 00090ffe0001, 5413799a2dcd, 5413799a2dce"
PKX1C,PF240K6A,Intel(R) Core(TM) i7-10610U CPU @ 1.80GHz,15.76 GB,C:\ 1.02287E12,20U9005KUS,LENOVO,pkuria,Unverified,"8c8caaf95c7c, f85ea02b39c4, fa5ea02b39c3, 00090ffe0001, f85ea02b39c3, f85ea02b39c7"
PMBABAZI-KLA,5CG1492L6J,11th Gen Intel(R) Core(TM) i5-1145G7 @ 2.60GHz,15.73 GB,"C:\ 2.559312E11, F:\ 2.547421E11",HP EliteBook 830 G8,HP,pmbabazi,Redeployment required,"00090faa0001, f47b09e51ec5, f67b09e51ec4, 00090ffe0001, f47b09e51ec4"
PROSERVER1,CZ29150LFB,Intel(R) Xeon(R) Silver 4110 CPU @ 2.10GHz,63.65 GB,"C:\ 6.019099E11, D:\ 5.976873E11, G:\ 5.393917E11, H:\ 6.602212E11",ProLiant DL380 Gen10,HPE,Administrator,Critical,"08f1ea961941, 08f1ea961942, 08f1ea961940, 08f1ea961943, 08f1ea961943"
QUICKBOOKS,8803-0577-6176-2235-6166-3941-15,Intel(R) Xeon(R) CPU E5-2620 0 @ 2.00GHz,7.99 GB,C:\ 2.742921E11,Virtual Machine,Microsoft Corporation,Administrator,All good,"00155d05d806, 000000000000"
RECEPTION5TH-KL,9D6Q7N2,Intel(R) Core(TM) i5-6500 CPU @ 3.20GHz,7.86 GB,"C:\ 2.384535E11, D:\ 2.726287E11",OptiPlex 7050,Dell Inc.,smusa,All good,d89ef3286084
RECEPTION6TH-KL,9DNK7N2,Intel(R) Core(TM) i5-6500 CPU @ 3.20GHz,7.86 GB,"C:\ 2.384535E11, D:\ 2.726287E11",OptiPlex 7050,Dell Inc.,okyakuhaire,All good,d89ef3253e1c
RWVR-NRB,PF4WRWVR,13th Gen Intel(R) Core(TM) i7-1355U,15.68 GB,C:\ 5.097222E11,21HD008DUE,LENOVO,nmathenge,Unverified,"c4c6e63549b4, d4f32dd0737b, d6f32dd0737a, 00090ffe0001, d4f32dd0737a, d4f32dd0737e"
S1Q3-NRB,5CD124S1Q3,11th Gen Intel(R) Core(TM) i5-1135G7 @ 2.40GHz,15.68 GB,C:\ 5.112123E11,HP ProBook 450 G8 Notebook PC,HP,dmichino,All good,"ec63d7ffef39, ee63d7ffef38, 00090ffe0001, ec63d7ffef38, 489ebd2e772b"
S1VX,5CD124S1VX,11th Gen Intel(R) Core(TM) i5-1135G7 @ 2.40GHz,7.68 GB,C:\ 5.119872E11,HP ProBook 450 G8 Notebook PC,HP,bchesire,Critical,"489ebd2e7953, ec63d7fbaf19, ee63d7fbaf18, 00090ffe0001, ec63d7fbaf18"
S1X4,5CD124S1X4,11th Gen Intel(R) Core(TM) i5-1135G7 @ 2.40GHz,7.68 GB,C:\ 5.115153E11,HP ProBook 450 G8 Notebook PC,HP,dkavulani,All good,"00090faa0001, 489ebd2e7713, ec63d7fe15dd, 00090ffe0001, ec63d7fe15dc, ec63d7fe15e0"
SEGUYAM-KLA,YX0C86WT,Intel(R) Core(TM) Ultra 7 155U,15.43 GB,"C:\ 5.105286E11, D:\ 5.11292E11",83DJ,LENOVO,mseguya,Critical,"68c6ac4b48ea, 6ac6ac4b48e9, 00090ffe0001, 68c6ac4b48e9, 000000000000"
SEJUTTAAL-KLA,5CG1492L6H,11th Gen Intel(R) Core(TM) i5-1145G7 @ 2.60GHz,15.73 GB,"C:\ 2.931535E11, D:\ 2.175198E11",HP EliteBook 830 G8,HP,asejutta,Needs attention,"00090faa0001, 00090ffe0001, f47b09e52bea, f67b09e52be9, f47b09e52be9, f47b09e52bed, 000000000000"
SERVER,CZ28290175,Intel(R) Xeon(R) Silver 4110 CPU @ 2.10GHz,15.66 GB,"C:\ 2.999483E11, D:\ 2.997599E11, G:\ 2.99964E11",ProLiant DL380 Gen10,HPE,administrator,Critical,"d06726d33919, d06726d3391b, d06726d3391a, d06726d33918, d06726d33918, 000000000000, 000000000000, 000000000000, 000000000000, 000000000000"
SGITHUA,5CD124M9C4,11th Gen Intel(R) Core(TM) i5-1135G7 @ 2.40GHz,3.6 GB,C:\ 4.994497E11,HP Laptop 15-dy2xxx,HP,hvadukar,Critical,"00090faa0001, d61b81c26dc1, 00090ffe0001, d41b81c26dc1, d41b81c26dc2"
SHADIAN-KLA,2NY7663,11th Gen Intel(R) Core(TM) i7-1165G7 @ 2.80GHz,7.72 GB,C:\ 5.104701E11,Inspiron 5406 2n1,Dell Inc.,snaddumba,All good,"00090faa0001, 2cdb07c5284a, 2edb07c52849, 2cdb07c52849, 00090ffe0001, 2cdb07c5284d"
SIEMSERVER,KD9B3K9,Intel(R) Xeon(R) CPU E5-2620 0 @ 2.00GHz,103.81 GB,"C:\ 2.987938E11, D:\ 5.982325E11, I:\ 2.39904E12",System x3650 M4 : -[7915E2G]-,IBM,administrator,Critical,"6cae8b3d3c6d, 6cae8b3d3c6b, 6cae8b3d3c6c, 6cae8b3d3c6a, 6cae8b3d3c6a, 6eae8b3d3c69"
SIMBA,5QLVKQ2,Intel(R) Core(TM) i5-7500 CPU @ 3.40GHz,3.88 GB,"C:\ 1.848891E11, E:\ 3.145718E11",OptiPlex 3050,Dell Inc.,No Data,Critical,"00090faa0001, 8cec4b708bf0, 00090ffe0001"
SISYEJ-KLA,5CG9456L97,Intel(R) Core(TM) i5-8365U CPU @ 1.60GHz,7.81 GB,"C:\ 1.260074E11, D:\ 1.287442E11",HP EliteBook 830 G6,HP,psisye,All good,"00090faa0001, 0068ebdf14d9, 94e6f74221a2, 96e6f74221a1, 00090ffe0001, 94e6f74221a1"
SN2T-NRB,5CD123SN2T,11th Gen Intel(R) Core(TM) i5-1135G7 @ 2.40GHz,7.68 GB,C:\ 5.112123E11,HP ProBook 450 G8 Notebook PC,HP,vnyambura,All good,"5414f310b153, 00090ffe0001, 5414f310b152, 489ebd2b284f"
SN3M-NRB,5CD123SN3M,11th Gen Intel(R) Core(TM) i5-1135G7 @ 2.40GHz,11.68 GB,C:\ 5.111022E11,HP ProBook 450 G8 Notebook PC,HP,ushah,Unverified,"00090ffe0001, 00090faa0001, 5414f310b14e, 5614f310b14d, 5414f310b14d, 489ebd2b2761"
SOKWE,CZ222703K6,Intel(R) Xeon(R) CPU           X5690  @ 3.47GHz,31.98 GB,"C:\ 2.993884E11, D:\ 8.998963E11, E:\ 1.000202E12",ProLiant DL380 G7,HP,No Data,Critical,009c02a112fe
SSAJABID-KLA,,Intel(R) Core(TM) i7-6500U CPU @ 2.50GHz,3.89 GB,"C:\ 2.289408E11, D:\ 2.831134E11",HP ProBook 430 G3,HP,dsajjabi,Needs attention,"3c52823a6c20, 2816add7d945, 2a16add7d944, 00090ffe0001, 2816add7d944, 2816add7d948, 000000000000"
SSENDAGIREA-KLA,YX0B10JZ,Intel(R) Core(TM) Ultra 7 155U,15.43 GB,"C:\ 5.226669E11, D:\ 4.991536E11",83DJ,LENOVO,assendagire,Unverified,"00090faa0001, dc45461915aa, de45461915a9, 00090ffe0001, dc45461915a9"
SSENKAALIH-KLA,5CG61846M3,Intel(R) Core(TM) i5-6300U CPU @ 2.40GHz,7.88 GB,C:\ 5.110801E11,HP EliteBook 840 G3,HP,hssenkaali,All good,"00090ffe0001, 705a0fd58ee1, 00090faa0001, 4485005fe1a1, 4685005fe1a0, 4485005fe1a0, 000000000000"
SSENTONGOP-KLA,YX0B8JYE,Intel(R) Core(TM) Ultra 7 155U,15.43 GB,"C:\ 5.155953E11, D:\ 5.062252E11",83DJ,LENOVO,pssentongo,Critical,"dc4546c9f415, de4546c9f414, 00090ffe0001, dc4546c9f414"
SSOZIR-KLA,5CG74816B7,Intel(R) Core(TM) i5-7300U CPU @ 2.60GHz,7.87 GB,C:\ 2.554028E11,HP EliteBook 840 G4,HP,rssozzi,All good,"00090ffe0001, 00090faa0001, 80ce62214c6b, 28c63f523a38, 2ac63f523a37, b6bc434a24e9, 000000000000"
TIMS,VMware-56 4d 3a 77 9c f9 74 2e-e5 b7 93 73 d7 3a 85 cb,Intel(R) Xeon(R) CPU E5-4660 v3 @ 2.10GHz,11.99 GB,C:\ 1.098866E12,"VMware7,1","VMware, Inc.",No Data,Critical,5.06E+12
TJW-NBI,1H84261TJW,13th Gen Intel(R) Core(TM) i5-1335U,15.64 GB,"C:\ 1.602874E11, D:\ 3.502422E11",HP ProBook 450 15.6 inch G10 Notebook PC,HP,mmaria,All good,"fa6dcc643c48, fe6dcc643c48, 00090ffe0001, f86dcc643c48, f86dcc643c49, 28c5c8613827"
TKC-NBI,1H84261TKC,13th Gen Intel(R) Core(TM) i5-1335U,15.64 GB,C:\ 5.112123E11,HP ProBook 450 15.6 inch G10 Notebook PC,HP,matieno,Critical,"00090faa0001, fa6dcc643c4e, fe6dcc643c4e, 00090ffe0001, f86dcc643c4e, 28c5c861386c"
TKT-NRB,1H84261TKT,13th Gen Intel(R) Core(TM) i5-1335U,15.64 GB,C:\ 5.112123E11,HP ProBook 450 15.6 inch G10 Notebook PC,HP,mwambui,All good,"00ffee2f1277, fa6dcc642842, fe6dcc642842, f86dcc642842, 00090ffe0001, f86dcc642843, 28c5c8613886"
TLB-NBI,1H84261TLB,13th Gen Intel(R) Core(TM) i5-1335U,15.64 GB,C:\ 5.112123E11,HP ProBook 450 15.6 inch G10 Notebook PC,HP,schepngeno,Critical,"28c5c86137a9, fa6dcc644600, 00090ffe0001, 32a15bf398f2"
TTVZ,PW02TTVZ,12th Gen Intel(R) Core(TM) i7-1255U,15.70 GB,C:\ 1.021822E12,21AW001MUE,LENOVO,hndungu,All good,"00090faa0001, a080696cbd72, a280696cbd71, 00090ffe0001, a080696cbd75, a080696cbd71"
TUMUSIIMEJ-KLA,5CG2471P2C,11th Gen Intel(R) Core(TM) i7-1185G7 @ 3.00GHz,15.68 GB,"C:\ 2.17417E11, D:\ 2.936013E11",HP EliteBook 830 G8 Notebook PC,HP,jtumusiime,Needs attention,"00090faa0001, 3ce9f76fb2c0, 3ee9f76fb2bf, 00090ffe0001, 3ce9f76fb2bf"
TUSIIMEY-KLA,5CG2471PK8,11th Gen Intel(R) Core(TM) i7-1185G7 @ 3.00GHz,15.73 GB,"C:\ 2.174201E11, D:\ 2.936002E11",HP EliteBook 830 G8 Notebook PC,HP,ytusiime,All good,"00090faa0001, 3ce9f7a5532b, 00090ffe0001, 3ce9f7a5532a"
UG-AD,1162-2178-6929-5712-5197-3838-05,Intel(R) Xeon(R) Silver 4110 CPU @ 2.10GHz,9.99 GB,C:\ 3.214766E11,Virtual Machine,Microsoft Corporation,No Data,Critical,00155d05e400
UN1F-NRB,PF0Y3C53,Intel(R) Core(TM) i7-7500U CPU @ 2.70GHz,7.85 GB,C:\ 5.112123E11,20HD006EUE,LENOVO,daroka,All good,"8c16453d996c, d46d6d073204, d66d6d073203, 00090ffe0001, d46d6d073203"
UWIMANAD-KLA,5CG9233GVM,Intel(R) Core(TM) i5-8350U CPU @ 1.70GHz,7.84 GB,C:\ 5.110801E11,HP EliteBook 830 G5,HP,duwimana,All good,"80e82c9a647f, a0510be96c23, a2510be96c22, a0510be96c22"
VFKGF,5CD2140FXF,12th Gen Intel(R) Core(TM) i5-1240P,7.64 GB,C:\ 5.111158E11,HP ProBook 450 15.6 inch G9 Notebook PC,HP,kyegon,Unverified,"00090ffe0001, 846993486575, 847b5749204c, 867b5749204b, 847b5749204b, 847b5749204f"
VP6-NRB,5CD1241VP6,11th Gen Intel(R) Core(TM) i5-1135G7 @ 2.40GHz,7.68 GB,C:\ 5.110822E11,HP ProBook 450 G8 Notebook PC,HP,cchimano,Unverified,"489ebd2cd94b, 5414f3409571, 5614f3409570, 00090ffe0001, 2a4795ecfc39, 5414f3409574"
W2WQ,PF1DVXUH,Intel(R) Core(TM) i5-8265U CPU @ 1.60GHz,11.3 GB,C:\ 5.115242E11,20Q8S3CY00,LENOVO,bpokra,All good,"00090faa0001, 98fa9be7d1d3, 08719096e9da, 0a719096e9d9, 00090ffe0001, 08719096e9d9, 08719096e9dd"
W2X0NRB,PF1CLXJW,Intel(R) Core(TM) i5-8265U CPU @ 1.60GHz,11.3 GB,C:\ 4.995222E11,20Q8S36Y00,LENOVO,pnyamani,Unverified,"f875a4d0215c, d83bbfa1d0ed, 00090ffe0001, d83bbfa1d0ec, da3bbfa1d0ec"
W9237,5CD1369237,11th Gen Intel(R) Core(TM) i5-1135G7 @ 2.40GHz,7.73 GB,C:\ 5.10962E11,HP ProBook 440 G8 Notebook PC,HP,wmwangi,Critical,"00090faa0001, a864f1ecfc7b, 00090ffe0001, a864f1ecfc7a, 508140935100"
WAFULAI-KLA,FBST190,Intel(R) Core(TM) i7-8665U CPU @ 1.90GHz,15.78 GB,"C:\ 1.367259E11, D:\ 1.173755E11",Latitude 7400 2-in-1,Dell Inc.,iwafula,Redeployment required,"00090faa0001, d83bbf9f68f8, 00090ffe0001, d83bbf9f68fb, d83bbf9f68f7"
WCAQ-NRB,PF4KWCAQ,13th Gen Intel(R) Core(TM) i7-1355U,15.68 GB,C:\ 1.022987E12,21HM007KUE,LENOVO,mmburugu,All good,"00090faa0001, 687a649784b7, 6a7a649784b6, 00090ffe0001, 687a649784b6, 687a649784ba"
WD2NRB,5356-2501-0676-7962-7920-1825-01,Intel(R) Xeon(R) CPU E5-2620 v4 @ 2.10GHz,15.99 GB,C:\ 1.357875E11,Virtual Machine,Microsoft Corporation,No Data,Critical,00155d010200
WIN-MISDT8VT670,CZ2D32068R,INTEL(R) XEON(R) GOLD 6526Y,127.76 GB,"C:\ 4.799629E12, D:\ 4.798538E12, E:\ 4.800182E11",ProLiant DL380 Gen11,HPE,Administrator,Critical,"8c8474deca51, 8c8474deca50, 405b7f9827e8"
WXP,5CD120FWXP,11th Gen Intel(R) Core(TM) i5-1135G7 @ 2.40GHz,7.68 GB,C:\ 5.115153E11,HP ProBook 450 G8 Notebook PC,HP,lkariithi,All good,"b0227af0ecab, 4c796e8ca934, 00090ffe0001, 4c796e8ca933, 4c796e8ca937"
YASINMU-KLA,5CG1492LPY,11th Gen Intel(R) Core(TM) i5-1145G7 @ 2.60GHz,15.68 GB,"C:\ 2.413025E11, D:\ 2.68275E11",HP EliteBook 830 G8,HP,ymuhindi,Needs attention,"84144da26d19, 86144da26d18, 00090ffe0001, 84144da26d18, 84144da26d1c, 000000000000"
No Data,No Data,No Data,No Data,,No Data,No Data,No Data,Provisioning,
No Data,No Data,No Data,No Data,,No Data,No Data,No Data,Provisioning,
No Data,No Data,No Data,No Data,,No Data,No Data,No Data,Provisioning,
No Data,No Data,No Data,No Data,,No Data,No Data,No Data,Provisioning,
No Data,No Data,No Data,No Data,,No Data,No Data,No Data,Provisioning,
No Data,No Data,No Data,No Data,,No Data,No Data,No Data,Provisioning,
No Data,No Data,No Data,No Data,,No Data,No Data,No Data,Provisioning,
No Data,No Data,No Data,No Data,,No Data,No Data,No Data,Provisioning,
No Data,No Data,No Data,No Data,,No Data,No Data,No Data,Provisioning,
No Data,No Data,No Data,No Data,,No Data,No Data,No Data,Provisioning,
No Data,No Data,No Data,No Data,,No Data,No Data,No Data,Provisioning,
No Data,No Data,No Data,No Data,,No Data,No Data,No Data,Provisioning,
No Data,No Data,No Data,No Data,,No Data,No Data,No Data,Provisioning,
No Data,No Data,No Data,No Data,,No Data,No Data,No Data,Provisioning,
No Data,No Data,No Data,No Data,,No Data,No Data,No Data,Provisioning,
No Data,No Data,No Data,No Data,,No Data,No Data,No Data,Provisioning,
No Data,No Data,No Data,No Data,,No Data,No Data,No Data,Provisioning,
No Data,No Data,No Data,No Data,,No Data,No Data,No Data,Provisioning,
No Data,No Data,No Data,No Data,,No Data,No Data,No Data,Provisioning,
No Data,No Data,No Data,No Data,,No Data,No Data,No Data,Provisioning,
No Data,No Data,No Data,No Data,,No Data,No Data,No Data,Provisioning,
No Data,No Data,No Data,No Data,,No Data,No Data,No Data,Provisioning,
No Data,No Data,No Data,No Data,,No Data,No Data,No Data,Provisioning,
No Data,No Data,No Data,No Data,,No Data,No Data,No Data,Provisioning,
No Data,No Data,No Data,No Data,,No Data,No Data,No Data,Provisioning,
No Data,No Data,No Data,No Data,,No Data,No Data,No Data,Provisioning,
No Data,No Data,No Data,No Data,,No Data,No Data,No Data,Provisioning,
No Data,No Data,No Data,No Data,,No Data,No Data,No Data,Provisioning,
No Data,No Data,No Data,No Data,,No Data,No Data,No Data,Provisioning,
No Data,No Data,No Data,No Data,,No Data,No Data,No Data,Provisioning,
No Data,No Data,No Data,No Data,,No Data,No Data,No Data,Provisioning,
No Data,No Data,No Data,No Data,,No Data,No Data,No Data,Provisioning,
No Data,No Data,No Data,No Data,,No Data,No Data,No Data,Provisioning,
No Data,No Data,No Data,No Data,,No Data,No Data,No Data,Provisioning,
No Data,No Data,No Data,No Data,,No Data,No Data,No Data,Provisioning,
No Data,No Data,No Data,No Data,,No Data,No Data,No Data,Provisioning,
No Data,No Data,No Data,No Data,,No Data,No Data,No Data,Provisioning,
No Data,No Data,No Data,No Data,,No Data,No Data,No Data,Provisioning,
No Data,No Data,No Data,No Data,,No Data,No Data,No Data,Provisioning,
No Data,No Data,No Data,No Data,,No Data,No Data,No Data,Provisioning,
No Data,No Data,No Data,No Data,,No Data,No Data,No Data,Provisioning,
No Data,No Data,No Data,No Data,,No Data,No Data,No Data,Provisioning,
